ID,S,st,r,ar,ma,v,ls,fl,slday,fm,Return,Ann.Ret,MaxDD,Calmar,Sharpe,Volatility,WinRate,Trades,AvgHoldDays,Turnover
round2_fine_tuning_S0-10_arT-1_flT-.95_fmF-F-T_lsT-.97_maF-20_rF-.4_sldayT-3_124775,"[0, 10]",-,-,✓,-,2,✓,✓,✓,F/F/T,59.6%,315.7%,21.0%,15.02,5.82,53.6%,53.2%,47,2.6,0.58
round2_fine_tuning_S0-10_arT-1_flT-.95_fmF-F-T_lsT-.97_maF-20_rT-.3_sldayT-3_23c47a,"[0, 10]",-,0.3,✓,-,2,✓,✓,✓,F/F/T,59.6%,315.7%,21.0%,15.02,5.82,53.6%,53.2%,47,2.6,0.58
round2_fine_tuning_S0-10_arT-1_flT-.95_fmF-F-T_lsT-.97_maF-20_rF-.4_sldayT-3_8be81a,"[0, 10]",-,-,✓,-,1.5,✓,✓,✓,F/F/T,59.6%,315.7%,21.0%,15.02,5.82,53.6%,53.2%,47,2.6,0.58
round2_fine_tuning_S0-10_arT-1_flT-.95_fmF-F-T_lsT-.97_maF-20_rT-.3_sldayT-3_ac9e6b,"[0, 10]",-,0.3,✓,-,1.5,✓,✓,✓,F/F/T,59.6%,315.7%,21.0%,15.02,5.82,53.6%,53.2%,47,2.6,0.58
round2b_fine_tuning_S0-10_arF-1_flT-.95_fmF-F-T_lsT-.97_maF-20_rF-.4_sldayT-3_a3eaf1,"[0, 10]",-,-,-,-,1.5,✓,✓,✓,F/F/T,57.0%,295.3%,22.3%,13.25,5.39,54.1%,52.1%,48,2.5,0.60
round2b_fine_tuning_S0-10_arF-1_flT-.95_fmF-F-T_lsT-.97_maF-20_rF-.4_sldayT-3_01387a,"[0, 10]",-,-,-,-,2,✓,✓,✓,F/F/T,57.0%,295.3%,22.3%,13.25,5.39,54.1%,52.1%,48,2.5,0.60
round2b_fine_tuning_S0-10_arF-1_flT-.95_fmF-F-T_lsT-.97_maF-20_rT-.4_sldayT-3_f8cf23,"[0, 10]",-,0.4,-,-,2,✓,✓,✓,F/F/T,55.5%,283.8%,23.1%,12.31,5.19,53.9%,50.0%,48,2.5,0.60
round2_fine_tuning_S0-10_arT-1_flT-.95_fmF-F-T_lsT-.97_maF-20_rF-.4_sldayT-3_255a8d,"[0, 10]",-,-,✓,-,-,✓,✓,✓,F/F/T,50.9%,250.5%,21.0%,11.92,4.38,56.3%,51.1%,45,2.6,0.56
round2_fine_tuning_S0-10_arT-1_flT-.95_fmF-F-T_lsT-.97_maF-20_rT-.5_sldayT-3_e9963a,"[0, 10]",-,0.5,✓,-,1.5,✓,✓,✓,F/F/T,48.5%,233.9%,18.5%,12.65,4.35,52.9%,52.2%,46,2.6,0.57
round2_fine_tuning_S0-10_arT-1_flT-.95_fmF-F-T_lsT-.97_maF-20_rT-.4_sldayT-3_712b4a,"[0, 10]",-,0.4,✓,-,1.2,✓,✓,✓,F/F/T,47.5%,226.9%,19.7%,11.50,4.30,51.9%,51.1%,45,2.6,0.56
round2_fine_tuning_S0-10_arT-1_flT-.95_fmF-F-T_lsT-.97_maF-20_rT-.3_sldayT-3_4f3ebb,"[0, 10]",-,0.3,✓,-,1.2,✓,✓,✓,F/F/T,45.1%,211.1%,21.0%,10.04,3.98,52.0%,51.1%,45,2.6,0.56
round2b_fine_tuning_S0-10_arF-1_flT-.95_fmF-F-T_lsT-.97_maF-20_rT-.6_sldayT-3_419b2e,"[0, 10]",-,0.6,-,-,1.5,✓,✓,✓,F/F/T,44.0%,204.1%,16.3%,12.53,4.01,49.9%,51.1%,47,2.5,0.58
round2_fine_tuning_S0-10_arT-1_flT-.95_fmF-F-T_lsT-.97_maF-20_rT-.6_sldayT-3_b1788a,"[0, 10]",-,0.6,✓,-,2,✓,✓,✓,F/F/T,43.9%,203.4%,16.3%,12.50,3.99,49.9%,51.1%,47,2.6,0.58
round2b_fine_tuning_S0-10_arF-1_flT-.95_fmF-F-T_lsT-.97_maF-20_rT-.5_sldayT-3_bbe7c6,"[0, 10]",-,0.5,-,-,1.5,✓,✓,✓,F/F/T,43.8%,202.5%,21.1%,9.61,3.72,53.3%,51.1%,47,2.5,0.58
round2_fine_tuning_S0-10_arT-1_flT-.95_fmF-F-T_lsT-.97_maF-20_rT-.3_sldayT-3_194335,"[0, 10]",-,0.3,✓,-,1,✓,✓,✓,F/F/T,43.7%,201.8%,21.0%,9.61,3.80,52.0%,50.0%,46,2.6,0.57
round2b_fine_tuning_S0-10_arF-1_flT-.95_fmF-F-T_lsT-.97_maF-20_rF-.4_sldayT-3_4abbad,"[0, 10]",-,-,-,-,1.2,✓,✓,✓,F/F/T,42.8%,196.1%,22.3%,8.80,3.66,52.5%,50.0%,46,2.5,0.57
round2b_fine_tuning_S0-10_arF-1_flT-.95_fmF-F-T_lsT-.97_maF-20_rF-.4_sldayT-3_2e581f,"[0, 10]",-,-,-,-,1,✓,✓,✓,F/F/T,41.3%,187.2%,22.3%,8.40,3.49,52.5%,48.9%,47,2.5,0.58
round2_fine_tuning_S0-10_arT-1_flT-.95_fmF-F-T_lsT-.97_maF-20_rT-.5_sldayT-3_86512d,"[0, 10]",-,0.5,✓,-,-,✓,✓,✓,F/F/T,40.5%,181.9%,18.5%,9.84,3.20,55.6%,50.0%,44,2.6,0.55
round2b_fine_tuning_S0-10_arF-1_flT-.95_fmF-F-T_lsT-.97_maF-20_rT-.4_sldayT-3_0f97a1,"[0, 10]",-,0.4,-,-,1,✓,✓,✓,F/F/T,40.0%,178.9%,23.0%,7.76,3.34,52.4%,46.8%,47,2.5,0.58
round2b_fine_tuning_S0-10_arF-1_flT-.95_fmF-F-T_lsT-.97_maF-20_rT-.6_sldayT-3_4cc021,"[0, 10]",-,0.6,-,-,-,✓,✓,✓,F/F/T,36.3%,156.8%,16.3%,9.64,2.89,52.8%,48.9%,45,2.5,0.56
round2_fine_tuning_S0-8_arT-1_flT-.95_fmF-F-T_lsT-.97_maF-20_rT-.4_sldayT-3__bf7df2,"[0, 8]",-,0.4,✓,-,1.5,✓,✓,✓,F/F/T,35.5%,152.7%,21.4%,7.12,2.99,49.8%,55.1%,49,2.5,0.60
round2_fine_tuning_S0-8_arT-1_flT-.95_fmF-F-T_lsT-.97_maF-20_rT-.4_sldayT-3__41fe90,"[0, 8]",-,0.4,✓,-,2,✓,✓,✓,F/F/T,35.5%,152.7%,21.4%,7.12,2.99,49.8%,55.1%,49,2.5,0.60
round2_fine_tuning_S0-8_arT-1_flT-.95_fmF-F-T_lsT-.97_maF-20_rT-.4_sldayT-3__0aebe3,"[0, 8]",-,0.4,✓,-,1.2,✓,✓,✓,F/F/T,35.5%,152.7%,21.4%,7.12,2.99,49.8%,55.1%,49,2.5,0.60
round2_fine_tuning_S0-8_arT-1_flT-.95_fmF-F-T_lsT-.97_maF-20_rT-.4_sldayT-3__6690ef,"[0, 8]",-,0.4,✓,-,1,✓,✓,✓,F/F/T,35.1%,150.2%,21.4%,7.01,2.90,50.5%,54.2%,48,2.4,0.59
round2_fine_tuning_S0-10_arT-1_flT-.95_fmF-F-T_lsT-.97_maF-20_rT-.5_sldayT-3_4f3e5b,"[0, 10]",-,0.5,✓,-,1,✓,✓,✓,F/F/T,33.7%,142.5%,18.5%,7.71,2.70,51.2%,48.9%,45,2.6,0.56
round2_fine_tuning_S0-8_arT-1_flT-.95_fmF-F-T_lsT-.97_maF-20_rT-.3_sldayT-3__9c2527,"[0, 8]",-,0.3,✓,-,2,✓,✓,✓,F/F/T,33.3%,140.5%,22.7%,6.18,2.73,50.0%,55.1%,49,2.5,0.60
round2_fine_tuning_S0-8_arT-1_flT-.95_fmF-F-T_lsT-.97_maF-20_rF-.4_sldayT-3__e16846,"[0, 8]",-,-,✓,-,1.2,✓,✓,✓,F/F/T,33.3%,140.5%,22.7%,6.18,2.73,50.0%,55.1%,49,2.5,0.60
round2_fine_tuning_S0-8_arT-1_flT-.95_fmF-F-T_lsT-.97_maF-20_rT-.3_sldayT-3__68e1fa,"[0, 8]",-,0.3,✓,-,1.5,✓,✓,✓,F/F/T,33.3%,140.5%,22.7%,6.18,2.73,50.0%,55.1%,49,2.5,0.60
round2_fine_tuning_S0-8_arT-1_flT-.95_fmF-F-T_lsT-.97_maF-20_rT-.3_sldayT-3__2c94ec,"[0, 8]",-,0.3,✓,-,1.2,✓,✓,✓,F/F/T,33.3%,140.5%,22.7%,6.18,2.73,50.0%,55.1%,49,2.5,0.60
round2_fine_tuning_S0-8_arT-1_flT-.95_fmF-F-T_lsT-.97_maF-20_rF-.4_sldayT-3__0a7eb6,"[0, 8]",-,-,✓,-,1.5,✓,✓,✓,F/F/T,33.3%,140.5%,22.7%,6.18,2.73,50.0%,55.1%,49,2.5,0.60
round2_fine_tuning_S0-8_arT-1_flT-.95_fmF-F-T_lsT-.97_maF-20_rT-.4_sldayT-3__970f2f,"[0, 8]",-,0.4,✓,-,-,✓,✓,✓,F/F/T,33.1%,139.0%,20.5%,6.79,2.65,51.0%,55.1%,49,2.6,0.60
round2_fine_tuning_S0-8_arT-1_flT-.95_fmF-F-T_lsT-.97_maF-20_rT-.3_sldayT-3__ae8c83,"[0, 8]",-,0.3,✓,-,1,✓,✓,✓,F/F/T,32.9%,138.2%,22.7%,6.09,2.65,50.6%,54.2%,48,2.4,0.59
round1c_close_Ashare_S0-5_arT-1_flT-.95_fmT-F-T_lsT-.97_maF-20_rF-.4_sldayT-3__c96042,"[0, 5]",✓,-,✓,-,-,✓,✓,✓,T/F/T,32.5%,135.9%,12.6%,10.76,3.38,39.0%,54.3%,35,3.9,0.44
round1c_close_Ashare_S0-5_arT-1_flT-.95_fmT-F-T_lsT-.97_maT-20_rF-.4_sldayT-3__917a78,"[0, 5]",✓,-,✓,✓,-,✓,✓,✓,T/F/T,32.5%,135.9%,12.6%,10.76,3.38,39.0%,54.3%,35,3.9,0.44
round2b_fine_tuning_S0-8_arF-1_flT-.95_fmF-F-T_lsT-.97_maF-20_rF-.4_sldayT-3__acfbd7,"[0, 8]",-,-,-,-,1.5,✓,✓,✓,F/F/T,31.1%,128.6%,24.0%,5.37,2.47,50.4%,54.0%,50,2.5,0.61
round2b_fine_tuning_S0-10_arF-1_flT-.95_fmF-F-T_lsT-.97_maF-20_rT-.6_sldayT-3_fb102e,"[0, 10]",-,0.6,-,-,1.2,✓,✓,✓,F/F/T,31.0%,127.6%,16.3%,7.84,2.57,48.2%,48.9%,45,2.5,0.56
round2_fine_tuning_S0-8_arT-1_flT-.95_fmF-F-T_lsT-.97_maF-20_rT-.3_sldayT-3__f1e7a5,"[0, 8]",-,0.3,✓,-,-,✓,✓,✓,F/F/T,30.9%,127.5%,21.7%,5.87,2.42,51.1%,55.1%,49,2.6,0.60
round2_fine_tuning_S0-8_arT-1_flT-.95_fmF-F-T_lsT-.97_maF-20_rF-.4_sldayT-3__aef31a,"[0, 8]",-,-,✓,-,-,✓,✓,✓,F/F/T,30.9%,127.5%,21.7%,5.87,2.42,51.1%,55.1%,49,2.6,0.60
round2_fine_tuning_S0-10_arT-1_flT-.95_fmF-F-T_lsT-.97_maF-20_rT-.6_sldayT-3_4273ee,"[0, 10]",-,0.6,✓,-,1.2,✓,✓,✓,F/F/T,30.9%,127.2%,16.3%,7.82,2.56,48.2%,48.9%,45,2.6,0.56
round2b_fine_tuning_S0-8_arF-1_flT-.95_fmF-F-T_lsT-.97_maF-20_rT-.3_sldayT-3__f11a89,"[0, 8]",-,0.3,-,-,1,✓,✓,✓,F/F/T,30.8%,126.6%,23.9%,5.29,2.40,51.1%,53.1%,49,2.4,0.60
round2b_fine_tuning_S0-8_arF-1_flT-.95_fmF-F-T_lsT-.97_maF-20_rT-.4_sldayT-3__949627,"[0, 8]",-,0.4,-,-,1.5,✓,✓,✓,F/F/T,29.9%,121.9%,24.7%,4.93,2.34,50.3%,52.0%,50,2.5,0.61
round2_fine_tuning_S0-10_arT-1_flT-.95_fmF-F-T_lsT-.97_maF-20_rT-.4_sldayT-3_3bc97c,"[0, 10]",-,0.4,✓,-,0.8,✓,✓,✓,F/F/T,29.9%,121.9%,17.2%,7.09,2.54,46.4%,54.3%,46,2.9,0.57
round2_fine_tuning_S0-10_arT-1_flT-.95_fmF-F-T_lsT-.97_maF-20_rT-.3_sldayT-3_d4ad52,"[0, 10]",-,0.3,✓,-,0.8,✓,✓,✓,F/F/T,29.9%,121.9%,17.2%,7.09,2.54,46.4%,54.3%,46,2.9,0.57
round2_fine_tuning_S0-10_arT-1_flT-.95_fmF-F-T_lsT-.97_maF-20_rT-.6_sldayT-3_e21c8a,"[0, 10]",-,0.6,✓,-,1,✓,✓,✓,F/F/T,29.6%,120.5%,16.3%,7.41,2.42,48.2%,47.8%,46,2.6,0.57
round2b_fine_tuning_S0-10_arF-1_flT-.95_fmF-F-T_lsT-.97_maF-20_rF-.4_sldayT-3_f5bb1b,"[0, 10]",-,-,-,-,0.8,✓,✓,✓,F/F/T,29.2%,118.2%,17.7%,6.69,2.44,46.9%,54.2%,48,2.8,0.59
round2c_Ashare_S0-5_arT-1_flT-.95_fmT-F-T_lsT-.97_maF-20_rT-.4_sldayT-3__72abd4,"[0, 5]",-,0.4,✓,-,2,✓,✓,✓,T/F/T,24.8%,96.5%,13.9%,6.95,2.20,42.1%,52.5%,40,3.9,0.49
round2c_Ashare_S0-5_arT-1_flT-.95_fmT-F-T_lsT-.97_maF-20_rT-.4_sldayT-3__697890,"[0, 5]",-,0.4,✓,-,-,✓,✓,✓,T/F/T,24.8%,96.5%,13.9%,6.95,2.20,42.1%,52.5%,40,3.9,0.49
round2b_fine_tuning_S0-10_arF-1_flT-.95_fmF-F-T_lsT-.97_maF-20_rT-.4_sldayT-3_201667,"[0, 10]",-,0.4,-,-,0.8,✓,✓,✓,F/F/T,24.5%,95.0%,20.6%,4.60,1.94,46.8%,51.1%,47,2.9,0.58
round2c_Ashare_S0-5_arT-1_flT-.95_fmT-F-T_lsT-.97_maF-20_rT-.4_sldayT-3__620f7b,"[0, 5]",-,0.4,✓,-,1.5,✓,✓,✓,T/F/T,24.1%,93.0%,13.9%,6.69,2.10,42.3%,52.4%,42,3.9,0.52
round2c_Ashare_S0-5_arT-1_flT-.95_fmT-F-T_lsT-.97_maF-20_rT-.4_sldayT-3__1c8ffd,"[0, 5]",-,0.4,✓,-,1.2,✓,✓,✓,T/F/T,24.1%,93.0%,13.9%,6.69,2.10,42.3%,52.4%,42,3.9,0.52
round2_fine_tuning_S0-8_arT-1_flT-.95_fmF-F-T_lsT-.97_maF-20_rT-.3_sldayT-3__5ad30a,"[0, 8]",-,0.3,✓,-,0.8,✓,✓,✓,F/F/T,23.7%,91.4%,17.2%,5.32,1.94,45.0%,53.1%,49,2.6,0.60
round2_fine_tuning_S0-8_arT-1_flT-.95_fmF-F-T_lsT-.97_maF-20_rF-.4_sldayT-3__023062,"[0, 8]",-,-,✓,-,0.8,✓,✓,✓,F/F/T,23.7%,91.4%,17.2%,5.32,1.94,45.0%,53.1%,49,2.6,0.60
round2_fine_tuning_S0-8_arT-1_flT-.95_fmF-F-T_lsT-.97_maF-20_rT-.4_sldayT-3__1818f8,"[0, 8]",-,0.4,✓,-,0.8,✓,✓,✓,F/F/T,23.7%,91.4%,17.2%,5.32,1.94,45.0%,53.1%,49,2.6,0.60
round2b_fine_tuning_S0-8_arF-1_flT-.95_fmF-F-T_lsT-.97_maF-20_rF-.4_sldayT-3__57022b,"[0, 8]",-,-,-,-,0.8,✓,✓,✓,F/F/T,23.0%,88.1%,17.7%,4.99,1.85,45.5%,52.9%,51,2.5,0.63
round1c_close_Ashare_S0-5_arT-1_flT-.95_fmT-F-T_lsT-.97_maF-20_rF-.4_sldayT-3__eb6bbd,"[0, 5]",-,-,✓,-,-,✓,✓,✓,T/F/T,19.5%,72.3%,13.9%,5.20,1.59,42.9%,52.4%,42,3.6,0.52
round2_fine_tuning_S0-8_arT-1_flT-.95_fmF-F-T_lsT-.97_maF-20_rT-.5_sldayT-3__36de53,"[0, 8]",-,0.5,✓,-,1.2,✓,✓,✓,F/F/T,19.0%,69.8%,20.2%,3.45,1.37,48.1%,52.1%,48,2.6,0.59
round2_fine_tuning_S0-8_arT-1_flT-.95_fmF-F-T_lsT-.97_maF-20_rT-.5_sldayT-3__69cdd4,"[0, 8]",-,0.5,✓,-,2,✓,✓,✓,F/F/T,19.0%,69.8%,20.2%,3.45,1.37,48.1%,52.1%,48,2.6,0.59
round2_fine_tuning_S0-10_arT-1_flT-.95_fmF-F-T_lsT-.97_maF-20_rT-.5_sldayT-3_69f4e1,"[0, 10]",-,0.5,✓,-,0.8,✓,✓,✓,F/F/T,18.9%,69.3%,15.9%,4.35,1.42,45.9%,53.3%,45,2.9,0.56
round2b_fine_tuning_S0-8_arF-1_flT-.95_fmF-F-T_lsT-.97_maF-20_rT-.4_sldayT-3__49c0a1,"[0, 8]",-,0.4,-,-,0.8,✓,✓,✓,F/F/T,18.6%,68.2%,20.6%,3.30,1.41,45.5%,50.0%,50,2.6,0.62
round1a_switches_S0-5_arF-1_flT-.95_fmF-F-T_lsF-.97_maF-20_rF-.4_sldayF-3__28e270,"[0, 5]",✓,-,-,-,-,-,✓,-,F/F/T,17.6%,63.8%,14.3%,4.45,1.31,45.5%,45.8%,59,2.0,0.73
round2b_fine_tuning_S0-8_arF-1_flT-.95_fmF-F-T_lsT-.97_maF-20_rT-.6_sldayT-3__881775,"[0, 8]",-,0.6,-,-,1.2,✓,✓,✓,F/F/T,17.5%,63.5%,15.6%,4.08,1.33,44.8%,51.0%,49,2.4,0.61
round2b_fine_tuning_S0-8_arF-1_flT-.95_fmF-F-T_lsT-.97_maF-20_rT-.6_sldayT-3__1afbe4,"[0, 8]",-,0.6,-,-,2,✓,✓,✓,F/F/T,17.5%,63.5%,15.6%,4.08,1.33,44.8%,51.0%,49,2.4,0.61
round1a_switches_S0-5_arT-1_flT-.95_fmF-F-T_lsF-.97_maF-20_rF-.4_sldayF-3__06cb8b,"[0, 5]",✓,-,✓,-,-,-,✓,-,F/F/T,17.5%,63.5%,14.3%,4.43,1.31,45.3%,46.4%,56,2.1,0.69
round2_fine_tuning_S0-8_arT-1_flT-.95_fmF-F-T_lsT-.97_maF-20_rT-.6_sldayT-3__30a60f,"[0, 8]",-,0.6,✓,-,1.2,✓,✓,✓,F/F/T,17.4%,63.1%,15.7%,4.03,1.32,44.8%,51.0%,49,2.5,0.61
round2_fine_tuning_S0-8_arT-1_flT-.95_fmF-F-T_lsT-.97_maF-20_rT-.6_sldayT-3__776375,"[0, 8]",-,0.6,✓,-,2,✓,✓,✓,F/F/T,17.4%,63.1%,15.7%,4.03,1.32,44.8%,51.0%,49,2.5,0.61
round1a_switches_S0-5_arF-1_flF-.95_fmF-F-T_lsF-.97_maF-20_rF-.4_sldayF-3__4d035b,"[0, 5]",✓,-,-,-,-,-,-,-,F/F/T,17.2%,62.4%,13.9%,4.49,1.28,45.5%,45.8%,59,2.0,0.73
round1a_switches_S0-5_arT-1_flF-.95_fmF-F-T_lsF-.97_maF-20_rF-.4_sldayF-3__0bd9fb,"[0, 5]",✓,-,✓,-,-,-,-,-,F/F/T,17.2%,62.0%,13.9%,4.47,1.28,45.3%,46.4%,56,2.1,0.69
round2_fine_tuning_S0-8_arT-1_flT-.95_fmF-F-T_lsT-.97_maF-20_rT-.6_sldayT-3__cfb049,"[0, 8]",-,0.6,✓,-,1,✓,✓,✓,F/F/T,17.0%,61.6%,15.6%,3.94,1.26,45.6%,50.0%,48,2.4,0.59
round1c_close_Ashare_S0-5_arT-1_flT-.95_fmT-F-T_lsT-.97_maT-20_rF-.4_sldayT-3__2953e9,"[0, 5]",-,-,✓,✓,-,✓,✓,✓,T/F/T,16.9%,61.0%,13.9%,4.39,1.32,43.3%,51.2%,41,3.7,0.50
round2_fine_tuning_S0-8_arT-1_flT-.95_fmF-F-T_lsT-.97_maF-20_rT-.5_sldayT-3__03e232,"[0, 8]",-,0.5,✓,-,-,✓,✓,✓,F/F/T,16.8%,60.6%,19.2%,3.15,1.15,49.3%,52.1%,48,2.7,0.59
round1c_close_Ashare_S0-5_arF-1_flT-.95_fmT-F-T_lsT-.97_maF-20_rF-.4_sldayT-3__a1591b,"[0, 5]",-,-,-,-,-,✓,✓,✓,T/F/T,16.8%,60.6%,14.5%,4.18,1.30,43.4%,51.2%,43,3.6,0.53
round2_fine_tuning_S0-4_arT-1_flT-.95_fmF-F-T_lsT-.97_maF-20_rT-.4_sldayT-3__97a107,"[0, 4]",-,0.4,✓,-,-,✓,✓,✓,F/F/T,16.7%,60.3%,18.4%,3.28,1.22,46.3%,50.9%,57,2.1,0.70
round2_fine_tuning_S0-6_arT-1_flT-.95_fmF-F-T_lsT-.97_maF-20_rT-.4_sldayT-3__fd14d2,"[0, 6]",-,0.4,✓,-,0.8,✓,✓,✓,F/F/T,16.7%,60.3%,17.2%,3.51,1.26,44.7%,49.2%,59,2.1,0.73
round2c_Ashare_S0-5_arT-1_flT-.95_fmT-F-T_lsT-.97_maF-20_rT-.4_sldayT-3__acf074,"[0, 5]",-,0.4,✓,-,1,✓,✓,✓,T/F/T,16.6%,59.8%,12.8%,4.68,1.36,40.9%,55.0%,40,4.1,0.49
round2b_fine_tuning_S0-8_arF-1_flT-.95_fmF-F-T_lsT-.97_maF-20_rT-.5_sldayT-3__643048,"[0, 8]",-,0.5,-,-,1.2,✓,✓,✓,F/F/T,15.2%,53.8%,22.8%,2.36,1.03,48.5%,51.0%,49,2.6,0.60
round2b_fine_tuning_S0-8_arF-1_flT-.95_fmF-F-T_lsT-.97_maF-20_rT-.5_sldayT-3__8d2f3f,"[0, 8]",-,0.5,-,-,2,✓,✓,✓,F/F/T,15.2%,53.8%,22.8%,2.36,1.03,48.5%,51.0%,49,2.6,0.60
round2b_fine_tuning_S0-10_arF-1_flT-.95_fmF-F-T_lsT-.97_maF-20_rT-.5_sldayT-3_79c06e,"[0, 10]",-,0.5,-,-,0.8,✓,✓,✓,F/F/T,15.0%,53.3%,18.6%,2.86,1.07,46.3%,52.2%,46,2.9,0.57
round2b_fine_tuning_S0-6_arF-1_flT-.95_fmF-F-T_lsT-.97_maF-20_rT-.3_sldayT-3__c0693d,"[0, 6]",-,0.3,-,-,0.8,✓,✓,✓,F/F/T,15.0%,53.0%,17.7%,3.00,1.08,45.4%,47.5%,61,2.0,0.75
round2_fine_tuning_S0-4_arT-1_flT-.95_fmF-F-T_lsT-.97_maF-20_rT-.3_sldayT-3__1206c6,"[0, 4]",-,0.3,✓,-,-,✓,✓,✓,F/F/T,14.8%,52.4%,19.7%,2.66,1.04,46.4%,50.9%,57,2.1,0.70
round2b_fine_tuning_S0-8_arF-1_flT-.95_fmF-F-T_lsT-.97_maF-20_rT-.5_sldayT-3__ed639c,"[0, 8]",-,0.5,-,-,1,✓,✓,✓,F/F/T,14.8%,52.4%,22.8%,2.30,0.98,49.2%,50.0%,48,2.5,0.59
round2_fine_tuning_S0-10_arT-1_flT-.95_fmF-F-T_lsT-.97_maF-20_rT-.6_sldayT-3_e2c2f7,"[0, 10]",-,0.6,✓,-,0.8,✓,✓,✓,F/F/T,14.2%,49.8%,16.7%,2.97,1.09,42.1%,52.2%,46,2.7,0.57
round2_fine_tuning_S0-4_arT-1_flT-.95_fmF-F-T_lsT-.97_maF-20_rT-.4_sldayT-3__a5ba7f,"[0, 4]",-,0.4,✓,-,2,✓,✓,✓,F/F/T,13.5%,47.1%,18.9%,2.49,1.00,43.3%,50.9%,57,2.1,0.70
round2_fine_tuning_S0-6_arT-1_flT-.95_fmF-F-T_lsT-.97_maF-20_rT-.4_sldayT-3__55caee,"[0, 6]",-,0.4,✓,-,2,✓,✓,✓,F/F/T,13.2%,45.7%,20.7%,2.21,0.84,50.0%,48.2%,56,2.2,0.69
round2_fine_tuning_S0-6_arT-1_flT-.95_fmF-F-T_lsT-.97_maF-20_rT-.4_sldayT-3__62150b,"[0, 6]",-,0.4,✓,-,-,✓,✓,✓,F/F/T,13.2%,45.7%,20.7%,2.21,0.84,50.0%,48.2%,56,2.2,0.69
round2b_fine_tuning_S0-8_arF-1_flT-.95_fmF-F-T_lsT-.97_maF-20_rT-.5_sldayT-3__6fffd7,"[0, 8]",-,0.5,-,-,-,✓,✓,✓,F/F/T,13.1%,45.5%,21.8%,2.09,0.84,49.6%,51.0%,49,2.7,0.60
round2c_Ashare_S0-5_arT-1_flT-.95_fmT-F-T_lsT-.97_maF-20_rT-.4_sldayT-3__3e0da5,"[0, 5]",-,0.4,✓,-,0.8,✓,✓,✓,T/F/T,13.0%,45.3%,11.3%,4.02,1.08,38.2%,47.7%,44,3.7,0.54
round2b_fine_tuning_S0-4_arF-1_flT-.95_fmF-F-T_lsT-.97_maF-20_rF-.4_sldayT-3__cae519,"[0, 4]",-,-,-,-,-,✓,✓,✓,F/F/T,13.0%,45.2%,21.0%,2.15,0.88,46.8%,50.0%,58,2.1,0.71
round2_fine_tuning_S0-4_arT-1_flT-.95_fmF-F-T_lsT-.97_maF-20_rT-.3_sldayT-3__1118fa,"[0, 4]",-,0.3,✓,-,2,✓,✓,✓,F/F/T,11.7%,40.0%,20.2%,1.98,0.83,43.4%,50.9%,57,2.1,0.70
round2_fine_tuning_S0-6_arT-1_flT-.95_fmF-F-T_lsT-.97_maF-20_rF-.4_sldayT-3__3ae763,"[0, 6]",-,-,✓,-,-,✓,✓,✓,F/F/T,11.4%,38.8%,21.9%,1.77,0.69,50.1%,48.2%,56,2.2,0.69
round2_fine_tuning_S0-8_arT-1_flT-.95_fmF-F-T_lsT-.97_maF-20_rT-.5_sldayT-3__7a8d1d,"[0, 8]",-,0.5,✓,-,0.8,✓,✓,✓,F/F/T,11.1%,37.8%,15.9%,2.38,0.77,44.1%,50.0%,48,2.7,0.59
round2_fine_tuning_S0-4_arT-1_flT-.95_fmF-F-T_lsT-.97_maF-20_rT-.5_sldayT-3__6cd7e5,"[0, 4]",-,0.5,✓,-,-,✓,✓,✓,F/F/T,10.0%,33.8%,17.1%,1.97,0.65,46.0%,51.8%,56,2.1,0.69
round2_fine_tuning_S0-6_arT-1_flT-.95_fmF-F-T_lsT-.97_maF-20_rF-.4_sldayT-3__a2a5a2,"[0, 6]",-,-,✓,-,1.5,✓,✓,✓,F/F/T,10.0%,33.6%,21.9%,1.53,0.59,49.8%,47.3%,55,2.2,0.68
round2_fine_tuning_S0-6_arT-1_flT-.95_fmF-F-T_lsT-.97_maF-20_rT-.3_sldayT-3__16b2bb,"[0, 6]",-,0.3,✓,-,1.5,✓,✓,✓,F/F/T,10.0%,33.6%,21.9%,1.53,0.59,49.8%,47.3%,55,2.2,0.68
round2b_fine_tuning_S0-4_arF-1_flT-.95_fmF-F-T_lsT-.97_maF-20_rT-.3_sldayT-3__6159f0,"[0, 4]",-,0.3,-,-,2,✓,✓,✓,F/F/T,9.9%,33.2%,21.5%,1.55,0.67,43.9%,50.0%,58,2.1,0.71
round2b_fine_tuning_S0-4_arF-1_flT-.95_fmF-F-T_lsT-.97_maF-20_rF-.4_sldayT-3__2f3744,"[0, 4]",-,-,-,-,2,✓,✓,✓,F/F/T,9.9%,33.2%,21.5%,1.55,0.67,43.9%,50.0%,58,2.1,0.71
round2_fine_tuning_S0-8_arT-1_flT-.95_fmF-F-T_lsT-.97_maF-20_rT-.6_sldayT-3__a3370c,"[0, 8]",-,0.6,✓,-,0.8,✓,✓,✓,F/F/T,9.6%,32.3%,14.6%,2.21,0.70,40.5%,49.0%,49,2.5,0.61
round2b_fine_tuning_S0-6_arF-1_flT-.95_fmF-F-T_lsT-.97_maF-20_rF-.4_sldayT-3__28be88,"[0, 6]",-,-,-,-,2,✓,✓,✓,F/F/T,9.6%,32.1%,23.2%,1.38,0.55,50.6%,47.4%,57,2.2,0.70
round2b_fine_tuning_S0-6_arF-1_flT-.95_fmF-F-T_lsT-.97_maF-20_rF-.4_sldayT-3__3069c8,"[0, 6]",-,-,-,-,1.5,✓,✓,✓,F/F/T,8.2%,27.3%,23.2%,1.18,0.46,50.2%,46.4%,56,2.2,0.69
round1a_switches_S0-5_arF-1_flF-.95_fmF-F-T_lsT-.97_maF-20_rF-.4_sldayF-3__9f8427,"[0, 5]",✓,-,-,-,-,✓,-,-,F/F/T,7.5%,24.8%,16.8%,1.47,0.48,43.6%,48.2%,56,2.2,0.69
round1a_switches_S0-5_arT-1_flF-.95_fmF-F-T_lsT-.97_maT-20_rF-.4_sldayF-3__28b1bc,"[0, 5]",✓,-,✓,✓,-,✓,-,-,F/F/T,7.5%,24.5%,16.9%,1.45,0.47,43.4%,49.1%,53,2.3,0.65
round1a_switches_S0-5_arT-1_flF-.95_fmF-F-T_lsT-.97_maF-20_rF-.4_sldayF-3__76fb2a,"[0, 5]",✓,-,✓,-,-,✓,-,-,F/F/T,7.5%,24.5%,16.9%,1.45,0.47,43.4%,49.1%,53,2.3,0.65
round2b_fine_tuning_S0-6_arF-1_flT-.95_fmF-F-T_lsT-.97_maF-20_rT-.4_sldayT-3__88267d,"[0, 6]",-,0.4,-,-,1.5,✓,✓,✓,F/F/T,7.2%,23.5%,24.0%,0.98,0.39,50.1%,44.6%,56,2.2,0.69
round2b_fine_tuning_S0-4_arF-1_flT-.95_fmF-F-T_lsT-.97_maF-20_rT-.5_sldayT-3__b878c2,"[0, 4]",-,0.5,-,-,-,✓,✓,✓,F/F/T,6.5%,21.2%,19.8%,1.07,0.37,46.4%,50.9%,57,2.1,0.70
round1a_switches_S0-5_arF-1_flF-.95_fmF-F-T_lsT-.97_maT-20_rF-.4_sldayF-3__53a545,"[0, 5]",✓,-,-,✓,-,✓,-,-,F/F/T,5.7%,18.5%,18.2%,1.02,0.33,43.5%,45.5%,55,2.2,0.68
round1a_switches_S0-5_arF-1_flT-.95_fmF-F-T_lsT-.97_maF-20_rF-.4_sldayF-3__6ddb26,"[0, 5]",✓,-,-,-,-,✓,✓,-,F/F/T,5.6%,18.1%,18.3%,0.98,0.32,44.2%,48.2%,56,2.2,0.69
round1a_switches_S0-5_arT-1_flT-.95_fmF-F-T_lsT-.97_maT-20_rF-.4_sldayF-3__10aec4,"[0, 5]",✓,-,✓,✓,-,✓,✓,-,F/F/T,5.5%,17.8%,18.4%,0.97,0.31,43.9%,49.1%,53,2.3,0.66
round1a_switches_S0-5_arT-1_flT-.95_fmF-F-T_lsT-.97_maF-20_rF-.4_sldayF-3__d36408,"[0, 5]",✓,-,✓,-,-,✓,✓,-,F/F/T,5.5%,17.8%,18.4%,0.97,0.31,43.9%,49.1%,53,2.3,0.66
round2b_fine_tuning_S0-6_arF-1_flT-.95_fmF-F-T_lsT-.97_maF-20_rT-.3_sldayT-3__222900,"[0, 6]",-,0.3,-,-,1,✓,✓,✓,F/F/T,5.0%,15.9%,24.0%,0.66,0.24,50.2%,44.8%,58,2.2,0.71
round2b_fine_tuning_S0-6_arF-1_flT-.95_fmF-F-T_lsT-.97_maF-20_rF-.4_sldayT-3__c640a0,"[0, 6]",-,-,-,-,1,✓,✓,✓,F/F/T,5.0%,15.9%,24.0%,0.66,0.24,50.2%,44.8%,58,2.2,0.71
round2_fine_tuning_S0-6_arT-1_flT-.95_fmF-F-T_lsT-.97_maF-20_rT-.5_sldayT-3__b45ae1,"[0, 6]",-,0.5,✓,-,0.8,✓,✓,✓,F/F/T,4.8%,15.4%,15.9%,0.97,0.26,43.2%,46.6%,58,2.2,0.71
round1a_switches_S0-5_arF-1_flT-.95_fmF-F-T_lsT-.97_maT-20_rF-.4_sldayF-3__500b77,"[0, 5]",✓,-,-,✓,-,✓,✓,-,F/F/T,3.8%,12.1%,19.7%,0.61,0.18,44.1%,45.5%,55,2.2,0.68
round2_fine_tuning_S0-4_arT-1_flT-.95_fmF-F-T_lsT-.97_maF-20_rT-.6_sldayT-3__3761ca,"[0, 4]",-,0.6,✓,-,2,✓,✓,✓,F/F/T,2.6%,8.0%,14.7%,0.54,0.10,40.1%,50.9%,55,2.3,0.67
round1a_switches_S0-5_arT-1_flT-.95_fmF-F-T_lsF-.97_maT-20_rF-.4_sldayF-3__37d3fc,"[0, 5]",✓,-,✓,✓,-,-,✓,-,F/F/T,2.5%,7.8%,16.7%,0.47,0.09,43.7%,42.9%,56,2.1,0.69
round1a_switches_S0-5_arT-1_flF-.95_fmF-F-T_lsF-.97_maT-20_rF-.4_sldayF-3__0a872d,"[0, 5]",✓,-,✓,✓,-,-,-,-,F/F/T,2.2%,6.9%,16.2%,0.43,0.07,43.8%,42.9%,56,2.1,0.69
round1a_switches_S0-5_arF-1_flT-.95_fmF-F-T_lsF-.97_maT-20_rF-.4_sldayF-3__fe7a55,"[0, 5]",✓,-,-,✓,-,-,✓,-,F/F/T,0.8%,2.6%,16.7%,0.16,-0.03,43.8%,39.7%,58,2.0,0.72
round2_fine_tuning_S0-6_arT-1_flT-.95_fmF-F-T_lsT-.97_maF-20_rT-.5_sldayT-3__7f6eaa,"[0, 6]",-,0.5,✓,-,1.2,✓,✓,✓,F/F/T,0.6%,1.8%,19.5%,0.09,-0.04,49.0%,44.4%,54,2.2,0.66
round2_fine_tuning_S0-6_arT-1_flT-.95_fmF-F-T_lsT-.97_maF-20_rT-.5_sldayT-3__b39a1a,"[0, 6]",-,0.5,✓,-,1.5,✓,✓,✓,F/F/T,0.6%,1.8%,19.5%,0.09,-0.04,49.0%,44.4%,54,2.2,0.66
round1a_switches_S0-5_arF-1_flF-.95_fmF-F-T_lsF-.97_maT-20_rF-.4_sldayF-3__254bd0,"[0, 5]",✓,-,-,✓,-,-,-,-,F/F/T,0.6%,1.8%,16.2%,0.11,-0.05,43.9%,39.7%,58,2.0,0.72
round2b_fine_tuning_S0-6_arF-1_flT-.95_fmF-F-T_lsT-.97_maF-20_rT-.6_sldayT-3__046cf5,"[0, 6]",-,0.6,-,-,-,✓,✓,✓,F/F/T,-0.2%,-0.7%,18.9%,-0.04,-0.10,45.8%,44.4%,54,2.2,0.67
round2_fine_tuning_S0-6_arT-1_flT-.95_fmF-F-T_lsT-.97_maF-20_rT-.6_sldayT-3__b380e5,"[0, 6]",-,0.6,✓,-,2,✓,✓,✓,F/F/T,-0.3%,-1.0%,18.9%,-0.05,-0.11,45.8%,44.4%,54,2.2,0.67
round2b_fine_tuning_S0-6_arF-1_flT-.95_fmF-F-T_lsT-.97_maF-20_rT-.6_sldayT-3__93f6c0,"[0, 6]",-,0.6,-,-,1.2,✓,✓,✓,F/F/T,-1.5%,-4.4%,18.9%,-0.23,-0.19,45.4%,43.4%,53,2.2,0.65
round2b_fine_tuning_S0-6_arF-1_flT-.95_fmF-F-T_lsT-.97_maF-20_rT-.6_sldayT-3__ec4bc2,"[0, 6]",-,0.6,-,-,1.5,✓,✓,✓,F/F/T,-1.5%,-4.4%,18.9%,-0.23,-0.19,45.4%,43.4%,53,2.2,0.65
round2_fine_tuning_S0-4_arT-1_flT-.95_fmF-F-T_lsT-.97_maF-20_rT-.4_sldayT-3__14b214,"[0, 4]",-,0.4,✓,-,1,✓,✓,✓,F/F/T,-1.5%,-4.6%,20.0%,-0.23,-0.21,41.1%,47.4%,57,2.2,0.70
round2_fine_tuning_S0-6_arT-1_flT-.95_fmF-F-T_lsT-.97_maF-20_rT-.6_sldayT-3__b85065,"[0, 6]",-,0.6,✓,-,1.2,✓,✓,✓,F/F/T,-1.6%,-4.7%,18.9%,-0.25,-0.19,45.5%,43.4%,53,2.2,0.65
round2_fine_tuning_S0-6_arT-1_flT-.95_fmF-F-T_lsT-.97_maF-20_rT-.6_sldayT-3__59fbe7,"[0, 6]",-,0.6,✓,-,1.5,✓,✓,✓,F/F/T,-1.6%,-4.7%,18.9%,-0.25,-0.19,45.5%,43.4%,53,2.2,0.65
round2_fine_tuning_S0-4_arT-1_flT-.95_fmF-F-T_lsT-.97_maF-20_rT-.4_sldayT-3__ffe228,"[0, 4]",-,0.4,✓,-,1.2,✓,✓,✓,F/F/T,-2.0%,-6.0%,20.0%,-0.30,-0.24,41.2%,45.6%,57,2.2,0.70
round1b_switches_S0-5_arF-1_flT-.95_fmF-F-T_lsT-.97_maF-20_rF-.4_sldayT-3__fbd5dd,"[0, 5]",✓,-,-,-,-,✓,✓,✓,F/F/T,-2.3%,-6.8%,23.4%,-0.29,-0.26,41.7%,45.1%,51,2.3,0.63
round2_fine_tuning_S0-4_arT-1_flT-.95_fmF-F-T_lsT-.97_maF-20_rF-.4_sldayT-3__dd3767,"[0, 4]",-,-,✓,-,1,✓,✓,✓,F/F/T,-2.3%,-6.9%,21.3%,-0.33,-0.27,41.2%,47.4%,57,2.2,0.70
round2_fine_tuning_S0-4_arT-1_flT-.95_fmF-F-T_lsT-.97_maF-20_rT-.3_sldayT-3__9450ee,"[0, 4]",-,0.3,✓,-,1,✓,✓,✓,F/F/T,-2.3%,-6.9%,21.3%,-0.33,-0.27,41.2%,47.4%,57,2.2,0.70
round1b_switches_S0-5_arT-1_flT-.95_fmF-F-T_lsT-.97_maF-20_rF-.4_sldayT-3__63fb47,"[0, 5]",✓,-,✓,-,-,✓,✓,✓,F/F/T,-2.4%,-7.0%,23.4%,-0.30,-0.27,41.4%,45.8%,48,2.4,0.59
round1b_switches_S0-5_arT-1_flT-.95_fmF-F-T_lsT-.97_maT-20_rF-.4_sldayT-3__af0a9b,"[0, 5]",✓,-,✓,✓,-,✓,✓,✓,F/F/T,-2.4%,-7.0%,23.4%,-0.30,-0.27,41.4%,45.8%,48,2.4,0.59
round2_fine_tuning_S0-6_arT-1_flT-.95_fmF-F-T_lsT-.97_maF-20_rT-.5_sldayT-3__d9ae44,"[0, 6]",-,0.5,✓,-,1,✓,✓,✓,F/F/T,-2.4%,-7.3%,20.2%,-0.36,-0.23,49.0%,42.9%,56,2.2,0.69
round2b_fine_tuning_S0-6_arF-1_flT-.95_fmF-F-T_lsT-.97_maF-20_rT-.5_sldayT-3__6fd58b,"[0, 6]",-,0.5,-,-,1.2,✓,✓,✓,F/F/T,-2.6%,-7.8%,22.0%,-0.35,-0.24,49.4%,43.6%,55,2.2,0.67
round2_fine_tuning_S0-4_arT-1_flT-.95_fmF-F-T_lsT-.97_maF-20_rT-.4_sldayT-3__f33d3e,"[0, 4]",-,0.4,✓,-,1.5,✓,✓,✓,F/F/T,-2.6%,-7.9%,20.0%,-0.39,-0.29,41.5%,45.6%,57,2.2,0.70
round2_fine_tuning_S0-4_arT-1_flT-.95_fmF-F-T_lsT-.97_maF-20_rT-.3_sldayT-3__120af2,"[0, 4]",-,0.3,✓,-,1.2,✓,✓,✓,F/F/T,-2.8%,-8.2%,21.3%,-0.39,-0.30,41.2%,45.6%,57,2.2,0.70
round2_fine_tuning_S0-4_arT-1_flT-.95_fmF-F-T_lsT-.97_maF-20_rF-.4_sldayT-3__d4c483,"[0, 4]",-,-,✓,-,1.2,✓,✓,✓,F/F/T,-2.8%,-8.2%,21.3%,-0.39,-0.30,41.2%,45.6%,57,2.2,0.70
round2b_fine_tuning_S0-4_arF-1_flT-.95_fmF-F-T_lsT-.97_maF-20_rT-.3_sldayT-3__2c6ff6,"[0, 4]",-,0.3,-,-,1,✓,✓,✓,F/F/T,-3.9%,-11.4%,22.6%,-0.50,-0.37,41.6%,46.6%,58,2.2,0.71
round1b_switches_S0-5_arF-1_flT-.95_fmF-F-T_lsT-.97_maT-20_rF-.4_sldayT-3__89b27b,"[0, 5]",✓,-,-,✓,-,✓,✓,✓,F/F/T,-3.9%,-11.5%,24.7%,-0.47,-0.37,41.6%,42.0%,50,2.3,0.62
round2_fine_tuning_S0-4_arT-1_flT-.95_fmF-F-T_lsT-.97_maF-20_rF-.4_sldayT-3__849025,"[0, 4]",-,-,✓,-,1.5,✓,✓,✓,F/F/T,-4.2%,-12.3%,21.3%,-0.58,-0.39,41.6%,45.6%,57,2.2,0.70
round2_fine_tuning_S0-4_arT-1_flT-.95_fmF-F-T_lsT-.97_maF-20_rT-.3_sldayT-3__55812f,"[0, 4]",-,0.3,✓,-,1.5,✓,✓,✓,F/F/T,-4.2%,-12.3%,21.3%,-0.58,-0.39,41.6%,45.6%,57,2.2,0.70
round2b_fine_tuning_S0-4_arF-1_flT-.95_fmF-F-T_lsT-.97_maF-20_rT-.3_sldayT-3__b29b0a,"[0, 4]",-,0.3,-,-,1.2,✓,✓,✓,F/F/T,-4.3%,-12.7%,22.6%,-0.56,-0.40,41.7%,44.8%,58,2.2,0.71
round2b_fine_tuning_S0-4_arF-1_flT-.95_fmF-F-T_lsT-.97_maF-20_rF-.4_sldayT-3__d78ea3,"[0, 4]",-,-,-,-,1.2,✓,✓,✓,F/F/T,-4.3%,-12.7%,22.6%,-0.56,-0.40,41.7%,44.8%,58,2.2,0.71
round2c_Ashare_S0-5_arT-1_flT-.95_fmF-T-T_lsT-.97_maF-20_rT-.4_sldayT-3__4fbc92,"[0, 5]",-,0.4,✓,-,-,✓,✓,✓,F/T/T,-4.8%,-13.8%,31.3%,-0.44,-0.40,44.6%,47.2%,53,2.4,0.65
round1b_switches_S0-5_arF-1_flT-.95_fmF-F-T_lsF-.97_maF-20_rF-.4_sldayT-3__3b41d8,"[0, 5]",✓,-,-,-,-,-,✓,✓,F/F/T,-5.1%,-14.7%,15.4%,-0.96,-0.45,41.2%,42.6%,54,2.2,0.67
round1a_switches_S0-5_arT-1_flT-.95_fmF-F-T_lsF-.97_maF-20_rF-.4_sldayF-3__1fb4d6,"[0, 5]",-,-,✓,-,-,-,✓,-,F/F/T,-5.1%,-14.8%,22.7%,-0.65,-0.39,47.8%,45.6%,57,2.0,0.70
round1b_switches_S0-5_arT-1_flT-.95_fmF-F-T_lsF-.97_maF-20_rF-.4_sldayT-3__5eb6ed,"[0, 5]",✓,-,✓,-,-,-,✓,✓,F/F/T,-5.1%,-14.9%,14.7%,-1.01,-0.46,41.0%,43.1%,51,2.2,0.63
round2c_Ashare_S0-5_arT-1_flT-.95_fmF-T-T_lsT-.97_maF-20_rT-.4_sldayT-3__d65d18,"[0, 5]",-,0.4,✓,-,0.8,✓,✓,✓,F/T/T,-5.3%,-15.2%,28.3%,-0.54,-0.48,39.6%,51.0%,51,2.7,0.62
round2b_fine_tuning_S0-4_arF-1_flT-.95_fmF-F-T_lsT-.97_maF-20_rF-.4_sldayT-3__80e243,"[0, 4]",-,-,-,-,1.5,✓,✓,✓,F/F/T,-5.8%,-16.6%,22.6%,-0.73,-0.49,42.1%,44.8%,58,2.2,0.71
round2b_fine_tuning_S0-4_arF-1_flT-.95_fmF-F-T_lsT-.97_maF-20_rT-.3_sldayT-3__55700f,"[0, 4]",-,0.3,-,-,1.5,✓,✓,✓,F/F/T,-5.8%,-16.6%,22.6%,-0.73,-0.49,42.1%,44.8%,58,2.2,0.71
round1a_switches_S0-5_arT-1_flF-.95_fmF-F-T_lsF-.97_maF-20_rF-.4_sldayF-3__1d0807,"[0, 5]",-,-,✓,-,-,-,-,-,F/F/T,-5.8%,-16.6%,22.7%,-0.73,-0.43,48.0%,45.6%,57,2.0,0.70
round2_fine_tuning_S0-4_arT-1_flT-.95_fmF-F-T_lsT-.97_maF-20_rT-.5_sldayT-3__6cade3,"[0, 4]",-,0.5,✓,-,1,✓,✓,✓,F/F/T,-5.8%,-16.8%,18.8%,-0.89,-0.52,40.1%,48.2%,56,2.3,0.68
round2b_fine_tuning_S0-4_arF-1_flT-.95_fmF-F-T_lsT-.97_maF-20_rT-.4_sldayT-3__c7beb8,"[0, 4]",-,0.4,-,-,1.2,✓,✓,✓,F/F/T,-6.1%,-17.4%,23.3%,-0.75,-0.51,41.6%,43.1%,58,2.2,0.71
round2_fine_tuning_S0-4_arT-1_flT-.95_fmF-F-T_lsT-.97_maF-20_rT-.5_sldayT-3__13ea03,"[0, 4]",-,0.5,✓,-,1.2,✓,✓,✓,F/F/T,-6.3%,-17.9%,18.8%,-0.95,-0.55,40.2%,46.4%,56,2.3,0.68
round1a_switches_S0-5_arF-1_flT-.95_fmF-F-T_lsF-.97_maF-20_rF-.4_sldayF-3__ddecd7,"[0, 5]",-,-,-,-,-,-,✓,-,F/F/T,-6.5%,-18.5%,23.9%,-0.78,-0.47,48.0%,44.8%,58,2.0,0.72
round2_fine_tuning_S0-4_arT-1_flT-.95_fmF-F-T_lsT-.97_maF-20_rT-.3_sldayT-3__6da682,"[0, 4]",-,0.3,✓,-,0.8,✓,✓,✓,F/F/T,-6.9%,-19.6%,20.6%,-0.95,-0.58,40.4%,44.6%,56,2.1,0.68
round2_fine_tuning_S0-4_arT-1_flT-.95_fmF-F-T_lsT-.97_maF-20_rF-.4_sldayT-3__6b5ca5,"[0, 4]",-,-,✓,-,0.8,✓,✓,✓,F/F/T,-6.9%,-19.6%,20.6%,-0.95,-0.58,40.4%,44.6%,56,2.1,0.68
round1a_switches_S0-5_arF-1_flF-.95_fmF-F-T_lsF-.97_maF-20_rF-.4_sldayF-3__6baba8,"[0, 5]",-,-,-,-,-,-,-,-,F/F/T,-7.2%,-20.3%,23.8%,-0.85,-0.51,48.2%,44.8%,58,2.0,0.72
round2b_fine_tuning_S0-4_arF-1_flT-.95_fmF-F-T_lsT-.97_maF-20_rT-.3_sldayT-3__44dbf0,"[0, 4]",-,0.3,-,-,0.8,✓,✓,✓,F/F/T,-7.4%,-21.0%,21.1%,-1.00,-0.61,40.9%,44.8%,58,2.0,0.71
round2b_fine_tuning_S0-4_arF-1_flT-.95_fmF-F-T_lsT-.97_maF-20_rF-.4_sldayT-3__12e1d1,"[0, 4]",-,-,-,-,0.8,✓,✓,✓,F/F/T,-7.4%,-21.0%,21.1%,-1.00,-0.61,40.9%,44.8%,58,2.0,0.71
round1b_switches_S0-5_arT-1_flT-.95_fmF-F-T_lsF-.97_maT-20_rF-.4_sldayT-3__0a832d,"[0, 5]",✓,-,✓,✓,-,-,✓,✓,F/F/T,-7.7%,-21.7%,17.0%,-1.28,-0.63,40.5%,41.2%,51,2.2,0.63
round2_fine_tuning_S0-4_arT-1_flT-.95_fmF-F-T_lsT-.97_maF-20_rT-.4_sldayT-3__e2bfb1,"[0, 4]",-,0.4,✓,-,0.8,✓,✓,✓,F/F/T,-7.9%,-22.2%,22.2%,-1.00,-0.66,39.9%,45.6%,57,2.1,0.69
round2b_fine_tuning_S0-4_arF-1_flT-.95_fmF-F-T_lsT-.97_maF-20_rT-.5_sldayT-3__a95321,"[0, 4]",-,0.5,-,-,1,✓,✓,✓,F/F/T,-8.8%,-24.6%,21.4%,-1.15,-0.71,40.4%,47.4%,57,2.3,0.70
round1b_switches_S0-5_arF-1_flT-.95_fmF-F-T_lsF-.97_maT-20_rF-.4_sldayT-3__220a52,"[0, 5]",✓,-,-,✓,-,-,✓,✓,F/F/T,-9.2%,-25.5%,18.3%,-1.39,-0.73,40.6%,37.7%,53,2.2,0.65
round1a_switches_S0-5_arT-1_flF-.95_fmF-F-T_lsT-.97_maF-20_rF-.4_sldayF-3__b88338,"[0, 5]",-,-,✓,-,-,✓,-,-,F/F/T,-10.9%,-29.7%,31.1%,-0.95,-0.72,46.7%,47.3%,55,2.2,0.68
round1a_switches_S0-5_arT-1_flF-.95_fmF-F-T_lsT-.97_maT-20_rF-.4_sldayF-3__347f4f,"[0, 5]",-,-,✓,✓,-,✓,-,-,F/F/T,-10.9%,-29.7%,31.1%,-0.95,-0.72,46.7%,47.3%,55,2.2,0.68
round2_fine_tuning_S0-5_arT-1_flT-.95_fmF-F-T_lsT-.97_maF-20_rF-.4_sldayT-3__ece711,"[0, 5]",-,-,✓,-,0.8,✓,✓,✓,F/F/T,-11.1%,-30.2%,27.4%,-1.10,-0.83,41.0%,47.9%,48,2.6,0.58
round2_fine_tuning_S0-4_arT-1_flT-.95_fmF-F-T_lsT-.97_maF-20_rT-.6_sldayT-3__e232d7,"[0, 4]",-,0.6,✓,-,1,✓,✓,✓,F/F/T,-11.6%,-31.4%,15.9%,-1.98,-0.93,37.9%,47.3%,55,2.5,0.67
round2b_fine_tuning_S0-4_arF-1_flT-.95_fmF-F-T_lsT-.97_maF-20_rT-.6_sldayT-3__8f625b,"[0, 4]",-,0.6,-,-,1.2,✓,✓,✓,F/F/T,-12.0%,-32.2%,15.8%,-2.04,-0.95,38.0%,45.5%,55,2.4,0.67
round2_fine_tuning_S0-4_arT-1_flT-.95_fmF-F-T_lsT-.97_maF-20_rT-.6_sldayT-3__fb0f7e,"[0, 4]",-,0.6,✓,-,1.5,✓,✓,✓,F/F/T,-12.0%,-32.4%,15.9%,-2.04,-0.96,38.0%,45.5%,55,2.5,0.67
round1a_switches_S0-5_arT-1_flT-.95_fmF-F-T_lsT-.97_maT-20_rF-.4_sldayF-3__fac5b9,"[0, 5]",-,-,✓,✓,-,✓,✓,-,F/F/T,-12.1%,-32.5%,32.0%,-1.02,-0.78,46.9%,47.3%,55,2.2,0.68
round1a_switches_S0-5_arT-1_flT-.95_fmF-F-T_lsT-.97_maF-20_rF-.4_sldayF-3__a8dba7,"[0, 5]",-,-,✓,-,-,✓,✓,-,F/F/T,-12.1%,-32.5%,32.0%,-1.02,-0.78,46.9%,47.3%,55,2.2,0.68
round2_fine_tuning_S0-5_arT-1_flT-.95_fmF-F-T_lsT-.97_maF-20_rT-.4_sldayT-3__71e8f5,"[0, 5]",-,0.4,✓,-,0.8,✓,✓,✓,F/F/T,-12.1%,-32.6%,28.9%,-1.13,-0.90,40.4%,49.0%,49,2.6,0.59
round1a_switches_S0-5_arF-1_flF-.95_fmF-F-T_lsT-.97_maF-20_rF-.4_sldayF-3__8d95de,"[0, 5]",-,-,-,-,-,✓,-,-,F/F/T,-12.3%,-33.1%,32.2%,-1.03,-0.79,47.2%,46.4%,56,2.2,0.69
round2_fine_tuning_S0-4_arT-1_flT-.95_fmF-F-T_lsT-.97_maF-20_rT-.5_sldayT-3__16506a,"[0, 4]",-,0.5,✓,-,0.8,✓,✓,✓,F/F/T,-13.5%,-35.7%,21.0%,-1.70,-1.01,39.3%,44.6%,56,2.2,0.68
round1a_switches_S0-5_arF-1_flT-.95_fmF-F-T_lsT-.97_maF-20_rF-.4_sldayF-3__cb5aff,"[0, 5]",-,-,-,-,-,✓,✓,-,F/F/T,-13.5%,-35.8%,33.1%,-1.08,-0.84,47.4%,46.4%,56,2.2,0.69
round2c_Ashare_S0-5_arT-1_flT-.95_fmF-T-T_lsT-.97_maF-20_rT-.4_sldayT-3__7671e2,"[0, 5]",-,0.4,✓,-,1,✓,✓,✓,F/T/T,-13.5%,-35.8%,29.8%,-1.20,-0.94,42.4%,49.0%,51,2.6,0.62
round1a_switches_S0-5_arT-1_flT-.95_fmF-F-T_lsF-.97_maT-20_rF-.4_sldayF-3__318e5f,"[0, 5]",-,-,✓,✓,-,-,✓,-,F/F/T,-13.8%,-36.4%,22.4%,-1.62,-0.87,46.3%,44.6%,56,2.1,0.69
round1a_switches_S0-5_arF-1_flF-.95_fmF-F-T_lsT-.97_maT-20_rF-.4_sldayF-3__63b05b,"[0, 5]",-,-,-,✓,-,✓,-,-,F/F/T,-13.8%,-36.5%,33.4%,-1.09,-0.86,47.1%,44.6%,56,2.2,0.69
round2c_Ashare_S0-5_arT-1_flT-.95_fmF-F-T_lsT-.97_maF-20_rT-.4_sldayT-3__de76b7,"[0, 5]",-,0.4,✓,-,-,✓,✓,✓,F/F/T,-13.9%,-36.6%,32.5%,-1.13,-0.91,44.5%,45.1%,51,2.3,0.62
round1a_switches_S0-5_arT-1_flF-.95_fmF-F-T_lsF-.97_maT-20_rF-.4_sldayF-3__5c0348,"[0, 5]",-,-,✓,✓,-,-,-,-,F/F/T,-14.4%,-37.8%,23.0%,-1.64,-0.90,46.6%,44.6%,56,2.1,0.69
round1a_switches_S0-5_arF-1_flT-.95_fmF-F-T_lsT-.97_maT-20_rF-.4_sldayF-3__604385,"[0, 5]",-,-,-,✓,-,✓,✓,-,F/F/T,-15.0%,-39.1%,34.3%,-1.14,-0.91,47.3%,44.6%,56,2.2,0.69
round2c_Ashare_S0-5_arT-1_flT-.95_fmF-T-T_lsT-.97_maF-20_rT-.4_sldayT-3__e46d1b,"[0, 5]",-,0.4,✓,-,1.2,✓,✓,✓,F/T/T,-15.1%,-39.3%,31.9%,-1.23,-1.05,41.3%,48.0%,50,2.6,0.61
round1b_switches_S0-5_arT-1_flT-.95_fmF-F-T_lsT-.97_maT-20_rF-.4_sldayT-3__82a9c8,"[0, 5]",-,-,✓,✓,-,✓,✓,✓,F/F/T,-15.3%,-39.6%,33.5%,-1.18,-0.98,44.6%,45.1%,51,2.3,0.62
round1b_switches_S0-5_arT-1_flT-.95_fmF-F-T_lsT-.97_maF-20_rF-.4_sldayT-3__0108e0,"[0, 5]",-,-,✓,-,-,✓,✓,✓,F/F/T,-15.3%,-39.6%,33.5%,-1.18,-0.98,44.6%,45.1%,51,2.3,0.62
round2_fine_tuning_S0-5_arT-1_flT-.95_fmF-F-T_lsT-.97_maF-20_rT-.3_sldayT-3__d1479f,"[0, 5]",-,0.3,✓,-,-,✓,✓,✓,F/F/T,-15.3%,-39.6%,33.5%,-1.18,-0.98,44.6%,45.1%,51,2.3,0.62
round2_fine_tuning_S0-5_arT-1_flT-.95_fmF-F-T_lsT-.97_maF-20_rT-.5_sldayT-3__d477d4,"[0, 5]",-,0.5,✓,-,0.8,✓,✓,✓,F/F/T,-16.0%,-41.2%,27.8%,-1.48,-1.16,38.8%,47.9%,48,2.6,0.58
round2b_fine_tuning_S0-4_arF-1_flT-.95_fmF-F-T_lsT-.97_maF-20_rT-.5_sldayT-3__617928,"[0, 4]",-,0.5,-,-,0.8,✓,✓,✓,F/F/T,-16.3%,-41.8%,23.5%,-1.77,-1.16,39.6%,43.9%,57,2.1,0.69
round1a_switches_S0-5_arF-1_flT-.95_fmF-F-T_lsF-.97_maT-20_rF-.4_sldayF-3__279873,"[0, 5]",-,-,-,✓,-,-,✓,-,F/F/T,-16.6%,-42.5%,25.0%,-1.70,-1.00,46.7%,42.1%,57,2.1,0.70
round1b_switches_S0-5_arF-1_flT-.95_fmF-F-T_lsT-.97_maF-20_rF-.4_sldayT-3__a78404,"[0, 5]",-,-,-,-,-,✓,✓,✓,F/F/T,-16.6%,-42.5%,34.6%,-1.23,-1.03,45.0%,44.2%,52,2.3,0.63
round2c_Ashare_S0-5_arT-1_flT-.95_fmF-T-T_lsT-.97_maF-20_rT-.4_sldayT-3__1b561c,"[0, 5]",-,0.4,✓,-,1.5,✓,✓,✓,F/T/T,-17.1%,-43.6%,33.5%,-1.30,-1.15,41.5%,45.3%,53,2.6,0.65
round1a_switches_S0-5_arF-1_flF-.95_fmF-F-T_lsF-.97_maT-20_rF-.4_sldayF-3__24933a,"[0, 5]",-,-,-,✓,-,-,-,-,F/F/T,-17.2%,-43.9%,25.6%,-1.72,-1.02,47.0%,42.1%,57,2.1,0.70
round2_fine_tuning_S0-5_arT-1_flT-.95_fmF-F-T_lsT-.97_maF-20_rT-.5_sldayT-3__c8c4a2,"[0, 5]",-,0.5,✓,-,-,✓,✓,✓,F/F/T,-17.6%,-44.6%,31.4%,-1.42,-1.13,43.1%,44.0%,50,2.3,0.61
round1b_switches_S0-5_arT-1_flT-.95_fmF-F-T_lsF-.97_maT-20_rF-.4_sldayT-3__3d0fb6,"[0, 5]",-,-,✓,✓,-,-,✓,✓,F/F/T,-17.8%,-44.9%,26.0%,-1.73,-1.12,43.5%,43.4%,53,2.2,0.65
round1b_switches_S0-5_arF-1_flT-.95_fmF-F-T_lsT-.97_maT-20_rF-.4_sldayT-3__d530e8,"[0, 5]",-,-,-,✓,-,✓,✓,✓,F/F/T,-18.0%,-45.4%,35.7%,-1.27,-1.10,44.9%,42.3%,52,2.3,0.63
round2c_Ashare_S0-5_arT-1_flT-.95_fmF-T-T_lsT-.97_maF-20_rT-.4_sldayT-3__879e3c,"[0, 5]",-,0.4,✓,-,2,✓,✓,✓,F/T/T,-18.1%,-45.7%,34.3%,-1.33,-1.18,42.0%,45.3%,53,2.5,0.64
round2c_Ashare_S0-5_arT-1_flT-.95_fmF-F-T_lsT-.97_maF-20_rT-.4_sldayT-3__6080a4,"[0, 5]",-,0.4,✓,-,1,✓,✓,✓,F/F/T,-18.3%,-46.0%,30.2%,-1.52,-1.17,42.9%,49.0%,49,2.5,0.59
round2b_fine_tuning_S0-5_arF-1_flT-.95_fmF-F-T_lsT-.97_maF-20_rT-.5_sldayT-3__42e130,"[0, 5]",-,0.5,-,-,0.8,✓,✓,✓,F/F/T,-18.7%,-46.7%,30.1%,-1.55,-1.30,39.1%,46.9%,49,2.6,0.59
round1b_switches_S0-5_arT-1_flT-.95_fmF-F-T_lsF-.97_maF-20_rF-.4_sldayT-3__c20632,"[0, 5]",-,-,✓,-,-,-,✓,✓,F/F/T,-18.8%,-47.0%,26.9%,-1.74,-1.17,43.6%,42.6%,54,2.1,0.66
round2_fine_tuning_S0-4_arT-1_flT-.95_fmF-F-T_lsT-.97_maF-20_rT-.6_sldayT-3__cac59d,"[0, 4]",-,0.6,✓,-,0.8,✓,✓,✓,F/F/T,-19.4%,-48.2%,20.3%,-2.37,-1.40,37.3%,42.9%,56,2.2,0.68
round2_fine_tuning_S0-5_arT-1_flT-.95_fmF-F-T_lsT-.97_maF-20_rF-.4_sldayT-3__af60d3,"[0, 5]",-,-,✓,-,1,✓,✓,✓,F/F/T,-19.6%,-48.6%,31.3%,-1.55,-1.22,43.0%,49.0%,49,2.5,0.59
round2_fine_tuning_S0-5_arT-1_flT-.95_fmF-F-T_lsT-.97_maF-20_rT-.6_sldayT-3__de192a,"[0, 5]",-,0.6,✓,-,-,✓,✓,✓,F/F/T,-19.9%,-49.1%,28.5%,-1.72,-1.37,38.8%,42.9%,49,2.4,0.60
round2_fine_tuning_S0-5_arT-1_flT-.95_fmF-F-T_lsT-.97_maF-20_rT-.6_sldayT-3__f6a956,"[0, 5]",-,0.6,✓,-,0.8,✓,✓,✓,F/F/T,-19.9%,-49.2%,23.7%,-2.08,-1.57,34.0%,47.9%,48,2.6,0.58
round1b_switches_S0-5_arF-1_flT-.95_fmF-F-T_lsF-.97_maF-20_rF-.4_sldayT-3__9fc27f,"[0, 5]",-,-,-,-,-,-,✓,✓,F/F/T,-20.0%,-49.3%,28.0%,-1.76,-1.22,43.8%,41.8%,55,2.0,0.67
round1b_switches_S0-5_arF-1_flT-.95_fmF-F-T_lsF-.97_maT-20_rF-.4_sldayT-3__ead6ba,"[0, 5]",-,-,-,✓,-,-,✓,✓,F/F/T,-20.5%,-50.3%,28.5%,-1.77,-1.24,43.8%,40.7%,54,2.2,0.66
round2b_fine_tuning_S0-5_arF-1_flT-.95_fmF-F-T_lsT-.97_maF-20_rF-.4_sldayT-3__01362b,"[0, 5]",-,-,-,-,1,✓,✓,✓,F/F/T,-20.9%,-51.1%,32.4%,-1.57,-1.27,43.4%,48.0%,50,2.5,0.60
round2_fine_tuning_S0-5_arT-1_flT-.95_fmF-F-T_lsT-.97_maF-20_rT-.4_sldayT-3__1fed29,"[0, 5]",-,0.4,✓,-,1.2,✓,✓,✓,F/F/T,-21.8%,-52.7%,31.8%,-1.66,-1.38,41.0%,45.8%,48,2.6,0.58
round2_fine_tuning_S0-5_arT-1_flT-.95_fmF-F-T_lsT-.97_maF-20_rT-.5_sldayT-3__7941aa,"[0, 5]",-,0.5,✓,-,1,✓,✓,✓,F/F/T,-21.9%,-52.9%,29.1%,-1.81,-1.38,41.3%,47.9%,48,2.5,0.58
round2_fine_tuning_S0-5_arT-1_flT-.95_fmF-F-T_lsT-.97_maF-20_rT-.4_sldayT-3__59f151,"[0, 5]",-,0.4,✓,-,1.5,✓,✓,✓,F/F/T,-22.5%,-54.0%,32.4%,-1.66,-1.42,40.9%,44.0%,50,2.5,0.61
round2_fine_tuning_S0-5_arT-1_flT-.95_fmF-F-T_lsT-.97_maF-20_rF-.4_sldayT-3__649f18,"[0, 5]",-,-,✓,-,1.2,✓,✓,✓,F/F/T,-23.0%,-55.0%,32.9%,-1.67,-1.43,41.2%,45.8%,48,2.6,0.58
round2b_fine_tuning_S0-5_arF-1_flT-.95_fmF-F-T_lsT-.97_maF-20_rT-.3_sldayT-3__3286f3,"[0, 5]",-,0.3,-,-,1.2,✓,✓,✓,F/F/T,-24.3%,-57.2%,34.0%,-1.68,-1.47,41.6%,44.9%,49,2.6,0.59
round2b_fine_tuning_S0-5_arF-1_flT-.95_fmF-F-T_lsT-.97_maF-20_rT-.3_sldayT-3__8f0338,"[0, 5]",-,0.3,-,-,1.5,✓,✓,✓,F/F/T,-25.0%,-58.4%,34.6%,-1.69,-1.51,41.4%,43.1%,51,2.5,0.62
round2b_fine_tuning_S0-5_arF-1_flT-.95_fmF-F-T_lsT-.97_maF-20_rT-.6_sldayT-3__aa90fe,"[0, 5]",-,0.6,-,-,1,✓,✓,✓,F/F/T,-25.4%,-59.1%,26.1%,-2.27,-1.73,36.4%,46.8%,47,2.5,0.57
round2_fine_tuning_S0-5_arT-1_flT-.95_fmF-F-T_lsT-.97_maF-20_rT-.5_sldayT-3__c6d49f,"[0, 5]",-,0.5,✓,-,1.5,✓,✓,✓,F/F/T,-25.9%,-59.9%,31.4%,-1.91,-1.63,39.3%,42.9%,49,2.5,0.59
round2_fine_tuning_S0-5_arT-1_flT-.95_fmF-F-T_lsT-.97_maF-20_rT-.4_sldayT-3__8d8e9f,"[0, 5]",-,0.4,✓,-,2,✓,✓,✓,F/F/T,-26.5%,-60.9%,36.0%,-1.69,-1.55,41.8%,43.1%,51,2.4,0.62
round2_fine_tuning_S0-5_arT-1_flT-.95_fmF-F-T_lsT-.97_maF-20_rT-.3_sldayT-3__c30f20,"[0, 5]",-,0.3,✓,-,2,✓,✓,✓,F/F/T,-27.7%,-62.8%,37.0%,-1.70,-1.59,41.9%,43.1%,51,2.4,0.62
round2b_fine_tuning_S0-5_arF-1_flT-.95_fmF-F-T_lsT-.97_maF-20_rT-.4_sldayT-3__55647d,"[0, 5]",-,0.4,-,-,2,✓,✓,✓,F/F/T,-29.6%,-65.7%,38.6%,-1.70,-1.66,42.1%,40.4%,52,2.4,0.63
round2_fine_tuning_S0-5_arT-1_flT-.95_fmF-F-T_lsT-.97_maF-20_rT-.5_sldayT-3__c42cc5,"[0, 5]",-,0.5,✓,-,2,✓,✓,✓,F/F/T,-29.7%,-65.9%,35.0%,-1.88,-1.74,40.2%,42.0%,50,2.4,0.61
round2_fine_tuning_S0-5_arT-1_flT-.95_fmF-F-T_lsT-.97_maF-20_rT-.6_sldayT-3__e4fafb,"[0, 5]",-,0.6,✓,-,2,✓,✓,✓,F/F/T,-31.7%,-68.7%,32.2%,-2.13,-2.05,35.5%,40.8%,49,2.5,0.60
round2b_fine_tuning_S0-5_arF-1_flT-.95_fmF-F-T_lsT-.97_maF-20_rT-.5_sldayT-3__6dd54d,"[0, 5]",-,0.5,-,-,2,✓,✓,✓,F/F/T,-32.0%,-69.1%,37.1%,-1.87,-1.81,40.4%,41.2%,51,2.4,0.62