fold_id,test_year,model_id,direction,bin_number,bin_lower,bin_upper,rows,mean_predicted_probability,observed_rate,absolute_gap,probability_status
wf_cal3_2019,2019,elastic_net,top,0,0.0,0.1,138,0.0619661826900519,0.014492753623188406,0.04747342906686349,calibrated
wf_cal3_2019,2019,elastic_net,top,1,0.1,0.2,54,0.14126288262584275,0.12962962962962962,0.011633252996213123,calibrated
wf_cal3_2019,2019,elastic_net,top,2,0.2,0.3,18,0.2522213287143795,0.3888888888888889,0.13666756017450937,calibrated
wf_cal3_2019,2019,elastic_net,top,3,0.3,0.4,15,0.34958083393100486,0.26666666666666666,0.0829141672643382,calibrated
wf_cal3_2019,2019,elastic_net,top,4,0.4,0.5,11,0.42073200864524335,0.18181818181818182,0.23891382682706153,calibrated
wf_cal3_2019,2019,elastic_net,top,5,0.5,0.6,4,0.5462583557433345,0.0,0.5462583557433345,calibrated
wf_cal3_2019,2019,elastic_net,top,6,0.6,0.7,4,0.6281425135662845,0.0,0.6281425135662845,calibrated
wf_cal3_2019,2019,elastic_net,bottom,0,0.0,0.1,241,0.020589471086935516,0.05394190871369295,0.033352437626757436,calibrated
wf_cal3_2019,2019,elastic_net,bottom,1,0.1,0.2,2,0.14386302935425674,0.5,0.35613697064574323,calibrated
wf_cal3_2019,2019,elastic_net,bottom,2,0.2,0.3,1,0.29655145785514525,1.0,0.7034485421448547,calibrated
wf_cal3_2019,2019,shallow_gbdt,top,0,0.0,0.1,143,0.05595409970828621,0.027972027972027972,0.027982071736258236,calibrated
wf_cal3_2019,2019,shallow_gbdt,top,1,0.1,0.2,48,0.13498657734635158,0.10416666666666667,0.03081991067968491,calibrated
wf_cal3_2019,2019,shallow_gbdt,top,2,0.2,0.3,19,0.24900915234063567,0.10526315789473684,0.14374599444589883,calibrated
wf_cal3_2019,2019,shallow_gbdt,top,3,0.3,0.4,29,0.35217490740058544,0.3448275862068966,0.0073473211936888605,calibrated
wf_cal3_2019,2019,shallow_gbdt,top,4,0.4,0.5,5,0.4125675967230059,0.2,0.2125675967230059,calibrated
wf_cal3_2019,2019,shallow_gbdt,bottom,0,0.0,0.1,223,0.014656638562465124,0.013452914798206279,0.0012037237642588457,calibrated
wf_cal3_2019,2019,shallow_gbdt,bottom,1,0.1,0.2,20,0.14058090965170683,0.55,0.4094190903482932,calibrated
wf_cal3_2019,2019,shallow_gbdt,bottom,2,0.2,0.3,1,0.23511886679752944,1.0,0.7648811332024705,calibrated
wf_cal3_2020,2020,elastic_net,top,0,0.0,0.1,129,0.07336279196433815,0.0,0.07336279196433815,calibrated
wf_cal3_2020,2020,elastic_net,top,1,0.1,0.2,83,0.1464802544661746,0.07228915662650602,0.07419109783966858,calibrated
wf_cal3_2020,2020,elastic_net,top,2,0.2,0.3,24,0.23450183475879371,0.5416666666666666,0.3071648319078729,calibrated
wf_cal3_2020,2020,elastic_net,top,3,0.3,0.4,7,0.3599883562191136,0.0,0.3599883562191136,calibrated
wf_cal3_2020,2020,elastic_net,bottom,0,0.0,0.1,237,0.017271241082816715,0.02531645569620253,0.008045214613385816,calibrated
wf_cal3_2020,2020,elastic_net,bottom,1,0.1,0.2,4,0.1156932166563335,0.0,0.1156932166563335,calibrated
wf_cal3_2020,2020,elastic_net,bottom,2,0.2,0.3,1,0.2228906266253787,1.0,0.7771093733746213,calibrated
wf_cal3_2020,2020,elastic_net,bottom,3,0.3,0.4,1,0.33336863400048766,1.0,0.6666313659995123,calibrated
wf_cal3_2020,2020,shallow_gbdt,top,0,0.0,0.1,121,0.055045500223410274,0.0,0.055045500223410274,calibrated
wf_cal3_2020,2020,shallow_gbdt,top,1,0.1,0.2,56,0.13958529817950857,0.05357142857142857,0.08601386960808,calibrated
wf_cal3_2020,2020,shallow_gbdt,top,2,0.2,0.3,43,0.26366114887688924,0.18604651162790697,0.07761463724898227,calibrated
wf_cal3_2020,2020,shallow_gbdt,top,3,0.3,0.4,23,0.32039087642819575,0.34782608695652173,0.02743521052832598,calibrated
wf_cal3_2020,2020,shallow_gbdt,bottom,0,0.0,0.1,228,0.007233241949528331,0.013157894736842105,0.005924652787313774,calibrated
wf_cal3_2020,2020,shallow_gbdt,bottom,1,0.1,0.2,8,0.14346287237021874,0.5,0.3565371276297813,calibrated
wf_cal3_2020,2020,shallow_gbdt,bottom,2,0.2,0.3,7,0.21640253799510267,0.14285714285714285,0.07354539513795982,calibrated
wf_cal3_2021,2021,elastic_net,top,0,0.0,0.1,138,0.06912541129462303,0.021739130434782608,0.047386280859840424,calibrated
wf_cal3_2021,2021,elastic_net,top,1,0.1,0.2,104,0.12772188866816744,0.14423076923076922,0.016508880562601774,calibrated
wf_cal3_2021,2021,elastic_net,top,2,0.2,0.3,1,0.2089027983124539,0.0,0.2089027983124539,calibrated
wf_cal3_2021,2021,elastic_net,bottom,0,0.0,0.1,233,0.014776679892752637,0.034334763948497854,0.019558084055745217,calibrated
wf_cal3_2021,2021,elastic_net,bottom,1,0.1,0.2,9,0.12501585237878518,0.0,0.12501585237878518,calibrated
wf_cal3_2021,2021,elastic_net,bottom,2,0.2,0.3,1,0.2068082429733471,0.0,0.2068082429733471,calibrated
wf_cal3_2021,2021,shallow_gbdt,top,0,0.0,0.1,144,0.051677617320272,0.020833333333333332,0.030844283986938666,calibrated
wf_cal3_2021,2021,shallow_gbdt,top,1,0.1,0.2,79,0.14178368256383073,0.10126582278481013,0.0405178597790206,calibrated
wf_cal3_2021,2021,shallow_gbdt,top,2,0.2,0.3,20,0.22078748023228462,0.35,0.12921251976771536,calibrated
wf_cal3_2021,2021,shallow_gbdt,bottom,0,0.0,0.1,241,0.004357037322738357,0.03319502074688797,0.02883798342414961,calibrated
wf_cal3_2021,2021,shallow_gbdt,bottom,1,0.1,0.2,2,0.15473741136924501,0.0,0.15473741136924501,calibrated
wf_cal3_2022,2022,elastic_net,top,0,0.0,0.1,219,0.040733470367976636,0.0182648401826484,0.022468630185328235,calibrated
wf_cal3_2022,2022,elastic_net,top,1,0.1,0.2,23,0.12569527020917562,0.30434782608695654,0.17865255587778092,calibrated
wf_cal3_2022,2022,elastic_net,bottom,0,0.0,0.1,189,0.023160160552032707,0.015873015873015872,0.007287144679016835,calibrated
wf_cal3_2022,2022,elastic_net,bottom,1,0.1,0.2,23,0.12939428098846928,0.043478260869565216,0.08591602011890406,calibrated
wf_cal3_2022,2022,elastic_net,bottom,2,0.2,0.3,9,0.24152252122403844,0.1111111111111111,0.13041141011292734,calibrated
wf_cal3_2022,2022,elastic_net,bottom,3,0.3,0.4,6,0.34907631975694936,0.0,0.34907631975694936,calibrated
wf_cal3_2022,2022,elastic_net,bottom,4,0.4,0.5,3,0.4727714301737284,0.0,0.4727714301737284,calibrated
wf_cal3_2022,2022,elastic_net,bottom,5,0.5,0.6,5,0.5468762009898214,0.0,0.5468762009898214,calibrated
wf_cal3_2022,2022,elastic_net,bottom,6,0.6,0.7,4,0.6513775630580162,0.5,0.1513775630580162,calibrated
wf_cal3_2022,2022,elastic_net,bottom,8,0.8,0.9,2,0.8706021872993132,0.5,0.37060218729931316,calibrated
wf_cal3_2022,2022,elastic_net,bottom,9,0.9,1.0,1,0.9096405027698927,1.0,0.09035949723010728,calibrated
wf_cal3_2022,2022,shallow_gbdt,top,0,0.0,0.1,192,0.020846228909930542,0.015625,0.005221228909930542,calibrated
wf_cal3_2022,2022,shallow_gbdt,top,1,0.1,0.2,45,0.14176519339268975,0.17777777777777778,0.03601258438508803,calibrated
wf_cal3_2022,2022,shallow_gbdt,top,2,0.2,0.3,4,0.24670592801547503,0.0,0.24670592801547503,calibrated
wf_cal3_2022,2022,shallow_gbdt,top,3,0.3,0.4,1,0.321744355241092,0.0,0.321744355241092,calibrated
wf_cal3_2022,2022,shallow_gbdt,bottom,0,0.0,0.1,166,0.012244433182676203,0.006024096385542169,0.006220336797134034,calibrated
wf_cal3_2022,2022,shallow_gbdt,bottom,1,0.1,0.2,19,0.14518405118224265,0.05263157894736842,0.09255247223487423,calibrated
wf_cal3_2022,2022,shallow_gbdt,bottom,2,0.2,0.3,9,0.24271672044281173,0.1111111111111111,0.13160560933170062,calibrated
wf_cal3_2022,2022,shallow_gbdt,bottom,3,0.3,0.4,7,0.333887376761514,0.0,0.333887376761514,calibrated
wf_cal3_2022,2022,shallow_gbdt,bottom,4,0.4,0.5,24,0.4712547993268365,0.125,0.3462547993268365,calibrated
wf_cal3_2022,2022,shallow_gbdt,bottom,5,0.5,0.6,17,0.5360440534470337,0.17647058823529413,0.3595734652117395,calibrated
wf_cal3_2023,2023,elastic_net,top,0,0.0,0.1,211,0.026921492724043063,0.04265402843601896,0.015732535711975897,calibrated
wf_cal3_2023,2023,elastic_net,top,1,0.1,0.2,17,0.1453159281993547,0.35294117647058826,0.20762524827123355,calibrated
wf_cal3_2023,2023,elastic_net,top,2,0.2,0.3,14,0.2438441160345434,0.7857142857142857,0.5418701696797423,calibrated
wf_cal3_2023,2023,elastic_net,bottom,0,0.0,0.1,227,0.02487488627622728,0.0,0.02487488627622728,calibrated
wf_cal3_2023,2023,elastic_net,bottom,1,0.1,0.2,12,0.1341856436521627,0.0,0.1341856436521627,calibrated
wf_cal3_2023,2023,elastic_net,bottom,2,0.2,0.3,2,0.2210867268577607,0.0,0.2210867268577607,calibrated
wf_cal3_2023,2023,elastic_net,bottom,3,0.3,0.4,1,0.31888708231065127,0.0,0.31888708231065127,calibrated
wf_cal3_2023,2023,shallow_gbdt,top,0,0.0,0.1,216,0.020422429184716158,0.037037037037037035,0.016614607852320877,calibrated
wf_cal3_2023,2023,shallow_gbdt,top,1,0.1,0.2,21,0.14948635306731836,0.6190476190476191,0.4695612659803007,calibrated
wf_cal3_2023,2023,shallow_gbdt,top,2,0.2,0.3,5,0.2421280874332555,1.0,0.7578719125667445,calibrated
wf_cal3_2023,2023,shallow_gbdt,bottom,0,0.0,0.1,188,0.012940117123012658,0.0,0.012940117123012658,calibrated
wf_cal3_2023,2023,shallow_gbdt,bottom,1,0.1,0.2,20,0.13540399802068465,0.0,0.13540399802068465,calibrated
wf_cal3_2023,2023,shallow_gbdt,bottom,2,0.2,0.3,34,0.24922570620125636,0.0,0.24922570620125636,calibrated
wf_cal3_2024,2024,elastic_net,top,0,0.0,0.1,150,0.016147840004622514,0.013333333333333334,0.00281450667128918,calibrated
wf_cal3_2024,2024,elastic_net,top,1,0.1,0.2,20,0.16582991546125236,0.15,0.01582991546125237,calibrated
wf_cal3_2024,2024,elastic_net,top,2,0.2,0.3,18,0.2607334437538673,0.16666666666666666,0.09406677708720065,calibrated
wf_cal3_2024,2024,elastic_net,top,3,0.3,0.4,7,0.34407364470955976,0.7142857142857143,0.37021206957615455,calibrated
wf_cal3_2024,2024,elastic_net,top,4,0.4,0.5,17,0.45162901129279653,0.23529411764705882,0.2163348936457377,calibrated
wf_cal3_2024,2024,elastic_net,top,5,0.5,0.6,12,0.5562402909764896,0.08333333333333333,0.4729069576431563,calibrated
wf_cal3_2024,2024,elastic_net,top,6,0.6,0.7,8,0.6584022019207567,0.375,0.2834022019207567,calibrated
wf_cal3_2024,2024,elastic_net,top,7,0.7,0.8,6,0.7510713459610393,0.16666666666666666,0.5844046792943727,calibrated
wf_cal3_2024,2024,elastic_net,top,8,0.8,0.9,3,0.8486280941867181,0.3333333333333333,0.5152947608533849,calibrated
wf_cal3_2024,2024,elastic_net,top,9,0.9,1.0,1,0.9412349752795609,1.0,0.058765024720439096,calibrated
wf_cal3_2024,2024,elastic_net,bottom,0,0.0,0.1,228,0.024211544775883505,0.06140350877192982,0.037191963996046316,calibrated
wf_cal3_2024,2024,elastic_net,bottom,1,0.1,0.2,7,0.12165966270452751,0.0,0.12165966270452751,calibrated
wf_cal3_2024,2024,elastic_net,bottom,2,0.2,0.3,3,0.2604569840781006,0.3333333333333333,0.07287634925523273,calibrated
wf_cal3_2024,2024,elastic_net,bottom,3,0.3,0.4,2,0.316249868709539,0.0,0.316249868709539,calibrated
wf_cal3_2024,2024,elastic_net,bottom,4,0.4,0.5,2,0.40660647930960425,0.5,0.09339352069039575,calibrated
wf_cal3_2024,2024,shallow_gbdt,top,0,0.0,0.1,121,0.015194547876530332,0.01652892561983471,0.0013343777433043793,calibrated
wf_cal3_2024,2024,shallow_gbdt,top,1,0.1,0.2,49,0.13970811322213986,0.10204081632653061,0.03766729689560924,calibrated
wf_cal3_2024,2024,shallow_gbdt,top,2,0.2,0.3,28,0.24381150215517738,0.25,0.006188497844822616,calibrated
wf_cal3_2024,2024,shallow_gbdt,top,3,0.3,0.4,31,0.3654756534094533,0.12903225806451613,0.2364433953449372,calibrated
wf_cal3_2024,2024,shallow_gbdt,top,4,0.4,0.5,13,0.4292423824215144,0.46153846153846156,0.03229607911694715,calibrated
wf_cal3_2024,2024,shallow_gbdt,bottom,0,0.0,0.1,196,0.021890232206214597,0.061224489795918366,0.03933425758970377,calibrated
wf_cal3_2024,2024,shallow_gbdt,bottom,1,0.1,0.2,46,0.1255867075416302,0.08695652173913043,0.03863018580249977,calibrated
wf_cal3_2025,2025,elastic_net,top,0,0.0,0.1,110,0.04302363808885269,0.0,0.04302363808885269,calibrated
wf_cal3_2025,2025,elastic_net,top,1,0.1,0.2,60,0.13921682737765934,0.13333333333333333,0.005883494044326004,calibrated
wf_cal3_2025,2025,elastic_net,top,2,0.2,0.3,41,0.25225944961863067,0.12195121951219512,0.13030823010643555,calibrated
wf_cal3_2025,2025,elastic_net,top,3,0.3,0.4,23,0.3341537928723867,0.17391304347826086,0.16024074939412586,calibrated
wf_cal3_2025,2025,elastic_net,top,4,0.4,0.5,7,0.44617413133983835,0.0,0.44617413133983835,calibrated
wf_cal3_2025,2025,elastic_net,top,5,0.5,0.6,1,0.5593847723286103,0.0,0.5593847723286103,calibrated
wf_cal3_2025,2025,elastic_net,top,6,0.6,0.7,1,0.6079976903636938,0.0,0.6079976903636938,calibrated
wf_cal3_2025,2025,elastic_net,bottom,0,0.0,0.1,238,0.020069028991668448,0.02100840336134454,0.0009393743696760916,calibrated
wf_cal3_2025,2025,elastic_net,bottom,1,0.1,0.2,5,0.12440894475381761,0.8,0.6755910552461825,calibrated
wf_cal3_2025,2025,shallow_gbdt,top,0,0.0,0.1,106,0.041686819237732584,0.009433962264150943,0.03225285697358164,calibrated
wf_cal3_2025,2025,shallow_gbdt,top,1,0.1,0.2,57,0.13974021685691804,0.07017543859649122,0.06956477826042681,calibrated
wf_cal3_2025,2025,shallow_gbdt,top,2,0.2,0.3,27,0.25148988235702885,0.25925925925925924,0.007769376902230396,calibrated
wf_cal3_2025,2025,shallow_gbdt,top,3,0.3,0.4,27,0.33132704241910893,0.07407407407407407,0.25725296834503486,calibrated
wf_cal3_2025,2025,shallow_gbdt,top,4,0.4,0.5,19,0.4436097928364035,0.15789473684210525,0.28571505599429825,calibrated
wf_cal3_2025,2025,shallow_gbdt,top,5,0.5,0.6,7,0.5122177858294693,0.0,0.5122177858294693,calibrated
wf_cal3_2025,2025,shallow_gbdt,bottom,0,0.0,0.1,243,0.014464024445238864,0.037037037037037035,0.02257301259179817,calibrated
wf_cal3_2026,2026,elastic_net,top,0,0.0,0.1,99,0.04545120620352919,0.10101010101010101,0.05555889480657182,calibrated
wf_cal3_2026,2026,elastic_net,top,1,0.1,0.2,27,0.14827719588760932,0.3333333333333333,0.185056137445724,calibrated
wf_cal3_2026,2026,elastic_net,top,2,0.2,0.3,12,0.239894286289655,0.25,0.010105713710344993,calibrated
wf_cal3_2026,2026,elastic_net,top,3,0.3,0.4,8,0.3295218029261042,0.5,0.17047819707389578,calibrated
wf_cal3_2026,2026,elastic_net,top,4,0.4,0.5,2,0.4962792879065993,0.0,0.4962792879065993,calibrated
wf_cal3_2026,2026,elastic_net,top,5,0.5,0.6,1,0.511777141348571,0.0,0.511777141348571,calibrated
wf_cal3_2026,2026,elastic_net,bottom,0,0.0,0.1,141,0.029296346823148696,0.03546099290780142,0.006164646084652725,calibrated
wf_cal3_2026,2026,elastic_net,bottom,1,0.1,0.2,7,0.1326494182385178,0.42857142857142855,0.29592201033291077,calibrated
wf_cal3_2026,2026,elastic_net,bottom,2,0.2,0.3,1,0.24394881187224146,1.0,0.7560511881277585,calibrated
wf_cal3_2026,2026,shallow_gbdt,top,0,0.0,0.1,97,0.033791069551718456,0.05154639175257732,0.01775532220085886,calibrated
wf_cal3_2026,2026,shallow_gbdt,top,1,0.1,0.2,29,0.15559469733333103,0.3103448275862069,0.15475013025287587,calibrated
wf_cal3_2026,2026,shallow_gbdt,top,2,0.2,0.3,17,0.25369644236604655,0.5882352941176471,0.33453885175160053,calibrated
wf_cal3_2026,2026,shallow_gbdt,top,3,0.3,0.4,6,0.3168054114098614,0.3333333333333333,0.01652792192347191,calibrated
wf_cal3_2026,2026,shallow_gbdt,bottom,0,0.0,0.1,131,0.012558645548195475,0.015267175572519083,0.002708530024323608,calibrated
wf_cal3_2026,2026,shallow_gbdt,bottom,1,0.1,0.2,18,0.1285833434972146,0.3888888888888889,0.2603055453916743,calibrated
