signal_id,direction,version,event_kind,aggregation,index_id,index_name,observation_unit,match_scope,timing_slice,region_form_slice,region_count,matched_region_count,missed_region_count,region_recall,episode_count,matched_episode_count,false_alarm_count,isolated_false_alarm_count,duplicate_alarm_count,unclassified_episode_count,episode_precision,median_lead_lag_days,q25_lead_lag_days,q75_lead_lag_days
all_a_turnover_heat_top,top,turnover_heat_v1_20120705_20260814,capped_confirmation,all_indices,__all__,全部指数（指数-事件对）,index_region_or_index_episode_pair,loose,all,all,242,47,195,0.19421487603305784,357,47,310,175,67,0,0.13165266106442577,-1.0,-3.0,3.0
all_a_turnover_heat_top,top,turnover_heat_v1_20120705_20260814,capped_confirmation,all_indices,__all__,全部指数（指数-事件对）,index_region_or_index_episode_pair,loose,all,multi_lobe,101,31,70,0.3069306930693069,148,31,117,59,41,0,0.20945945945945946,1.0,-5.0,5.0
all_a_turnover_heat_top,top,turnover_heat_v1_20120705_20260814,capped_confirmation,all_indices,__all__,全部指数（指数-事件对）,index_region_or_index_episode_pair,loose,all,single_lobe,141,16,125,0.11347517730496454,209,16,193,116,26,0,0.07655502392344497,-1.0,-1.25,0.25
all_a_turnover_heat_top,top,turnover_heat_v1_20120705_20260814,capped_confirmation,all_indices,__all__,全部指数（指数-事件对）,index_region_or_index_episode_pair,loose,confirmation,all,242,20,222,0.08264462809917356,165,20,145,65,35,0,0.12121212121212122,4.5,1.75,5.0
all_a_turnover_heat_top,top,turnover_heat_v1_20120705_20260814,capped_confirmation,all_indices,__all__,全部指数（指数-事件对）,index_region_or_index_episode_pair,loose,confirmation,multi_lobe,101,16,85,0.15841584158415842,77,16,61,28,24,0,0.2077922077922078,5.0,3.0,5.0
all_a_turnover_heat_top,top,turnover_heat_v1_20120705_20260814,capped_confirmation,all_indices,__all__,全部指数（指数-事件对）,index_region_or_index_episode_pair,loose,confirmation,single_lobe,141,4,137,0.028368794326241134,88,4,84,37,11,0,0.045454545454545456,1.0,1.0,1.25
all_a_turnover_heat_top,top,turnover_heat_v1_20120705_20260814,capped_confirmation,all_indices,__all__,全部指数（指数-事件对）,index_region_or_index_episode_pair,loose,prediction,all,242,27,215,0.1115702479338843,192,27,165,110,32,0,0.140625,-2.0,-7.5,-1.0
all_a_turnover_heat_top,top,turnover_heat_v1_20120705_20260814,capped_confirmation,all_indices,__all__,全部指数（指数-事件对）,index_region_or_index_episode_pair,loose,prediction,multi_lobe,101,15,86,0.1485148514851485,71,15,56,31,17,0,0.2112676056338028,-5.0,-10.0,-2.5
all_a_turnover_heat_top,top,turnover_heat_v1_20120705_20260814,capped_confirmation,all_indices,__all__,全部指数（指数-事件对）,index_region_or_index_episode_pair,loose,prediction,single_lobe,141,12,129,0.0851063829787234,121,12,109,79,15,0,0.09917355371900827,-1.0,-2.0,-0.75
all_a_turnover_heat_top,top,turnover_heat_v1_20120705_20260814,capped_confirmation,all_indices,__all__,全部指数（指数-事件对）,index_region_or_index_episode_pair,strict,all,all,242,32,210,0.1322314049586777,357,32,325,175,67,0,0.0896358543417367,0.0,-2.0,2.25
all_a_turnover_heat_top,top,turnover_heat_v1_20120705_20260814,capped_confirmation,all_indices,__all__,全部指数（指数-事件对）,index_region_or_index_episode_pair,strict,all,multi_lobe,101,16,85,0.15841584158415842,148,16,132,59,41,0,0.10810810810810811,2.0,-2.25,5.0
all_a_turnover_heat_top,top,turnover_heat_v1_20120705_20260814,capped_confirmation,all_indices,__all__,全部指数（指数-事件对）,index_region_or_index_episode_pair,strict,all,single_lobe,141,16,125,0.11347517730496454,209,16,193,116,26,0,0.07655502392344497,-1.0,-1.25,0.25
all_a_turnover_heat_top,top,turnover_heat_v1_20120705_20260814,capped_confirmation,all_indices,__all__,全部指数（指数-事件对）,index_region_or_index_episode_pair,strict,confirmation,all,242,14,228,0.05785123966942149,165,14,151,65,35,0,0.08484848484848485,3.0,1.0,5.0
all_a_turnover_heat_top,top,turnover_heat_v1_20120705_20260814,capped_confirmation,all_indices,__all__,全部指数（指数-事件对）,index_region_or_index_episode_pair,strict,confirmation,multi_lobe,101,10,91,0.09900990099009901,77,10,67,28,24,0,0.12987012987012986,5.0,3.0,5.0
all_a_turnover_heat_top,top,turnover_heat_v1_20120705_20260814,capped_confirmation,all_indices,__all__,全部指数（指数-事件对）,index_region_or_index_episode_pair,strict,confirmation,single_lobe,141,4,137,0.028368794326241134,88,4,84,37,11,0,0.045454545454545456,1.0,1.0,1.25
all_a_turnover_heat_top,top,turnover_heat_v1_20120705_20260814,capped_confirmation,all_indices,__all__,全部指数（指数-事件对）,index_region_or_index_episode_pair,strict,prediction,all,242,18,224,0.0743801652892562,192,18,174,110,32,0,0.09375,-2.0,-3.0,-1.0
all_a_turnover_heat_top,top,turnover_heat_v1_20120705_20260814,capped_confirmation,all_indices,__all__,全部指数（指数-事件对）,index_region_or_index_episode_pair,strict,prediction,multi_lobe,101,6,95,0.0594059405940594,71,6,65,31,17,0,0.08450704225352113,-4.0,-5.0,-2.25
all_a_turnover_heat_top,top,turnover_heat_v1_20120705_20260814,capped_confirmation,all_indices,__all__,全部指数（指数-事件对）,index_region_or_index_episode_pair,strict,prediction,single_lobe,141,12,129,0.0851063829787234,121,12,109,79,15,0,0.09917355371900827,-1.0,-2.0,-0.75
all_a_turnover_heat_top,top,turnover_heat_v1_20120705_20260814,capped_confirmation,all_indices,__all__,全部指数（指数-事件对）,index_region_or_index_episode_pair,window,all,all,242,115,127,0.47520661157024796,357,115,242,175,67,0,0.32212885154061627,3.0,-3.0,6.0
all_a_turnover_heat_top,top,turnover_heat_v1_20120705_20260814,capped_confirmation,all_indices,__all__,全部指数（指数-事件对）,index_region_or_index_episode_pair,window,all,multi_lobe,101,48,53,0.4752475247524752,148,48,100,59,41,0,0.32432432432432434,1.0,-9.0,5.0
all_a_turnover_heat_top,top,turnover_heat_v1_20120705_20260814,capped_confirmation,all_indices,__all__,全部指数（指数-事件对）,index_region_or_index_episode_pair,window,all,single_lobe,141,67,74,0.475177304964539,209,67,142,116,26,0,0.32057416267942584,4.0,-2.0,6.0
all_a_turnover_heat_top,top,turnover_heat_v1_20120705_20260814,capped_confirmation,all_indices,__all__,全部指数（指数-事件对）,index_region_or_index_episode_pair,window,confirmation,all,242,65,177,0.26859504132231404,165,65,100,65,35,0,0.3939393939393939,5.0,4.0,8.0
all_a_turnover_heat_top,top,turnover_heat_v1_20120705_20260814,capped_confirmation,all_indices,__all__,全部指数（指数-事件对）,index_region_or_index_episode_pair,window,confirmation,multi_lobe,101,25,76,0.24752475247524752,77,25,52,28,24,0,0.3246753246753247,5.0,4.0,6.0
all_a_turnover_heat_top,top,turnover_heat_v1_20120705_20260814,capped_confirmation,all_indices,__all__,全部指数（指数-事件对）,index_region_or_index_episode_pair,window,confirmation,single_lobe,141,40,101,0.28368794326241137,88,40,48,37,11,0,0.45454545454545453,6.0,4.0,9.0
all_a_turnover_heat_top,top,turnover_heat_v1_20120705_20260814,capped_confirmation,all_indices,__all__,全部指数（指数-事件对）,index_region_or_index_episode_pair,window,prediction,all,242,50,192,0.2066115702479339,192,50,142,110,32,0,0.2604166666666667,-4.5,-10.75,-2.0
all_a_turnover_heat_top,top,turnover_heat_v1_20120705_20260814,capped_confirmation,all_indices,__all__,全部指数（指数-事件对）,index_region_or_index_episode_pair,window,prediction,multi_lobe,101,23,78,0.22772277227722773,71,23,48,31,17,0,0.323943661971831,-9.0,-10.5,-4.5
all_a_turnover_heat_top,top,turnover_heat_v1_20120705_20260814,capped_confirmation,all_indices,__all__,全部指数（指数-事件对）,index_region_or_index_episode_pair,window,prediction,single_lobe,141,27,114,0.19148936170212766,121,27,94,79,15,0,0.2231404958677686,-3.0,-10.5,-1.0
all_a_turnover_heat_top,top,turnover_heat_v1_20120705_20260814,capped_confirmation,index,all_a,全A,region_or_episode,loose,all,all,34,9,25,0.2647058823529412,51,9,42,24,11,0,0.17647058823529413,0.0,-3.0,3.0
all_a_turnover_heat_top,top,turnover_heat_v1_20120705_20260814,capped_confirmation,index,all_a,全A,region_or_episode,loose,all,multi_lobe,17,6,11,0.35294117647058826,30,6,24,11,10,0,0.2,0.0,-8.25,4.5
all_a_turnover_heat_top,top,turnover_heat_v1_20120705_20260814,capped_confirmation,index,all_a,全A,region_or_episode,loose,all,single_lobe,17,3,14,0.17647058823529413,21,3,18,13,1,0,0.14285714285714285,0.0,-1.5,0.5
all_a_turnover_heat_top,top,turnover_heat_v1_20120705_20260814,capped_confirmation,index,all_a,全A,region_or_episode,loose,confirmation,all,34,4,30,0.11764705882352941,24,4,20,10,5,0,0.16666666666666666,4.0,2.5,5.0
all_a_turnover_heat_top,top,turnover_heat_v1_20120705_20260814,capped_confirmation,index,all_a,全A,region_or_episode,loose,confirmation,multi_lobe,17,3,14,0.17647058823529413,14,3,11,5,4,0,0.21428571428571427,5.0,4.0,5.0
all_a_turnover_heat_top,top,turnover_heat_v1_20120705_20260814,capped_confirmation,index,all_a,全A,region_or_episode,loose,confirmation,single_lobe,17,1,16,0.058823529411764705,10,1,9,5,1,0,0.1,1.0,1.0,1.0
all_a_turnover_heat_top,top,turnover_heat_v1_20120705_20260814,capped_confirmation,index,all_a,全A,region_or_episode,loose,prediction,all,34,5,29,0.14705882352941177,27,5,22,14,6,0,0.18518518518518517,-3.0,-10.0,-3.0
all_a_turnover_heat_top,top,turnover_heat_v1_20120705_20260814,capped_confirmation,index,all_a,全A,region_or_episode,loose,prediction,multi_lobe,17,3,14,0.17647058823529413,16,3,13,6,6,0,0.1875,-10.0,-14.5,-6.5
all_a_turnover_heat_top,top,turnover_heat_v1_20120705_20260814,capped_confirmation,index,all_a,全A,region_or_episode,loose,prediction,single_lobe,17,2,15,0.11764705882352941,11,2,9,8,0,0,0.18181818181818182,-1.5,-2.25,-0.75
all_a_turnover_heat_top,top,turnover_heat_v1_20120705_20260814,capped_confirmation,index,all_a,全A,region_or_episode,strict,all,all,34,6,28,0.17647058823529413,51,6,45,24,11,0,0.11764705882352941,-1.5,-3.0,0.75
all_a_turnover_heat_top,top,turnover_heat_v1_20120705_20260814,capped_confirmation,index,all_a,全A,region_or_episode,strict,all,multi_lobe,17,3,14,0.17647058823529413,30,3,27,11,10,0,0.1,-3.0,-11.0,1.0
all_a_turnover_heat_top,top,turnover_heat_v1_20120705_20260814,capped_confirmation,index,all_a,全A,region_or_episode,strict,all,single_lobe,17,3,14,0.17647058823529413,21,3,18,13,1,0,0.14285714285714285,0.0,-1.5,0.5
all_a_turnover_heat_top,top,turnover_heat_v1_20120705_20260814,capped_confirmation,index,all_a,全A,region_or_episode,strict,confirmation,all,34,2,32,0.058823529411764705,24,2,22,10,5,0,0.08333333333333333,3.0,2.0,4.0
all_a_turnover_heat_top,top,turnover_heat_v1_20120705_20260814,capped_confirmation,index,all_a,全A,region_or_episode,strict,confirmation,multi_lobe,17,1,16,0.058823529411764705,14,1,13,5,4,0,0.07142857142857142,5.0,5.0,5.0
all_a_turnover_heat_top,top,turnover_heat_v1_20120705_20260814,capped_confirmation,index,all_a,全A,region_or_episode,strict,confirmation,single_lobe,17,1,16,0.058823529411764705,10,1,9,5,1,0,0.1,1.0,1.0,1.0
all_a_turnover_heat_top,top,turnover_heat_v1_20120705_20260814,capped_confirmation,index,all_a,全A,region_or_episode,strict,prediction,all,34,4,30,0.11764705882352941,27,4,23,14,6,0,0.14814814814814814,-3.0,-7.0,-2.25
all_a_turnover_heat_top,top,turnover_heat_v1_20120705_20260814,capped_confirmation,index,all_a,全A,region_or_episode,strict,prediction,multi_lobe,17,2,15,0.11764705882352941,16,2,14,6,6,0,0.125,-11.0,-15.0,-7.0
all_a_turnover_heat_top,top,turnover_heat_v1_20120705_20260814,capped_confirmation,index,all_a,全A,region_or_episode,strict,prediction,single_lobe,17,2,15,0.11764705882352941,11,2,9,8,0,0,0.18181818181818182,-1.5,-2.25,-0.75
all_a_turnover_heat_top,top,turnover_heat_v1_20120705_20260814,capped_confirmation,index,all_a,全A,region_or_episode,window,all,all,34,16,18,0.47058823529411764,51,16,35,24,11,0,0.3137254901960784,2.0,-4.5,5.25
all_a_turnover_heat_top,top,turnover_heat_v1_20120705_20260814,capped_confirmation,index,all_a,全A,region_or_episode,window,all,multi_lobe,17,9,8,0.5294117647058824,30,9,21,11,10,0,0.3,3.0,-9.0,5.0
all_a_turnover_heat_top,top,turnover_heat_v1_20120705_20260814,capped_confirmation,index,all_a,全A,region_or_episode,window,all,single_lobe,17,7,10,0.4117647058823529,21,7,14,13,1,0,0.3333333333333333,1.0,-1.5,5.0
all_a_turnover_heat_top,top,turnover_heat_v1_20120705_20260814,capped_confirmation,index,all_a,全A,region_or_episode,window,confirmation,all,34,9,25,0.2647058823529412,24,9,15,10,5,0,0.375,5.0,4.0,6.0
all_a_turnover_heat_top,top,turnover_heat_v1_20120705_20260814,capped_confirmation,index,all_a,全A,region_or_episode,window,confirmation,multi_lobe,17,5,12,0.29411764705882354,14,5,9,5,4,0,0.35714285714285715,5.0,5.0,6.0
all_a_turnover_heat_top,top,turnover_heat_v1_20120705_20260814,capped_confirmation,index,all_a,全A,region_or_episode,window,confirmation,single_lobe,17,4,13,0.23529411764705882,10,4,6,5,1,0,0.4,5.0,3.25,8.25
all_a_turnover_heat_top,top,turnover_heat_v1_20120705_20260814,capped_confirmation,index,all_a,全A,region_or_episode,window,prediction,all,34,7,27,0.20588235294117646,27,7,20,14,6,0,0.25925925925925924,-9.0,-14.5,-3.0
all_a_turnover_heat_top,top,turnover_heat_v1_20120705_20260814,capped_confirmation,index,all_a,全A,region_or_episode,window,prediction,multi_lobe,17,4,13,0.23529411764705882,16,4,12,6,6,0,0.25,-9.5,-12.25,-7.5
all_a_turnover_heat_top,top,turnover_heat_v1_20120705_20260814,capped_confirmation,index,all_a,全A,region_or_episode,window,prediction,single_lobe,17,3,14,0.17647058823529413,11,3,8,8,0,0,0.2727272727272727,-3.0,-11.0,-1.5
all_a_turnover_heat_top,top,turnover_heat_v1_20120705_20260814,capped_confirmation,index,cni2000,国证2000,region_or_episode,loose,all,all,30,5,25,0.16666666666666666,51,5,46,27,10,0,0.09803921568627451,-2.0,-5.0,-1.0
all_a_turnover_heat_top,top,turnover_heat_v1_20120705_20260814,capped_confirmation,index,cni2000,国证2000,region_or_episode,loose,all,multi_lobe,14,4,10,0.2857142857142857,18,4,14,6,6,0,0.2222222222222222,-3.5,-6.25,2.0
all_a_turnover_heat_top,top,turnover_heat_v1_20120705_20260814,capped_confirmation,index,cni2000,国证2000,region_or_episode,loose,all,single_lobe,16,1,15,0.0625,33,1,32,21,4,0,0.030303030303030304,-1.0,-1.0,-1.0
all_a_turnover_heat_top,top,turnover_heat_v1_20120705_20260814,capped_confirmation,index,cni2000,国证2000,region_or_episode,loose,confirmation,all,30,1,29,0.03333333333333333,22,1,21,10,4,0,0.045454545454545456,14.0,14.0,14.0
all_a_turnover_heat_top,top,turnover_heat_v1_20120705_20260814,capped_confirmation,index,cni2000,国证2000,region_or_episode,loose,confirmation,multi_lobe,14,1,13,0.07142857142857142,8,1,7,3,3,0,0.125,14.0,14.0,14.0
all_a_turnover_heat_top,top,turnover_heat_v1_20120705_20260814,capped_confirmation,index,cni2000,国证2000,region_or_episode,loose,confirmation,single_lobe,16,0,16,0.0,14,0,14,7,1,0,0.0,,,
all_a_turnover_heat_top,top,turnover_heat_v1_20120705_20260814,capped_confirmation,index,cni2000,国证2000,region_or_episode,loose,prediction,all,30,4,26,0.13333333333333333,29,4,25,17,6,0,0.13793103448275862,-3.5,-6.25,-1.75
all_a_turnover_heat_top,top,turnover_heat_v1_20120705_20260814,capped_confirmation,index,cni2000,国证2000,region_or_episode,loose,prediction,multi_lobe,14,3,11,0.21428571428571427,10,3,7,3,3,0,0.3,-5.0,-7.5,-3.5
all_a_turnover_heat_top,top,turnover_heat_v1_20120705_20260814,capped_confirmation,index,cni2000,国证2000,region_or_episode,loose,prediction,single_lobe,16,1,15,0.0625,19,1,18,14,3,0,0.05263157894736842,-1.0,-1.0,-1.0
all_a_turnover_heat_top,top,turnover_heat_v1_20120705_20260814,capped_confirmation,index,cni2000,国证2000,region_or_episode,strict,all,all,30,4,26,0.13333333333333333,51,4,47,27,10,0,0.0784313725490196,-1.5,-2.75,2.75
all_a_turnover_heat_top,top,turnover_heat_v1_20120705_20260814,capped_confirmation,index,cni2000,国证2000,region_or_episode,strict,all,multi_lobe,14,3,11,0.21428571428571427,18,3,15,6,6,0,0.16666666666666666,-2.0,-3.5,6.0
all_a_turnover_heat_top,top,turnover_heat_v1_20120705_20260814,capped_confirmation,index,cni2000,国证2000,region_or_episode,strict,all,single_lobe,16,1,15,0.0625,33,1,32,21,4,0,0.030303030303030304,-1.0,-1.0,-1.0
all_a_turnover_heat_top,top,turnover_heat_v1_20120705_20260814,capped_confirmation,index,cni2000,国证2000,region_or_episode,strict,confirmation,all,30,1,29,0.03333333333333333,22,1,21,10,4,0,0.045454545454545456,14.0,14.0,14.0
all_a_turnover_heat_top,top,turnover_heat_v1_20120705_20260814,capped_confirmation,index,cni2000,国证2000,region_or_episode,strict,confirmation,multi_lobe,14,1,13,0.07142857142857142,8,1,7,3,3,0,0.125,14.0,14.0,14.0
all_a_turnover_heat_top,top,turnover_heat_v1_20120705_20260814,capped_confirmation,index,cni2000,国证2000,region_or_episode,strict,confirmation,single_lobe,16,0,16,0.0,14,0,14,7,1,0,0.0,,,
all_a_turnover_heat_top,top,turnover_heat_v1_20120705_20260814,capped_confirmation,index,cni2000,国证2000,region_or_episode,strict,prediction,all,30,3,27,0.1,29,3,26,17,6,0,0.10344827586206896,-2.0,-3.5,-1.5
all_a_turnover_heat_top,top,turnover_heat_v1_20120705_20260814,capped_confirmation,index,cni2000,国证2000,region_or_episode,strict,prediction,multi_lobe,14,2,12,0.14285714285714285,10,2,8,3,3,0,0.2,-3.5,-4.25,-2.75
all_a_turnover_heat_top,top,turnover_heat_v1_20120705_20260814,capped_confirmation,index,cni2000,国证2000,region_or_episode,strict,prediction,single_lobe,16,1,15,0.0625,19,1,18,14,3,0,0.05263157894736842,-1.0,-1.0,-1.0
all_a_turnover_heat_top,top,turnover_heat_v1_20120705_20260814,capped_confirmation,index,cni2000,国证2000,region_or_episode,window,all,all,30,14,16,0.4666666666666667,51,14,37,27,10,0,0.27450980392156865,4.0,-2.75,5.75
all_a_turnover_heat_top,top,turnover_heat_v1_20120705_20260814,capped_confirmation,index,cni2000,国证2000,region_or_episode,window,all,multi_lobe,14,6,8,0.42857142857142855,18,6,12,6,6,0,0.3333333333333333,-3.5,-8.75,3.25
all_a_turnover_heat_top,top,turnover_heat_v1_20120705_20260814,capped_confirmation,index,cni2000,国证2000,region_or_episode,window,all,single_lobe,16,8,8,0.5,33,8,25,21,4,0,0.24242424242424243,4.0,2.75,6.75
all_a_turnover_heat_top,top,turnover_heat_v1_20120705_20260814,capped_confirmation,index,cni2000,国证2000,region_or_episode,window,confirmation,all,30,8,22,0.26666666666666666,22,8,14,10,4,0,0.36363636363636365,5.5,4.0,10.25
all_a_turnover_heat_top,top,turnover_heat_v1_20120705_20260814,capped_confirmation,index,cni2000,国证2000,region_or_episode,window,confirmation,multi_lobe,14,2,12,0.14285714285714285,8,2,6,3,3,0,0.25,9.5,7.25,11.75
all_a_turnover_heat_top,top,turnover_heat_v1_20120705_20260814,capped_confirmation,index,cni2000,国证2000,region_or_episode,window,confirmation,single_lobe,16,6,10,0.375,14,6,8,7,1,0,0.42857142857142855,5.0,4.0,8.25
all_a_turnover_heat_top,top,turnover_heat_v1_20120705_20260814,capped_confirmation,index,cni2000,国证2000,region_or_episode,window,prediction,all,30,6,24,0.2,29,6,23,17,6,0,0.20689655172413793,-4.0,-8.75,-2.25
all_a_turnover_heat_top,top,turnover_heat_v1_20120705_20260814,capped_confirmation,index,cni2000,国证2000,region_or_episode,window,prediction,multi_lobe,14,4,10,0.2857142857142857,10,4,6,3,3,0,0.4,-7.5,-10.75,-4.25
all_a_turnover_heat_top,top,turnover_heat_v1_20120705_20260814,capped_confirmation,index,cni2000,国证2000,region_or_episode,window,prediction,single_lobe,16,2,14,0.125,19,2,17,14,3,0,0.10526315789473684,-2.0,-2.5,-1.5
all_a_turnover_heat_top,top,turnover_heat_v1_20120705_20260814,capped_confirmation,index,csi1000,中证1000,region_or_episode,loose,all,all,31,5,26,0.16129032258064516,51,5,46,27,9,0,0.09803921568627451,3.0,-1.0,5.0
all_a_turnover_heat_top,top,turnover_heat_v1_20120705_20260814,capped_confirmation,index,csi1000,中证1000,region_or_episode,loose,all,multi_lobe,12,4,8,0.3333333333333333,18,4,14,6,6,0,0.2222222222222222,4.0,-0.25,7.25
all_a_turnover_heat_top,top,turnover_heat_v1_20120705_20260814,capped_confirmation,index,csi1000,中证1000,region_or_episode,loose,all,single_lobe,19,1,18,0.05263157894736842,33,1,32,21,3,0,0.030303030303030304,-1.0,-1.0,-1.0
all_a_turnover_heat_top,top,turnover_heat_v1_20120705_20260814,capped_confirmation,index,csi1000,中证1000,region_or_episode,loose,confirmation,all,31,3,28,0.0967741935483871,25,3,22,11,5,0,0.12,5.0,4.0,9.5
all_a_turnover_heat_top,top,turnover_heat_v1_20120705_20260814,capped_confirmation,index,csi1000,中证1000,region_or_episode,loose,confirmation,multi_lobe,12,3,9,0.25,10,3,7,3,4,0,0.3,5.0,4.0,9.5
all_a_turnover_heat_top,top,turnover_heat_v1_20120705_20260814,capped_confirmation,index,csi1000,中证1000,region_or_episode,loose,confirmation,single_lobe,19,0,19,0.0,15,0,15,8,1,0,0.0,,,
all_a_turnover_heat_top,top,turnover_heat_v1_20120705_20260814,capped_confirmation,index,csi1000,中证1000,region_or_episode,loose,prediction,all,31,2,29,0.06451612903225806,26,2,24,16,4,0,0.07692307692307693,-5.5,-7.75,-3.25
all_a_turnover_heat_top,top,turnover_heat_v1_20120705_20260814,capped_confirmation,index,csi1000,中证1000,region_or_episode,loose,prediction,multi_lobe,12,1,11,0.08333333333333333,8,1,7,3,2,0,0.125,-10.0,-10.0,-10.0
all_a_turnover_heat_top,top,turnover_heat_v1_20120705_20260814,capped_confirmation,index,csi1000,中证1000,region_or_episode,loose,prediction,single_lobe,19,1,18,0.05263157894736842,18,1,17,13,2,0,0.05555555555555555,-1.0,-1.0,-1.0
all_a_turnover_heat_top,top,turnover_heat_v1_20120705_20260814,capped_confirmation,index,csi1000,中证1000,region_or_episode,strict,all,all,31,4,27,0.12903225806451613,51,4,47,27,9,0,0.0784313725490196,4.0,2.0,7.25
all_a_turnover_heat_top,top,turnover_heat_v1_20120705_20260814,capped_confirmation,index,csi1000,中证1000,region_or_episode,strict,all,multi_lobe,12,3,9,0.25,18,3,15,6,6,0,0.16666666666666666,5.0,4.0,9.5
all_a_turnover_heat_top,top,turnover_heat_v1_20120705_20260814,capped_confirmation,index,csi1000,中证1000,region_or_episode,strict,all,single_lobe,19,1,18,0.05263157894736842,33,1,32,21,3,0,0.030303030303030304,-1.0,-1.0,-1.0
all_a_turnover_heat_top,top,turnover_heat_v1_20120705_20260814,capped_confirmation,index,csi1000,中证1000,region_or_episode,strict,confirmation,all,31,3,28,0.0967741935483871,25,3,22,11,5,0,0.12,5.0,4.0,9.5
all_a_turnover_heat_top,top,turnover_heat_v1_20120705_20260814,capped_confirmation,index,csi1000,中证1000,region_or_episode,strict,confirmation,multi_lobe,12,3,9,0.25,10,3,7,3,4,0,0.3,5.0,4.0,9.5
all_a_turnover_heat_top,top,turnover_heat_v1_20120705_20260814,capped_confirmation,index,csi1000,中证1000,region_or_episode,strict,confirmation,single_lobe,19,0,19,0.0,15,0,15,8,1,0,0.0,,,
all_a_turnover_heat_top,top,turnover_heat_v1_20120705_20260814,capped_confirmation,index,csi1000,中证1000,region_or_episode,strict,prediction,all,31,1,30,0.03225806451612903,26,1,25,16,4,0,0.038461538461538464,-1.0,-1.0,-1.0
all_a_turnover_heat_top,top,turnover_heat_v1_20120705_20260814,capped_confirmation,index,csi1000,中证1000,region_or_episode,strict,prediction,multi_lobe,12,0,12,0.0,8,0,8,3,2,0,0.0,,,
all_a_turnover_heat_top,top,turnover_heat_v1_20120705_20260814,capped_confirmation,index,csi1000,中证1000,region_or_episode,strict,prediction,single_lobe,19,1,18,0.05263157894736842,18,1,17,13,2,0,0.05555555555555555,-1.0,-1.0,-1.0
all_a_turnover_heat_top,top,turnover_heat_v1_20120705_20260814,capped_confirmation,index,csi1000,中证1000,region_or_episode,window,all,all,31,15,16,0.4838709677419355,51,15,36,27,9,0,0.29411764705882354,4.0,-4.0,6.0
all_a_turnover_heat_top,top,turnover_heat_v1_20120705_20260814,capped_confirmation,index,csi1000,中证1000,region_or_episode,window,all,multi_lobe,12,6,6,0.5,18,6,12,6,6,0,0.3333333333333333,-1.5,-9.0,4.5
all_a_turnover_heat_top,top,turnover_heat_v1_20120705_20260814,capped_confirmation,index,csi1000,中证1000,region_or_episode,window,all,single_lobe,19,9,10,0.47368421052631576,33,9,24,21,3,0,0.2727272727272727,4.0,-1.0,6.0
all_a_turnover_heat_top,top,turnover_heat_v1_20120705_20260814,capped_confirmation,index,csi1000,中证1000,region_or_episode,window,confirmation,all,31,9,22,0.2903225806451613,25,9,16,11,5,0,0.36,6.0,4.0,9.0
all_a_turnover_heat_top,top,turnover_heat_v1_20120705_20260814,capped_confirmation,index,csi1000,中证1000,region_or_episode,window,confirmation,multi_lobe,12,3,9,0.25,10,3,7,3,4,0,0.3,5.0,4.0,9.5
all_a_turnover_heat_top,top,turnover_heat_v1_20120705_20260814,capped_confirmation,index,csi1000,中证1000,region_or_episode,window,confirmation,single_lobe,19,6,13,0.3157894736842105,15,6,9,8,1,0,0.4,6.0,4.5,8.25
all_a_turnover_heat_top,top,turnover_heat_v1_20120705_20260814,capped_confirmation,index,csi1000,中证1000,region_or_episode,window,prediction,all,31,6,25,0.1935483870967742,26,6,20,16,4,0,0.23076923076923078,-7.5,-9.75,-3.0
all_a_turnover_heat_top,top,turnover_heat_v1_20120705_20260814,capped_confirmation,index,csi1000,中证1000,region_or_episode,window,prediction,multi_lobe,12,3,9,0.25,8,3,5,3,2,0,0.375,-10.0,-11.5,-8.0
all_a_turnover_heat_top,top,turnover_heat_v1_20120705_20260814,capped_confirmation,index,csi1000,中证1000,region_or_episode,window,prediction,single_lobe,19,3,16,0.15789473684210525,18,3,15,13,2,0,0.16666666666666666,-2.0,-5.5,-1.5
all_a_turnover_heat_top,top,turnover_heat_v1_20120705_20260814,capped_confirmation,index,csi300,沪深300,region_or_episode,loose,all,all,37,8,29,0.21621621621621623,51,8,43,21,12,0,0.1568627450980392,1.0,0.25,4.25
all_a_turnover_heat_top,top,turnover_heat_v1_20120705_20260814,capped_confirmation,index,csi300,沪深300,region_or_episode,loose,all,multi_lobe,12,5,7,0.4166666666666667,22,5,17,10,6,0,0.22727272727272727,4.0,1.0,5.0
all_a_turnover_heat_top,top,turnover_heat_v1_20120705_20260814,capped_confirmation,index,csi300,沪深300,region_or_episode,loose,all,single_lobe,25,3,22,0.12,29,3,26,11,6,0,0.10344827586206896,1.0,-0.5,1.0
all_a_turnover_heat_top,top,turnover_heat_v1_20120705_20260814,capped_confirmation,index,csi300,沪深300,region_or_episode,loose,confirmation,all,37,6,31,0.16216216216216217,28,6,22,8,7,0,0.21428571428571427,2.5,1.0,4.75
all_a_turnover_heat_top,top,turnover_heat_v1_20120705_20260814,capped_confirmation,index,csi300,沪深300,region_or_episode,loose,confirmation,multi_lobe,12,4,8,0.3333333333333333,15,4,11,5,5,0,0.26666666666666666,4.5,3.25,5.0
all_a_turnover_heat_top,top,turnover_heat_v1_20120705_20260814,capped_confirmation,index,csi300,沪深300,region_or_episode,loose,confirmation,single_lobe,25,2,23,0.08,13,2,11,3,2,0,0.15384615384615385,1.0,1.0,1.0
all_a_turnover_heat_top,top,turnover_heat_v1_20120705_20260814,capped_confirmation,index,csi300,沪深300,region_or_episode,loose,prediction,all,37,2,35,0.05405405405405406,23,2,21,13,5,0,0.08695652173913043,-3.5,-4.25,-2.75
all_a_turnover_heat_top,top,turnover_heat_v1_20120705_20260814,capped_confirmation,index,csi300,沪深300,region_or_episode,loose,prediction,multi_lobe,12,1,11,0.08333333333333333,7,1,6,5,1,0,0.14285714285714285,-5.0,-5.0,-5.0
all_a_turnover_heat_top,top,turnover_heat_v1_20120705_20260814,capped_confirmation,index,csi300,沪深300,region_or_episode,loose,prediction,single_lobe,25,1,24,0.04,16,1,15,8,4,0,0.0625,-2.0,-2.0,-2.0
all_a_turnover_heat_top,top,turnover_heat_v1_20120705_20260814,capped_confirmation,index,csi300,沪深300,region_or_episode,strict,all,all,37,6,31,0.16216216216216217,51,6,45,21,12,0,0.11764705882352941,1.0,-1.25,1.0
all_a_turnover_heat_top,top,turnover_heat_v1_20120705_20260814,capped_confirmation,index,csi300,沪深300,region_or_episode,strict,all,multi_lobe,12,3,9,0.25,22,3,19,10,6,0,0.13636363636363635,1.0,-2.0,3.0
all_a_turnover_heat_top,top,turnover_heat_v1_20120705_20260814,capped_confirmation,index,csi300,沪深300,region_or_episode,strict,all,single_lobe,25,3,22,0.12,29,3,26,11,6,0,0.10344827586206896,1.0,-0.5,1.0
all_a_turnover_heat_top,top,turnover_heat_v1_20120705_20260814,capped_confirmation,index,csi300,沪深300,region_or_episode,strict,confirmation,all,37,4,33,0.10810810810810811,28,4,24,8,7,0,0.14285714285714285,1.0,1.0,2.0
all_a_turnover_heat_top,top,turnover_heat_v1_20120705_20260814,capped_confirmation,index,csi300,沪深300,region_or_episode,strict,confirmation,multi_lobe,12,2,10,0.16666666666666666,15,2,13,5,5,0,0.13333333333333333,3.0,2.0,4.0
all_a_turnover_heat_top,top,turnover_heat_v1_20120705_20260814,capped_confirmation,index,csi300,沪深300,region_or_episode,strict,confirmation,single_lobe,25,2,23,0.08,13,2,11,3,2,0,0.15384615384615385,1.0,1.0,1.0
all_a_turnover_heat_top,top,turnover_heat_v1_20120705_20260814,capped_confirmation,index,csi300,沪深300,region_or_episode,strict,prediction,all,37,2,35,0.05405405405405406,23,2,21,13,5,0,0.08695652173913043,-3.5,-4.25,-2.75
all_a_turnover_heat_top,top,turnover_heat_v1_20120705_20260814,capped_confirmation,index,csi300,沪深300,region_or_episode,strict,prediction,multi_lobe,12,1,11,0.08333333333333333,7,1,6,5,1,0,0.14285714285714285,-5.0,-5.0,-5.0
all_a_turnover_heat_top,top,turnover_heat_v1_20120705_20260814,capped_confirmation,index,csi300,沪深300,region_or_episode,strict,prediction,single_lobe,25,1,24,0.04,16,1,15,8,4,0,0.0625,-2.0,-2.0,-2.0
all_a_turnover_heat_top,top,turnover_heat_v1_20120705_20260814,capped_confirmation,index,csi300,沪深300,region_or_episode,window,all,all,37,18,19,0.4864864864864865,51,18,33,21,12,0,0.35294117647058826,4.0,-1.25,5.0
all_a_turnover_heat_top,top,turnover_heat_v1_20120705_20260814,capped_confirmation,index,csi300,沪深300,region_or_episode,window,all,multi_lobe,12,6,6,0.5,22,6,16,10,6,0,0.2727272727272727,4.5,1.75,5.0
all_a_turnover_heat_top,top,turnover_heat_v1_20120705_20260814,capped_confirmation,index,csi300,沪深300,region_or_episode,window,all,single_lobe,25,12,13,0.48,29,12,17,11,6,0,0.41379310344827586,2.5,-2.25,5.0
all_a_turnover_heat_top,top,turnover_heat_v1_20120705_20260814,capped_confirmation,index,csi300,沪深300,region_or_episode,window,confirmation,all,37,13,24,0.35135135135135137,28,13,15,8,7,0,0.4642857142857143,4.0,4.0,6.0
all_a_turnover_heat_top,top,turnover_heat_v1_20120705_20260814,capped_confirmation,index,csi300,沪深300,region_or_episode,window,confirmation,multi_lobe,12,5,7,0.4166666666666667,15,5,10,5,5,0,0.3333333333333333,5.0,4.0,5.0
all_a_turnover_heat_top,top,turnover_heat_v1_20120705_20260814,capped_confirmation,index,csi300,沪深300,region_or_episode,window,confirmation,single_lobe,25,8,17,0.32,13,8,5,3,2,0,0.6153846153846154,4.0,3.25,9.75
all_a_turnover_heat_top,top,turnover_heat_v1_20120705_20260814,capped_confirmation,index,csi300,沪深300,region_or_episode,window,prediction,all,37,5,32,0.13513513513513514,23,5,18,13,5,0,0.21739130434782608,-5.0,-13.0,-3.0
all_a_turnover_heat_top,top,turnover_heat_v1_20120705_20260814,capped_confirmation,index,csi300,沪深300,region_or_episode,window,prediction,multi_lobe,12,1,11,0.08333333333333333,7,1,6,5,1,0,0.14285714285714285,-5.0,-5.0,-5.0
all_a_turnover_heat_top,top,turnover_heat_v1_20120705_20260814,capped_confirmation,index,csi300,沪深300,region_or_episode,window,prediction,single_lobe,25,4,21,0.16,16,4,12,8,4,0,0.25,-8.0,-14.25,-2.75
all_a_turnover_heat_top,top,turnover_heat_v1_20120705_20260814,capped_confirmation,index,csi500,中证500,region_or_episode,loose,all,all,35,6,29,0.17142857142857143,51,6,45,26,7,0,0.11764705882352941,-1.0,-1.75,-0.25
all_a_turnover_heat_top,top,turnover_heat_v1_20120705_20260814,capped_confirmation,index,csi500,中证500,region_or_episode,loose,all,multi_lobe,12,3,9,0.25,16,3,13,6,4,0,0.1875,-2.0,-6.0,1.5
all_a_turnover_heat_top,top,turnover_heat_v1_20120705_20260814,capped_confirmation,index,csi500,中证500,region_or_episode,loose,all,single_lobe,23,3,20,0.13043478260869565,35,3,32,20,3,0,0.08571428571428572,-1.0,-1.0,-0.5
all_a_turnover_heat_top,top,turnover_heat_v1_20120705_20260814,capped_confirmation,index,csi500,中证500,region_or_episode,loose,confirmation,all,35,1,34,0.02857142857142857,22,1,21,8,6,0,0.045454545454545456,5.0,5.0,5.0
all_a_turnover_heat_top,top,turnover_heat_v1_20120705_20260814,capped_confirmation,index,csi500,中证500,region_or_episode,loose,confirmation,multi_lobe,12,1,11,0.08333333333333333,8,1,7,2,4,0,0.125,5.0,5.0,5.0
all_a_turnover_heat_top,top,turnover_heat_v1_20120705_20260814,capped_confirmation,index,csi500,中证500,region_or_episode,loose,confirmation,single_lobe,23,0,23,0.0,14,0,14,6,2,0,0.0,,,
all_a_turnover_heat_top,top,turnover_heat_v1_20120705_20260814,capped_confirmation,index,csi500,中证500,region_or_episode,loose,prediction,all,35,5,30,0.14285714285714285,29,5,24,18,1,0,0.1724137931034483,-1.0,-2.0,-1.0
all_a_turnover_heat_top,top,turnover_heat_v1_20120705_20260814,capped_confirmation,index,csi500,中证500,region_or_episode,loose,prediction,multi_lobe,12,2,10,0.16666666666666666,8,2,6,4,0,0,0.25,-6.0,-8.0,-4.0
all_a_turnover_heat_top,top,turnover_heat_v1_20120705_20260814,capped_confirmation,index,csi500,中证500,region_or_episode,loose,prediction,single_lobe,23,3,20,0.13043478260869565,21,3,18,14,1,0,0.14285714285714285,-1.0,-1.0,-0.5
all_a_turnover_heat_top,top,turnover_heat_v1_20120705_20260814,capped_confirmation,index,csi500,中证500,region_or_episode,strict,all,all,35,3,32,0.08571428571428572,51,3,48,26,7,0,0.058823529411764705,-1.0,-1.0,-0.5
all_a_turnover_heat_top,top,turnover_heat_v1_20120705_20260814,capped_confirmation,index,csi500,中证500,region_or_episode,strict,all,multi_lobe,12,0,12,0.0,16,0,16,6,4,0,0.0,,,
all_a_turnover_heat_top,top,turnover_heat_v1_20120705_20260814,capped_confirmation,index,csi500,中证500,region_or_episode,strict,all,single_lobe,23,3,20,0.13043478260869565,35,3,32,20,3,0,0.08571428571428572,-1.0,-1.0,-0.5
all_a_turnover_heat_top,top,turnover_heat_v1_20120705_20260814,capped_confirmation,index,csi500,中证500,region_or_episode,strict,confirmation,all,35,0,35,0.0,22,0,22,8,6,0,0.0,,,
all_a_turnover_heat_top,top,turnover_heat_v1_20120705_20260814,capped_confirmation,index,csi500,中证500,region_or_episode,strict,confirmation,multi_lobe,12,0,12,0.0,8,0,8,2,4,0,0.0,,,
all_a_turnover_heat_top,top,turnover_heat_v1_20120705_20260814,capped_confirmation,index,csi500,中证500,region_or_episode,strict,confirmation,single_lobe,23,0,23,0.0,14,0,14,6,2,0,0.0,,,
all_a_turnover_heat_top,top,turnover_heat_v1_20120705_20260814,capped_confirmation,index,csi500,中证500,region_or_episode,strict,prediction,all,35,3,32,0.08571428571428572,29,3,26,18,1,0,0.10344827586206896,-1.0,-1.0,-0.5
all_a_turnover_heat_top,top,turnover_heat_v1_20120705_20260814,capped_confirmation,index,csi500,中证500,region_or_episode,strict,prediction,multi_lobe,12,0,12,0.0,8,0,8,4,0,0,0.0,,,
all_a_turnover_heat_top,top,turnover_heat_v1_20120705_20260814,capped_confirmation,index,csi500,中证500,region_or_episode,strict,prediction,single_lobe,23,3,20,0.13043478260869565,21,3,18,14,1,0,0.14285714285714285,-1.0,-1.0,-0.5
all_a_turnover_heat_top,top,turnover_heat_v1_20120705_20260814,capped_confirmation,index,csi500,中证500,region_or_episode,window,all,all,35,18,17,0.5142857142857142,51,18,33,26,7,0,0.35294117647058826,-0.5,-5.0,6.0
all_a_turnover_heat_top,top,turnover_heat_v1_20120705_20260814,capped_confirmation,index,csi500,中证500,region_or_episode,window,all,multi_lobe,12,6,6,0.5,16,6,10,6,4,0,0.375,-4.0,-8.25,3.25
all_a_turnover_heat_top,top,turnover_heat_v1_20120705_20260814,capped_confirmation,index,csi500,中证500,region_or_episode,window,all,single_lobe,23,12,11,0.5217391304347826,35,12,23,20,3,0,0.34285714285714286,2.0,-1.25,6.25
all_a_turnover_heat_top,top,turnover_heat_v1_20120705_20260814,capped_confirmation,index,csi500,中证500,region_or_episode,window,confirmation,all,35,8,27,0.22857142857142856,22,8,14,8,6,0,0.36363636363636365,6.5,5.75,8.25
all_a_turnover_heat_top,top,turnover_heat_v1_20120705_20260814,capped_confirmation,index,csi500,中证500,region_or_episode,window,confirmation,multi_lobe,12,2,10,0.16666666666666666,8,2,6,2,4,0,0.25,6.5,5.75,7.25
all_a_turnover_heat_top,top,turnover_heat_v1_20120705_20260814,capped_confirmation,index,csi500,中证500,region_or_episode,window,confirmation,single_lobe,23,6,17,0.2608695652173913,14,6,8,6,2,0,0.42857142857142855,6.5,6.0,8.5
all_a_turnover_heat_top,top,turnover_heat_v1_20120705_20260814,capped_confirmation,index,csi500,中证500,region_or_episode,window,prediction,all,35,10,25,0.2857142857142857,29,10,19,18,1,0,0.3448275862068966,-4.0,-9.75,-1.25
all_a_turnover_heat_top,top,turnover_heat_v1_20120705_20260814,capped_confirmation,index,csi500,中证500,region_or_episode,window,prediction,multi_lobe,12,4,8,0.3333333333333333,8,4,4,4,0,0,0.5,-7.5,-9.25,-5.0
all_a_turnover_heat_top,top,turnover_heat_v1_20120705_20260814,capped_confirmation,index,csi500,中证500,region_or_episode,window,prediction,single_lobe,23,6,17,0.2608695652173913,21,6,15,14,1,0,0.2857142857142857,-1.5,-11.0,-1.0
all_a_turnover_heat_top,top,turnover_heat_v1_20120705_20260814,capped_confirmation,index,microcap,微盘股,region_or_episode,loose,all,all,30,4,26,0.13333333333333333,51,4,47,30,8,0,0.0784313725490196,-1.5,-2.5,0.0
all_a_turnover_heat_top,top,turnover_heat_v1_20120705_20260814,capped_confirmation,index,microcap,微盘股,region_or_episode,loose,all,multi_lobe,15,3,12,0.2,22,3,19,11,5,0,0.13636363636363635,-2.0,-3.0,0.5
all_a_turnover_heat_top,top,turnover_heat_v1_20120705_20260814,capped_confirmation,index,microcap,微盘股,region_or_episode,loose,all,single_lobe,15,1,14,0.06666666666666667,29,1,28,19,3,0,0.034482758620689655,-1.0,-1.0,-1.0
all_a_turnover_heat_top,top,turnover_heat_v1_20120705_20260814,capped_confirmation,index,microcap,微盘股,region_or_episode,loose,confirmation,all,30,1,29,0.03333333333333333,19,1,18,10,4,0,0.05263157894736842,3.0,3.0,3.0
all_a_turnover_heat_top,top,turnover_heat_v1_20120705_20260814,capped_confirmation,index,microcap,微盘股,region_or_episode,loose,confirmation,multi_lobe,15,1,14,0.06666666666666667,7,1,6,4,1,0,0.14285714285714285,3.0,3.0,3.0
all_a_turnover_heat_top,top,turnover_heat_v1_20120705_20260814,capped_confirmation,index,microcap,微盘股,region_or_episode,loose,confirmation,single_lobe,15,0,15,0.0,12,0,12,6,3,0,0.0,,,
all_a_turnover_heat_top,top,turnover_heat_v1_20120705_20260814,capped_confirmation,index,microcap,微盘股,region_or_episode,loose,prediction,all,30,3,27,0.1,32,3,29,20,4,0,0.09375,-2.0,-3.0,-1.5
all_a_turnover_heat_top,top,turnover_heat_v1_20120705_20260814,capped_confirmation,index,microcap,微盘股,region_or_episode,loose,prediction,multi_lobe,15,2,13,0.13333333333333333,15,2,13,7,4,0,0.13333333333333333,-3.0,-3.5,-2.5
all_a_turnover_heat_top,top,turnover_heat_v1_20120705_20260814,capped_confirmation,index,microcap,微盘股,region_or_episode,loose,prediction,single_lobe,15,1,14,0.06666666666666667,17,1,16,13,0,0,0.058823529411764705,-1.0,-1.0,-1.0
all_a_turnover_heat_top,top,turnover_heat_v1_20120705_20260814,capped_confirmation,index,microcap,微盘股,region_or_episode,strict,all,all,30,2,28,0.06666666666666667,51,2,49,30,8,0,0.0392156862745098,1.0,0.0,2.0
all_a_turnover_heat_top,top,turnover_heat_v1_20120705_20260814,capped_confirmation,index,microcap,微盘股,region_or_episode,strict,all,multi_lobe,15,1,14,0.06666666666666667,22,1,21,11,5,0,0.045454545454545456,3.0,3.0,3.0
all_a_turnover_heat_top,top,turnover_heat_v1_20120705_20260814,capped_confirmation,index,microcap,微盘股,region_or_episode,strict,all,single_lobe,15,1,14,0.06666666666666667,29,1,28,19,3,0,0.034482758620689655,-1.0,-1.0,-1.0
all_a_turnover_heat_top,top,turnover_heat_v1_20120705_20260814,capped_confirmation,index,microcap,微盘股,region_or_episode,strict,confirmation,all,30,1,29,0.03333333333333333,19,1,18,10,4,0,0.05263157894736842,3.0,3.0,3.0
all_a_turnover_heat_top,top,turnover_heat_v1_20120705_20260814,capped_confirmation,index,microcap,微盘股,region_or_episode,strict,confirmation,multi_lobe,15,1,14,0.06666666666666667,7,1,6,4,1,0,0.14285714285714285,3.0,3.0,3.0
all_a_turnover_heat_top,top,turnover_heat_v1_20120705_20260814,capped_confirmation,index,microcap,微盘股,region_or_episode,strict,confirmation,single_lobe,15,0,15,0.0,12,0,12,6,3,0,0.0,,,
all_a_turnover_heat_top,top,turnover_heat_v1_20120705_20260814,capped_confirmation,index,microcap,微盘股,region_or_episode,strict,prediction,all,30,1,29,0.03333333333333333,32,1,31,20,4,0,0.03125,-1.0,-1.0,-1.0
all_a_turnover_heat_top,top,turnover_heat_v1_20120705_20260814,capped_confirmation,index,microcap,微盘股,region_or_episode,strict,prediction,multi_lobe,15,0,15,0.0,15,0,15,7,4,0,0.0,,,
all_a_turnover_heat_top,top,turnover_heat_v1_20120705_20260814,capped_confirmation,index,microcap,微盘股,region_or_episode,strict,prediction,single_lobe,15,1,14,0.06666666666666667,17,1,16,13,0,0,0.058823529411764705,-1.0,-1.0,-1.0
all_a_turnover_heat_top,top,turnover_heat_v1_20120705_20260814,capped_confirmation,index,microcap,微盘股,region_or_episode,window,all,all,30,13,17,0.43333333333333335,51,13,38,30,8,0,0.2549019607843137,-2.0,-4.0,4.0
all_a_turnover_heat_top,top,turnover_heat_v1_20120705_20260814,capped_confirmation,index,microcap,微盘股,region_or_episode,window,all,multi_lobe,15,6,9,0.4,22,6,16,11,5,0,0.2727272727272727,-3.0,-7.75,1.75
all_a_turnover_heat_top,top,turnover_heat_v1_20120705_20260814,capped_confirmation,index,microcap,微盘股,region_or_episode,window,all,single_lobe,15,7,8,0.4666666666666667,29,7,22,19,3,0,0.2413793103448276,-1.0,-2.5,6.5
all_a_turnover_heat_top,top,turnover_heat_v1_20120705_20260814,capped_confirmation,index,microcap,微盘股,region_or_episode,window,confirmation,all,30,5,25,0.16666666666666666,19,5,14,10,4,0,0.2631578947368421,4.0,4.0,9.0
all_a_turnover_heat_top,top,turnover_heat_v1_20120705_20260814,capped_confirmation,index,microcap,微盘股,region_or_episode,window,confirmation,multi_lobe,15,2,13,0.13333333333333333,7,2,5,4,1,0,0.2857142857142857,3.5,3.25,3.75
all_a_turnover_heat_top,top,turnover_heat_v1_20120705_20260814,capped_confirmation,index,microcap,微盘股,region_or_episode,window,confirmation,single_lobe,15,3,12,0.2,12,3,9,6,3,0,0.25,9.0,6.5,12.0
all_a_turnover_heat_top,top,turnover_heat_v1_20120705_20260814,capped_confirmation,index,microcap,微盘股,region_or_episode,window,prediction,all,30,8,22,0.26666666666666666,32,8,24,20,4,0,0.25,-3.5,-9.5,-2.0
all_a_turnover_heat_top,top,turnover_heat_v1_20120705_20260814,capped_confirmation,index,microcap,微盘股,region_or_episode,window,prediction,multi_lobe,15,4,11,0.26666666666666666,15,4,11,7,4,0,0.26666666666666666,-6.5,-9.5,-3.5
all_a_turnover_heat_top,top,turnover_heat_v1_20120705_20260814,capped_confirmation,index,microcap,微盘股,region_or_episode,window,prediction,single_lobe,15,4,11,0.26666666666666666,17,4,13,13,0,0,0.23529411764705882,-2.5,-5.25,-1.75
all_a_turnover_heat_top,top,turnover_heat_v1_20120705_20260814,capped_confirmation,index,sse_composite,上证指数,region_or_episode,loose,all,all,45,10,35,0.2222222222222222,51,10,41,20,10,0,0.19607843137254902,-1.0,-2.75,1.75
all_a_turnover_heat_top,top,turnover_heat_v1_20120705_20260814,capped_confirmation,index,sse_composite,上证指数,region_or_episode,loose,all,multi_lobe,19,6,13,0.3157894736842105,22,6,16,9,4,0,0.2727272727272727,-0.5,-8.75,4.0
all_a_turnover_heat_top,top,turnover_heat_v1_20120705_20260814,capped_confirmation,index,sse_composite,上证指数,region_or_episode,loose,all,single_lobe,26,4,22,0.15384615384615385,29,4,25,11,6,0,0.13793103448275862,-1.0,-2.25,0.5
all_a_turnover_heat_top,top,turnover_heat_v1_20120705_20260814,capped_confirmation,index,sse_composite,上证指数,region_or_episode,loose,confirmation,all,45,4,41,0.08888888888888889,25,4,21,8,4,0,0.16,3.5,1.75,5.0
all_a_turnover_heat_top,top,turnover_heat_v1_20120705_20260814,capped_confirmation,index,sse_composite,上证指数,region_or_episode,loose,confirmation,multi_lobe,19,3,16,0.15789473684210525,15,3,12,6,3,0,0.2,5.0,3.0,5.0
all_a_turnover_heat_top,top,turnover_heat_v1_20120705_20260814,capped_confirmation,index,sse_composite,上证指数,region_or_episode,loose,confirmation,single_lobe,26,1,25,0.038461538461538464,10,1,9,2,1,0,0.1,2.0,2.0,2.0
all_a_turnover_heat_top,top,turnover_heat_v1_20120705_20260814,capped_confirmation,index,sse_composite,上证指数,region_or_episode,loose,prediction,all,45,6,39,0.13333333333333333,26,6,20,12,6,0,0.23076923076923078,-2.5,-9.0,-2.0
all_a_turnover_heat_top,top,turnover_heat_v1_20120705_20260814,capped_confirmation,index,sse_composite,上证指数,region_or_episode,loose,prediction,multi_lobe,19,3,16,0.15789473684210525,7,3,4,3,1,0,0.42857142857142855,-11.0,-13.0,-6.5
all_a_turnover_heat_top,top,turnover_heat_v1_20120705_20260814,capped_confirmation,index,sse_composite,上证指数,region_or_episode,loose,prediction,single_lobe,26,3,23,0.11538461538461539,19,3,16,9,5,0,0.15789473684210525,-2.0,-2.5,-1.0
all_a_turnover_heat_top,top,turnover_heat_v1_20120705_20260814,capped_confirmation,index,sse_composite,上证指数,region_or_episode,strict,all,all,45,7,38,0.15555555555555556,51,7,44,20,10,0,0.13725490196078433,0.0,-2.0,1.5
all_a_turnover_heat_top,top,turnover_heat_v1_20120705_20260814,capped_confirmation,index,sse_composite,上证指数,region_or_episode,strict,all,multi_lobe,19,3,16,0.15789473684210525,22,3,19,9,4,0,0.13636363636363635,1.0,-0.5,3.0
all_a_turnover_heat_top,top,turnover_heat_v1_20120705_20260814,capped_confirmation,index,sse_composite,上证指数,region_or_episode,strict,all,single_lobe,26,4,22,0.15384615384615385,29,4,25,11,6,0,0.13793103448275862,-1.0,-2.25,0.5
all_a_turnover_heat_top,top,turnover_heat_v1_20120705_20260814,capped_confirmation,index,sse_composite,上证指数,region_or_episode,strict,confirmation,all,45,3,42,0.06666666666666667,25,3,22,8,4,0,0.12,2.0,1.5,3.5
all_a_turnover_heat_top,top,turnover_heat_v1_20120705_20260814,capped_confirmation,index,sse_composite,上证指数,region_or_episode,strict,confirmation,multi_lobe,19,2,17,0.10526315789473684,15,2,13,6,3,0,0.13333333333333333,3.0,2.0,4.0
all_a_turnover_heat_top,top,turnover_heat_v1_20120705_20260814,capped_confirmation,index,sse_composite,上证指数,region_or_episode,strict,confirmation,single_lobe,26,1,25,0.038461538461538464,10,1,9,2,1,0,0.1,2.0,2.0,2.0
all_a_turnover_heat_top,top,turnover_heat_v1_20120705_20260814,capped_confirmation,index,sse_composite,上证指数,region_or_episode,strict,prediction,all,45,4,41,0.08888888888888889,26,4,22,12,6,0,0.15384615384615385,-2.0,-2.25,-1.5
all_a_turnover_heat_top,top,turnover_heat_v1_20120705_20260814,capped_confirmation,index,sse_composite,上证指数,region_or_episode,strict,prediction,multi_lobe,19,1,18,0.05263157894736842,7,1,6,3,1,0,0.14285714285714285,-2.0,-2.0,-2.0
all_a_turnover_heat_top,top,turnover_heat_v1_20120705_20260814,capped_confirmation,index,sse_composite,上证指数,region_or_episode,strict,prediction,single_lobe,26,3,23,0.11538461538461539,19,3,16,9,5,0,0.15789473684210525,-2.0,-2.5,-1.0
all_a_turnover_heat_top,top,turnover_heat_v1_20120705_20260814,capped_confirmation,index,sse_composite,上证指数,region_or_episode,window,all,all,45,21,24,0.4666666666666667,51,21,30,20,10,0,0.4117647058823529,4.0,-2.0,6.0
all_a_turnover_heat_top,top,turnover_heat_v1_20120705_20260814,capped_confirmation,index,sse_composite,上证指数,region_or_episode,window,all,multi_lobe,19,9,10,0.47368421052631576,22,9,13,9,4,0,0.4090909090909091,5.0,-2.0,6.0
all_a_turnover_heat_top,top,turnover_heat_v1_20120705_20260814,capped_confirmation,index,sse_composite,上证指数,region_or_episode,window,all,single_lobe,26,12,14,0.46153846153846156,29,12,17,11,6,0,0.41379310344827586,3.0,-2.25,4.75
all_a_turnover_heat_top,top,turnover_heat_v1_20120705_20260814,capped_confirmation,index,sse_composite,上证指数,region_or_episode,window,confirmation,all,45,13,32,0.28888888888888886,25,13,12,8,4,0,0.52,5.0,4.0,7.0
all_a_turnover_heat_top,top,turnover_heat_v1_20120705_20260814,capped_confirmation,index,sse_composite,上证指数,region_or_episode,window,confirmation,multi_lobe,19,6,13,0.3157894736842105,15,6,9,6,3,0,0.4,5.5,5.0,6.0
all_a_turnover_heat_top,top,turnover_heat_v1_20120705_20260814,capped_confirmation,index,sse_composite,上证指数,region_or_episode,window,confirmation,single_lobe,26,7,19,0.2692307692307692,10,7,3,2,1,0,0.7,4.0,4.0,7.5
all_a_turnover_heat_top,top,turnover_heat_v1_20120705_20260814,capped_confirmation,index,sse_composite,上证指数,region_or_episode,window,prediction,all,45,8,37,0.17777777777777778,26,8,18,12,6,0,0.3076923076923077,-3.0,-11.5,-2.0
all_a_turnover_heat_top,top,turnover_heat_v1_20120705_20260814,capped_confirmation,index,sse_composite,上证指数,region_or_episode,window,prediction,multi_lobe,19,3,16,0.15789473684210525,7,3,4,3,1,0,0.42857142857142855,-11.0,-13.0,-6.5
all_a_turnover_heat_top,top,turnover_heat_v1_20120705_20260814,capped_confirmation,index,sse_composite,上证指数,region_or_episode,window,prediction,single_lobe,26,5,21,0.19230769230769232,19,5,14,9,5,0,0.2631578947368421,-3.0,-3.0,-2.0
all_a_turnover_heat_top,top,turnover_heat_v1_20120705_20260814,onset,all_indices,__all__,全部指数（指数-事件对）,index_region_or_index_episode_pair,loose,all,all,242,47,195,0.19421487603305784,357,47,310,175,67,0,0.13165266106442577,0.0,-3.5,3.0
all_a_turnover_heat_top,top,turnover_heat_v1_20120705_20260814,onset,all_indices,__all__,全部指数（指数-事件对）,index_region_or_index_episode_pair,loose,all,multi_lobe,101,32,69,0.31683168316831684,148,32,116,60,40,0,0.21621621621621623,0.0,-6.0,4.0
all_a_turnover_heat_top,top,turnover_heat_v1_20120705_20260814,onset,all_indices,__all__,全部指数（指数-事件对）,index_region_or_index_episode_pair,loose,all,single_lobe,141,15,126,0.10638297872340426,209,15,194,115,27,0,0.07177033492822966,1.0,-0.5,1.0
all_a_turnover_heat_top,top,turnover_heat_v1_20120705_20260814,onset,all_indices,__all__,全部指数（指数-事件对）,index_region_or_index_episode_pair,loose,confirmation,all,242,23,219,0.09504132231404959,160,23,137,63,33,0,0.14375,3.0,2.0,4.0
all_a_turnover_heat_top,top,turnover_heat_v1_20120705_20260814,onset,all_indices,__all__,全部指数（指数-事件对）,index_region_or_index_episode_pair,loose,confirmation,multi_lobe,101,15,86,0.1485148514851485,75,15,60,28,24,0,0.2,4.0,3.0,4.0
all_a_turnover_heat_top,top,turnover_heat_v1_20120705_20260814,onset,all_indices,__all__,全部指数（指数-事件对）,index_region_or_index_episode_pair,loose,confirmation,single_lobe,141,8,133,0.05673758865248227,85,8,77,35,9,0,0.09411764705882353,1.0,1.0,3.0
all_a_turnover_heat_top,top,turnover_heat_v1_20120705_20260814,onset,all_indices,__all__,全部指数（指数-事件对）,index_region_or_index_episode_pair,loose,prediction,all,242,24,218,0.09917355371900827,197,24,173,112,34,0,0.1218274111675127,-3.5,-11.0,-2.5
all_a_turnover_heat_top,top,turnover_heat_v1_20120705_20260814,onset,all_indices,__all__,全部指数（指数-事件对）,index_region_or_index_episode_pair,loose,prediction,multi_lobe,101,17,84,0.16831683168316833,73,17,56,32,16,0,0.2328767123287671,-6.0,-11.0,-3.0
all_a_turnover_heat_top,top,turnover_heat_v1_20120705_20260814,onset,all_indices,__all__,全部指数（指数-事件对）,index_region_or_index_episode_pair,loose,prediction,single_lobe,141,7,134,0.04964539007092199,124,7,117,80,18,0,0.056451612903225805,-1.0,-3.0,0.0
all_a_turnover_heat_top,top,turnover_heat_v1_20120705_20260814,onset,all_indices,__all__,全部指数（指数-事件对）,index_region_or_index_episode_pair,strict,all,all,242,30,212,0.12396694214876033,357,30,327,175,67,0,0.08403361344537816,0.5,-3.0,2.0
all_a_turnover_heat_top,top,turnover_heat_v1_20120705_20260814,onset,all_indices,__all__,全部指数（指数-事件对）,index_region_or_index_episode_pair,strict,all,multi_lobe,101,15,86,0.1485148514851485,148,15,133,60,40,0,0.10135135135135136,0.0,-3.5,2.5
all_a_turnover_heat_top,top,turnover_heat_v1_20120705_20260814,onset,all_indices,__all__,全部指数（指数-事件对）,index_region_or_index_episode_pair,strict,all,single_lobe,141,15,126,0.10638297872340426,209,15,194,115,27,0,0.07177033492822966,1.0,-0.5,1.0
all_a_turnover_heat_top,top,turnover_heat_v1_20120705_20260814,onset,all_indices,__all__,全部指数（指数-事件对）,index_region_or_index_episode_pair,strict,confirmation,all,242,15,227,0.06198347107438017,160,15,145,63,33,0,0.09375,2.0,1.0,3.0
all_a_turnover_heat_top,top,turnover_heat_v1_20120705_20260814,onset,all_indices,__all__,全部指数（指数-事件对）,index_region_or_index_episode_pair,strict,confirmation,multi_lobe,101,7,94,0.06930693069306931,75,7,68,28,24,0,0.09333333333333334,3.0,2.0,3.5
all_a_turnover_heat_top,top,turnover_heat_v1_20120705_20260814,onset,all_indices,__all__,全部指数（指数-事件对）,index_region_or_index_episode_pair,strict,confirmation,single_lobe,141,8,133,0.05673758865248227,85,8,77,35,9,0,0.09411764705882353,1.0,1.0,3.0
all_a_turnover_heat_top,top,turnover_heat_v1_20120705_20260814,onset,all_indices,__all__,全部指数（指数-事件对）,index_region_or_index_episode_pair,strict,prediction,all,242,15,227,0.06198347107438017,197,15,182,112,34,0,0.07614213197969544,-3.0,-4.0,0.0
all_a_turnover_heat_top,top,turnover_heat_v1_20120705_20260814,onset,all_indices,__all__,全部指数（指数-事件对）,index_region_or_index_episode_pair,strict,prediction,multi_lobe,101,8,93,0.07920792079207921,73,8,65,32,16,0,0.1095890410958904,-3.5,-8.0,-2.25
all_a_turnover_heat_top,top,turnover_heat_v1_20120705_20260814,onset,all_indices,__all__,全部指数（指数-事件对）,index_region_or_index_episode_pair,strict,prediction,single_lobe,141,7,134,0.04964539007092199,124,7,117,80,18,0,0.056451612903225805,-1.0,-3.0,0.0
all_a_turnover_heat_top,top,turnover_heat_v1_20120705_20260814,onset,all_indices,__all__,全部指数（指数-事件对）,index_region_or_index_episode_pair,window,all,all,242,115,127,0.47520661157024796,357,115,242,175,67,0,0.32212885154061627,2.0,-4.0,5.0
all_a_turnover_heat_top,top,turnover_heat_v1_20120705_20260814,onset,all_indices,__all__,全部指数（指数-事件对）,index_region_or_index_episode_pair,window,all,multi_lobe,101,48,53,0.4752475247524752,148,48,100,60,40,0,0.32432432432432434,0.0,-10.0,4.0
all_a_turnover_heat_top,top,turnover_heat_v1_20120705_20260814,onset,all_indices,__all__,全部指数（指数-事件对）,index_region_or_index_episode_pair,window,all,single_lobe,141,67,74,0.475177304964539,209,67,142,115,27,0,0.32057416267942584,3.0,-3.0,5.0
all_a_turnover_heat_top,top,turnover_heat_v1_20120705_20260814,onset,all_indices,__all__,全部指数（指数-事件对）,index_region_or_index_episode_pair,window,confirmation,all,242,64,178,0.2644628099173554,160,64,96,63,33,0,0.4,4.0,3.0,7.0
all_a_turnover_heat_top,top,turnover_heat_v1_20120705_20260814,onset,all_indices,__all__,全部指数（指数-事件对）,index_region_or_index_episode_pair,window,confirmation,multi_lobe,101,23,78,0.22772277227722773,75,23,52,28,24,0,0.30666666666666664,4.0,4.0,5.0
all_a_turnover_heat_top,top,turnover_heat_v1_20120705_20260814,onset,all_indices,__all__,全部指数（指数-事件对）,index_region_or_index_episode_pair,window,confirmation,single_lobe,141,41,100,0.2907801418439716,85,41,44,35,9,0,0.4823529411764706,5.0,3.0,8.0
all_a_turnover_heat_top,top,turnover_heat_v1_20120705_20260814,onset,all_indices,__all__,全部指数（指数-事件对）,index_region_or_index_episode_pair,window,prediction,all,242,51,191,0.21074380165289255,197,51,146,112,34,0,0.25888324873096447,-5.0,-11.5,-3.0
all_a_turnover_heat_top,top,turnover_heat_v1_20120705_20260814,onset,all_indices,__all__,全部指数（指数-事件对）,index_region_or_index_episode_pair,window,prediction,multi_lobe,101,25,76,0.24752475247524752,73,25,48,32,16,0,0.3424657534246575,-10.0,-11.0,-4.0
all_a_turnover_heat_top,top,turnover_heat_v1_20120705_20260814,onset,all_indices,__all__,全部指数（指数-事件对）,index_region_or_index_episode_pair,window,prediction,single_lobe,141,26,115,0.18439716312056736,124,26,98,80,18,0,0.20967741935483872,-4.0,-12.25,-2.25
all_a_turnover_heat_top,top,turnover_heat_v1_20120705_20260814,onset,index,all_a,全A,region_or_episode,loose,all,all,34,7,27,0.20588235294117646,51,7,44,24,11,0,0.13725490196078433,0.0,-7.5,3.0
all_a_turnover_heat_top,top,turnover_heat_v1_20120705_20260814,onset,index,all_a,全A,region_or_episode,loose,all,multi_lobe,17,6,11,0.35294117647058826,30,6,24,11,10,0,0.2,-1.0,-9.25,3.5
all_a_turnover_heat_top,top,turnover_heat_v1_20120705_20260814,onset,index,all_a,全A,region_or_episode,loose,all,single_lobe,17,1,16,0.058823529411764705,21,1,20,13,1,0,0.047619047619047616,0.0,0.0,0.0
all_a_turnover_heat_top,top,turnover_heat_v1_20120705_20260814,onset,index,all_a,全A,region_or_episode,loose,confirmation,all,34,3,31,0.08823529411764706,23,3,20,10,5,0,0.13043478260869565,4.0,3.0,4.0
all_a_turnover_heat_top,top,turnover_heat_v1_20120705_20260814,onset,index,all_a,全A,region_or_episode,loose,confirmation,multi_lobe,17,3,14,0.17647058823529413,14,3,11,5,4,0,0.21428571428571427,4.0,3.0,4.0
all_a_turnover_heat_top,top,turnover_heat_v1_20120705_20260814,onset,index,all_a,全A,region_or_episode,loose,confirmation,single_lobe,17,0,17,0.0,9,0,9,5,1,0,0.0,,,
all_a_turnover_heat_top,top,turnover_heat_v1_20120705_20260814,onset,index,all_a,全A,region_or_episode,loose,prediction,all,34,4,30,0.11764705882352941,28,4,24,14,6,0,0.14285714285714285,-7.5,-11.75,-3.0
all_a_turnover_heat_top,top,turnover_heat_v1_20120705_20260814,onset,index,all_a,全A,region_or_episode,loose,prediction,multi_lobe,17,3,14,0.17647058823529413,16,3,13,6,6,0,0.1875,-11.0,-12.5,-7.5
all_a_turnover_heat_top,top,turnover_heat_v1_20120705_20260814,onset,index,all_a,全A,region_or_episode,loose,prediction,single_lobe,17,1,16,0.058823529411764705,12,1,11,8,0,0,0.08333333333333333,0.0,0.0,0.0
all_a_turnover_heat_top,top,turnover_heat_v1_20120705_20260814,onset,index,all_a,全A,region_or_episode,strict,all,all,34,4,30,0.11764705882352941,51,4,47,24,11,0,0.0784313725490196,-2.0,-6.5,0.5
all_a_turnover_heat_top,top,turnover_heat_v1_20120705_20260814,onset,index,all_a,全A,region_or_episode,strict,all,multi_lobe,17,3,14,0.17647058823529413,30,3,27,11,10,0,0.1,-4.0,-9.0,-1.0
all_a_turnover_heat_top,top,turnover_heat_v1_20120705_20260814,onset,index,all_a,全A,region_or_episode,strict,all,single_lobe,17,1,16,0.058823529411764705,21,1,20,13,1,0,0.047619047619047616,0.0,0.0,0.0
all_a_turnover_heat_top,top,turnover_heat_v1_20120705_20260814,onset,index,all_a,全A,region_or_episode,strict,confirmation,all,34,1,33,0.029411764705882353,23,1,22,10,5,0,0.043478260869565216,2.0,2.0,2.0
all_a_turnover_heat_top,top,turnover_heat_v1_20120705_20260814,onset,index,all_a,全A,region_or_episode,strict,confirmation,multi_lobe,17,1,16,0.058823529411764705,14,1,13,5,4,0,0.07142857142857142,2.0,2.0,2.0
all_a_turnover_heat_top,top,turnover_heat_v1_20120705_20260814,onset,index,all_a,全A,region_or_episode,strict,confirmation,single_lobe,17,0,17,0.0,9,0,9,5,1,0,0.0,,,
all_a_turnover_heat_top,top,turnover_heat_v1_20120705_20260814,onset,index,all_a,全A,region_or_episode,strict,prediction,all,34,3,31,0.08823529411764706,28,3,25,14,6,0,0.10714285714285714,-4.0,-9.0,-2.0
all_a_turnover_heat_top,top,turnover_heat_v1_20120705_20260814,onset,index,all_a,全A,region_or_episode,strict,prediction,multi_lobe,17,2,15,0.11764705882352941,16,2,14,6,6,0,0.125,-9.0,-11.5,-6.5
all_a_turnover_heat_top,top,turnover_heat_v1_20120705_20260814,onset,index,all_a,全A,region_or_episode,strict,prediction,single_lobe,17,1,16,0.058823529411764705,12,1,11,8,0,0,0.08333333333333333,0.0,0.0,0.0
all_a_turnover_heat_top,top,turnover_heat_v1_20120705_20260814,onset,index,all_a,全A,region_or_episode,window,all,all,34,16,18,0.47058823529411764,51,16,35,24,11,0,0.3137254901960784,1.0,-5.5,4.25
all_a_turnover_heat_top,top,turnover_heat_v1_20120705_20260814,onset,index,all_a,全A,region_or_episode,window,all,multi_lobe,17,9,8,0.5294117647058824,30,9,21,11,10,0,0.3,2.0,-10.0,4.0
all_a_turnover_heat_top,top,turnover_heat_v1_20120705_20260814,onset,index,all_a,全A,region_or_episode,window,all,single_lobe,17,7,10,0.4117647058823529,21,7,14,13,1,0,0.3333333333333333,0.0,-2.5,4.0
all_a_turnover_heat_top,top,turnover_heat_v1_20120705_20260814,onset,index,all_a,全A,region_or_episode,window,confirmation,all,34,8,26,0.23529411764705882,23,8,15,10,5,0,0.34782608695652173,4.5,3.75,7.25
all_a_turnover_heat_top,top,turnover_heat_v1_20120705_20260814,onset,index,all_a,全A,region_or_episode,window,confirmation,multi_lobe,17,5,12,0.29411764705882354,14,5,9,5,4,0,0.35714285714285715,4.0,4.0,5.0
all_a_turnover_heat_top,top,turnover_heat_v1_20120705_20260814,onset,index,all_a,全A,region_or_episode,window,confirmation,single_lobe,17,3,14,0.17647058823529413,9,3,6,5,1,0,0.3333333333333333,5.0,4.0,9.5
all_a_turnover_heat_top,top,turnover_heat_v1_20120705_20260814,onset,index,all_a,全A,region_or_episode,window,prediction,all,34,8,26,0.23529411764705882,28,8,20,14,6,0,0.2857142857142857,-7.0,-11.75,-3.25
all_a_turnover_heat_top,top,turnover_heat_v1_20120705_20260814,onset,index,all_a,全A,region_or_episode,window,prediction,multi_lobe,17,4,13,0.23529411764705882,16,4,12,6,6,0,0.25,-10.5,-11.75,-8.5
all_a_turnover_heat_top,top,turnover_heat_v1_20120705_20260814,onset,index,all_a,全A,region_or_episode,window,prediction,single_lobe,17,4,13,0.23529411764705882,12,4,8,8,0,0,0.3333333333333333,-2.5,-8.0,-0.75
all_a_turnover_heat_top,top,turnover_heat_v1_20120705_20260814,onset,index,cni2000,国证2000,region_or_episode,loose,all,all,30,6,24,0.2,51,6,45,27,10,0,0.11764705882352941,-1.0,-5.25,4.0
all_a_turnover_heat_top,top,turnover_heat_v1_20120705_20260814,onset,index,cni2000,国证2000,region_or_episode,loose,all,multi_lobe,14,4,10,0.2857142857142857,18,4,14,6,6,0,0.2222222222222222,-4.5,-7.25,1.0
all_a_turnover_heat_top,top,turnover_heat_v1_20120705_20260814,onset,index,cni2000,国证2000,region_or_episode,loose,all,single_lobe,16,2,14,0.125,33,2,31,21,4,0,0.06060606060606061,3.0,2.0,4.0
all_a_turnover_heat_top,top,turnover_heat_v1_20120705_20260814,onset,index,cni2000,国证2000,region_or_episode,loose,confirmation,all,30,3,27,0.1,22,3,19,10,3,0,0.13636363636363635,5.0,3.0,9.0
all_a_turnover_heat_top,top,turnover_heat_v1_20120705_20260814,onset,index,cni2000,国证2000,region_or_episode,loose,confirmation,multi_lobe,14,1,13,0.07142857142857142,8,1,7,3,3,0,0.125,13.0,13.0,13.0
all_a_turnover_heat_top,top,turnover_heat_v1_20120705_20260814,onset,index,cni2000,国证2000,region_or_episode,loose,confirmation,single_lobe,16,2,14,0.125,14,2,12,7,0,0,0.14285714285714285,3.0,2.0,4.0
all_a_turnover_heat_top,top,turnover_heat_v1_20120705_20260814,onset,index,cni2000,国证2000,region_or_episode,loose,prediction,all,30,3,27,0.1,29,3,26,17,7,0,0.10344827586206896,-6.0,-8.5,-4.5
all_a_turnover_heat_top,top,turnover_heat_v1_20120705_20260814,onset,index,cni2000,国证2000,region_or_episode,loose,prediction,multi_lobe,14,3,11,0.21428571428571427,10,3,7,3,3,0,0.3,-6.0,-8.5,-4.5
all_a_turnover_heat_top,top,turnover_heat_v1_20120705_20260814,onset,index,cni2000,国证2000,region_or_episode,loose,prediction,single_lobe,16,0,16,0.0,19,0,19,14,4,0,0.0,,,
all_a_turnover_heat_top,top,turnover_heat_v1_20120705_20260814,onset,index,cni2000,国证2000,region_or_episode,strict,all,all,30,4,26,0.13333333333333333,51,4,47,27,10,0,0.0784313725490196,3.0,-0.75,7.0
all_a_turnover_heat_top,top,turnover_heat_v1_20120705_20260814,onset,index,cni2000,国证2000,region_or_episode,strict,all,multi_lobe,14,2,12,0.14285714285714285,18,2,16,6,6,0,0.1111111111111111,3.5,-1.25,8.25
all_a_turnover_heat_top,top,turnover_heat_v1_20120705_20260814,onset,index,cni2000,国证2000,region_or_episode,strict,all,single_lobe,16,2,14,0.125,33,2,31,21,4,0,0.06060606060606061,3.0,2.0,4.0
all_a_turnover_heat_top,top,turnover_heat_v1_20120705_20260814,onset,index,cni2000,国证2000,region_or_episode,strict,confirmation,all,30,3,27,0.1,22,3,19,10,3,0,0.13636363636363635,5.0,3.0,9.0
all_a_turnover_heat_top,top,turnover_heat_v1_20120705_20260814,onset,index,cni2000,国证2000,region_or_episode,strict,confirmation,multi_lobe,14,1,13,0.07142857142857142,8,1,7,3,3,0,0.125,13.0,13.0,13.0
all_a_turnover_heat_top,top,turnover_heat_v1_20120705_20260814,onset,index,cni2000,国证2000,region_or_episode,strict,confirmation,single_lobe,16,2,14,0.125,14,2,12,7,0,0,0.14285714285714285,3.0,2.0,4.0
all_a_turnover_heat_top,top,turnover_heat_v1_20120705_20260814,onset,index,cni2000,国证2000,region_or_episode,strict,prediction,all,30,1,29,0.03333333333333333,29,1,28,17,7,0,0.034482758620689655,-6.0,-6.0,-6.0
all_a_turnover_heat_top,top,turnover_heat_v1_20120705_20260814,onset,index,cni2000,国证2000,region_or_episode,strict,prediction,multi_lobe,14,1,13,0.07142857142857142,10,1,9,3,3,0,0.1,-6.0,-6.0,-6.0
all_a_turnover_heat_top,top,turnover_heat_v1_20120705_20260814,onset,index,cni2000,国证2000,region_or_episode,strict,prediction,single_lobe,16,0,16,0.0,19,0,19,14,4,0,0.0,,,
all_a_turnover_heat_top,top,turnover_heat_v1_20120705_20260814,onset,index,cni2000,国证2000,region_or_episode,window,all,all,30,14,16,0.4666666666666667,51,14,37,27,10,0,0.27450980392156865,3.0,-3.75,4.75
all_a_turnover_heat_top,top,turnover_heat_v1_20120705_20260814,onset,index,cni2000,国证2000,region_or_episode,window,all,multi_lobe,14,6,8,0.42857142857142855,18,6,12,6,6,0,0.3333333333333333,-4.5,-9.75,2.25
all_a_turnover_heat_top,top,turnover_heat_v1_20120705_20260814,onset,index,cni2000,国证2000,region_or_episode,window,all,single_lobe,16,8,8,0.5,33,8,25,21,4,0,0.24242424242424243,3.0,2.5,5.75
all_a_turnover_heat_top,top,turnover_heat_v1_20120705_20260814,onset,index,cni2000,国证2000,region_or_episode,window,confirmation,all,30,9,21,0.3,22,9,13,10,3,0,0.4090909090909091,4.0,3.0,8.0
all_a_turnover_heat_top,top,turnover_heat_v1_20120705_20260814,onset,index,cni2000,国证2000,region_or_episode,window,confirmation,multi_lobe,14,2,12,0.14285714285714285,8,2,6,3,3,0,0.25,8.5,6.25,10.75
all_a_turnover_heat_top,top,turnover_heat_v1_20120705_20260814,onset,index,cni2000,国证2000,region_or_episode,window,confirmation,single_lobe,16,7,9,0.4375,14,7,7,7,0,0,0.5,3.0,3.0,6.5
all_a_turnover_heat_top,top,turnover_heat_v1_20120705_20260814,onset,index,cni2000,国证2000,region_or_episode,window,prediction,all,30,5,25,0.16666666666666666,29,5,24,17,7,0,0.1724137931034483,-6.0,-11.0,-4.0
all_a_turnover_heat_top,top,turnover_heat_v1_20120705_20260814,onset,index,cni2000,国证2000,region_or_episode,window,prediction,multi_lobe,14,4,10,0.2857142857142857,10,4,6,3,3,0,0.4,-8.5,-11.75,-5.25
all_a_turnover_heat_top,top,turnover_heat_v1_20120705_20260814,onset,index,cni2000,国证2000,region_or_episode,window,prediction,single_lobe,16,1,15,0.0625,19,1,18,14,4,0,0.05263157894736842,-4.0,-4.0,-4.0
all_a_turnover_heat_top,top,turnover_heat_v1_20120705_20260814,onset,index,csi1000,中证1000,region_or_episode,loose,all,all,31,5,26,0.16129032258064516,51,5,46,27,9,0,0.09803921568627451,2.0,1.0,4.0
all_a_turnover_heat_top,top,turnover_heat_v1_20120705_20260814,onset,index,csi1000,中证1000,region_or_episode,loose,all,multi_lobe,12,4,8,0.3333333333333333,18,4,14,6,6,0,0.2222222222222222,3.0,-1.25,6.25
all_a_turnover_heat_top,top,turnover_heat_v1_20120705_20260814,onset,index,csi1000,中证1000,region_or_episode,loose,all,single_lobe,19,1,18,0.05263157894736842,33,1,32,21,3,0,0.030303030303030304,1.0,1.0,1.0
all_a_turnover_heat_top,top,turnover_heat_v1_20120705_20260814,onset,index,csi1000,中证1000,region_or_episode,loose,confirmation,all,31,4,27,0.12903225806451613,25,4,21,11,4,0,0.16,3.0,1.75,6.25
all_a_turnover_heat_top,top,turnover_heat_v1_20120705_20260814,onset,index,csi1000,中证1000,region_or_episode,loose,confirmation,multi_lobe,12,3,9,0.25,10,3,7,3,4,0,0.3,4.0,3.0,8.5
all_a_turnover_heat_top,top,turnover_heat_v1_20120705_20260814,onset,index,csi1000,中证1000,region_or_episode,loose,confirmation,single_lobe,19,1,18,0.05263157894736842,15,1,14,8,0,0,0.06666666666666667,1.0,1.0,1.0
all_a_turnover_heat_top,top,turnover_heat_v1_20120705_20260814,onset,index,csi1000,中证1000,region_or_episode,loose,prediction,all,31,1,30,0.03225806451612903,26,1,25,16,5,0,0.038461538461538464,-11.0,-11.0,-11.0
all_a_turnover_heat_top,top,turnover_heat_v1_20120705_20260814,onset,index,csi1000,中证1000,region_or_episode,loose,prediction,multi_lobe,12,1,11,0.08333333333333333,8,1,7,3,2,0,0.125,-11.0,-11.0,-11.0
all_a_turnover_heat_top,top,turnover_heat_v1_20120705_20260814,onset,index,csi1000,中证1000,region_or_episode,loose,prediction,single_lobe,19,0,19,0.0,18,0,18,13,3,0,0.0,,,
all_a_turnover_heat_top,top,turnover_heat_v1_20120705_20260814,onset,index,csi1000,中证1000,region_or_episode,strict,all,all,31,2,29,0.06451612903225806,51,2,49,27,9,0,0.0392156862745098,1.5,1.25,1.75
all_a_turnover_heat_top,top,turnover_heat_v1_20120705_20260814,onset,index,csi1000,中证1000,region_or_episode,strict,all,multi_lobe,12,1,11,0.08333333333333333,18,1,17,6,6,0,0.05555555555555555,2.0,2.0,2.0
all_a_turnover_heat_top,top,turnover_heat_v1_20120705_20260814,onset,index,csi1000,中证1000,region_or_episode,strict,all,single_lobe,19,1,18,0.05263157894736842,33,1,32,21,3,0,0.030303030303030304,1.0,1.0,1.0
all_a_turnover_heat_top,top,turnover_heat_v1_20120705_20260814,onset,index,csi1000,中证1000,region_or_episode,strict,confirmation,all,31,2,29,0.06451612903225806,25,2,23,11,4,0,0.08,1.5,1.25,1.75
all_a_turnover_heat_top,top,turnover_heat_v1_20120705_20260814,onset,index,csi1000,中证1000,region_or_episode,strict,confirmation,multi_lobe,12,1,11,0.08333333333333333,10,1,9,3,4,0,0.1,2.0,2.0,2.0
all_a_turnover_heat_top,top,turnover_heat_v1_20120705_20260814,onset,index,csi1000,中证1000,region_or_episode,strict,confirmation,single_lobe,19,1,18,0.05263157894736842,15,1,14,8,0,0,0.06666666666666667,1.0,1.0,1.0
all_a_turnover_heat_top,top,turnover_heat_v1_20120705_20260814,onset,index,csi1000,中证1000,region_or_episode,strict,prediction,all,31,0,31,0.0,26,0,26,16,5,0,0.0,,,
all_a_turnover_heat_top,top,turnover_heat_v1_20120705_20260814,onset,index,csi1000,中证1000,region_or_episode,strict,prediction,multi_lobe,12,0,12,0.0,8,0,8,3,2,0,0.0,,,
all_a_turnover_heat_top,top,turnover_heat_v1_20120705_20260814,onset,index,csi1000,中证1000,region_or_episode,strict,prediction,single_lobe,19,0,19,0.0,18,0,18,13,3,0,0.0,,,
all_a_turnover_heat_top,top,turnover_heat_v1_20120705_20260814,onset,index,csi1000,中证1000,region_or_episode,window,all,all,31,15,16,0.4838709677419355,51,15,36,27,9,0,0.29411764705882354,3.0,-5.0,5.0
all_a_turnover_heat_top,top,turnover_heat_v1_20120705_20260814,onset,index,csi1000,中证1000,region_or_episode,window,all,multi_lobe,12,6,6,0.5,18,6,12,6,6,0,0.3333333333333333,-2.5,-10.0,3.5
all_a_turnover_heat_top,top,turnover_heat_v1_20120705_20260814,onset,index,csi1000,中证1000,region_or_episode,window,all,single_lobe,19,9,10,0.47368421052631576,33,9,24,21,3,0,0.2727272727272727,3.0,1.0,5.0
all_a_turnover_heat_top,top,turnover_heat_v1_20120705_20260814,onset,index,csi1000,中证1000,region_or_episode,window,confirmation,all,31,10,21,0.3225806451612903,25,10,15,11,4,0,0.4,4.5,3.0,7.25
all_a_turnover_heat_top,top,turnover_heat_v1_20120705_20260814,onset,index,csi1000,中证1000,region_or_episode,window,confirmation,multi_lobe,12,3,9,0.25,10,3,7,3,4,0,0.3,4.0,3.0,8.5
all_a_turnover_heat_top,top,turnover_heat_v1_20120705_20260814,onset,index,csi1000,中证1000,region_or_episode,window,confirmation,single_lobe,19,7,12,0.3684210526315789,15,7,8,8,0,0,0.4666666666666667,5.0,3.0,6.5
all_a_turnover_heat_top,top,turnover_heat_v1_20120705_20260814,onset,index,csi1000,中证1000,region_or_episode,window,prediction,all,31,5,26,0.16129032258064516,26,5,21,16,5,0,0.19230769230769232,-10.0,-11.0,-7.0
all_a_turnover_heat_top,top,turnover_heat_v1_20120705_20260814,onset,index,csi1000,中证1000,region_or_episode,window,prediction,multi_lobe,12,3,9,0.25,8,3,5,3,2,0,0.375,-11.0,-12.5,-9.0
all_a_turnover_heat_top,top,turnover_heat_v1_20120705_20260814,onset,index,csi1000,中证1000,region_or_episode,window,prediction,single_lobe,19,2,17,0.10526315789473684,18,2,16,13,3,0,0.1111111111111111,-6.5,-8.25,-4.75
all_a_turnover_heat_top,top,turnover_heat_v1_20120705_20260814,onset,index,csi300,沪深300,region_or_episode,loose,all,all,37,9,28,0.24324324324324326,51,9,42,21,12,0,0.17647058823529413,0.0,0.0,3.0
all_a_turnover_heat_top,top,turnover_heat_v1_20120705_20260814,onset,index,csi300,沪深300,region_or_episode,loose,all,multi_lobe,12,5,7,0.4166666666666667,22,5,17,10,6,0,0.22727272727272727,3.0,0.0,4.0
all_a_turnover_heat_top,top,turnover_heat_v1_20120705_20260814,onset,index,csi300,沪深300,region_or_episode,loose,all,single_lobe,25,4,21,0.16,29,4,25,11,6,0,0.13793103448275862,0.0,-0.75,0.75
all_a_turnover_heat_top,top,turnover_heat_v1_20120705_20260814,onset,index,csi300,沪深300,region_or_episode,loose,confirmation,all,37,4,33,0.10810810810810811,25,4,21,8,7,0,0.16,3.5,3.0,4.0
all_a_turnover_heat_top,top,turnover_heat_v1_20120705_20260814,onset,index,csi300,沪深300,region_or_episode,loose,confirmation,multi_lobe,12,3,9,0.25,14,3,11,5,5,0,0.21428571428571427,4.0,3.5,4.0
all_a_turnover_heat_top,top,turnover_heat_v1_20120705_20260814,onset,index,csi300,沪深300,region_or_episode,loose,confirmation,single_lobe,25,1,24,0.04,11,1,10,3,2,0,0.09090909090909091,3.0,3.0,3.0
all_a_turnover_heat_top,top,turnover_heat_v1_20120705_20260814,onset,index,csi300,沪深300,region_or_episode,loose,prediction,all,37,5,32,0.13513513513513514,26,5,21,13,5,0,0.19230769230769232,0.0,-3.0,0.0
all_a_turnover_heat_top,top,turnover_heat_v1_20120705_20260814,onset,index,csi300,沪深300,region_or_episode,loose,prediction,multi_lobe,12,2,10,0.16666666666666666,8,2,6,5,1,0,0.25,-3.0,-4.5,-1.5
all_a_turnover_heat_top,top,turnover_heat_v1_20120705_20260814,onset,index,csi300,沪深300,region_or_episode,loose,prediction,single_lobe,25,3,22,0.12,18,3,15,8,4,0,0.16666666666666666,0.0,-1.5,0.0
all_a_turnover_heat_top,top,turnover_heat_v1_20120705_20260814,onset,index,csi300,沪深300,region_or_episode,strict,all,all,37,7,30,0.1891891891891892,51,7,44,21,12,0,0.13725490196078433,0.0,0.0,3.0
all_a_turnover_heat_top,top,turnover_heat_v1_20120705_20260814,onset,index,csi300,沪深300,region_or_episode,strict,all,multi_lobe,12,3,9,0.25,22,3,19,10,6,0,0.13636363636363635,3.0,1.5,3.5
all_a_turnover_heat_top,top,turnover_heat_v1_20120705_20260814,onset,index,csi300,沪深300,region_or_episode,strict,all,single_lobe,25,4,21,0.16,29,4,25,11,6,0,0.13793103448275862,0.0,-0.75,0.75
all_a_turnover_heat_top,top,turnover_heat_v1_20120705_20260814,onset,index,csi300,沪深300,region_or_episode,strict,confirmation,all,37,3,34,0.08108108108108109,25,3,22,8,7,0,0.12,3.0,3.0,3.5
all_a_turnover_heat_top,top,turnover_heat_v1_20120705_20260814,onset,index,csi300,沪深300,region_or_episode,strict,confirmation,multi_lobe,12,2,10,0.16666666666666666,14,2,12,5,5,0,0.14285714285714285,3.5,3.25,3.75
all_a_turnover_heat_top,top,turnover_heat_v1_20120705_20260814,onset,index,csi300,沪深300,region_or_episode,strict,confirmation,single_lobe,25,1,24,0.04,11,1,10,3,2,0,0.09090909090909091,3.0,3.0,3.0
all_a_turnover_heat_top,top,turnover_heat_v1_20120705_20260814,onset,index,csi300,沪深300,region_or_episode,strict,prediction,all,37,4,33,0.10810810810810811,26,4,22,13,5,0,0.15384615384615385,0.0,-0.75,0.0
all_a_turnover_heat_top,top,turnover_heat_v1_20120705_20260814,onset,index,csi300,沪深300,region_or_episode,strict,prediction,multi_lobe,12,1,11,0.08333333333333333,8,1,7,5,1,0,0.125,0.0,0.0,0.0
all_a_turnover_heat_top,top,turnover_heat_v1_20120705_20260814,onset,index,csi300,沪深300,region_or_episode,strict,prediction,single_lobe,25,3,22,0.12,18,3,15,8,4,0,0.16666666666666666,0.0,-1.5,0.0
all_a_turnover_heat_top,top,turnover_heat_v1_20120705_20260814,onset,index,csi300,沪深300,region_or_episode,window,all,all,37,18,19,0.4864864864864865,51,18,33,21,12,0,0.35294117647058826,3.0,-2.25,4.0
all_a_turnover_heat_top,top,turnover_heat_v1_20120705_20260814,onset,index,csi300,沪深300,region_or_episode,window,all,multi_lobe,12,6,6,0.5,22,6,16,10,6,0,0.2727272727272727,3.5,0.75,4.0
all_a_turnover_heat_top,top,turnover_heat_v1_20120705_20260814,onset,index,csi300,沪深300,region_or_episode,window,all,single_lobe,25,12,13,0.48,29,12,17,11,6,0,0.41379310344827586,1.5,-3.25,4.0
all_a_turnover_heat_top,top,turnover_heat_v1_20120705_20260814,onset,index,csi300,沪深300,region_or_episode,window,confirmation,all,37,10,27,0.2702702702702703,25,10,15,8,7,0,0.4,4.0,3.0,6.5
all_a_turnover_heat_top,top,turnover_heat_v1_20120705_20260814,onset,index,csi300,沪深300,region_or_episode,window,confirmation,multi_lobe,12,4,8,0.3333333333333333,14,4,10,5,5,0,0.2857142857142857,4.0,3.75,4.25
all_a_turnover_heat_top,top,turnover_heat_v1_20120705_20260814,onset,index,csi300,沪深300,region_or_episode,window,confirmation,single_lobe,25,6,19,0.24,11,6,5,3,2,0,0.5454545454545454,5.0,3.0,12.25
all_a_turnover_heat_top,top,turnover_heat_v1_20120705_20260814,onset,index,csi300,沪深300,region_or_episode,window,prediction,all,37,8,29,0.21621621621621623,26,8,18,13,5,0,0.3076923076923077,-3.5,-8.0,0.0
all_a_turnover_heat_top,top,turnover_heat_v1_20120705_20260814,onset,index,csi300,沪深300,region_or_episode,window,prediction,multi_lobe,12,2,10,0.16666666666666666,8,2,6,5,1,0,0.25,-3.0,-4.5,-1.5
all_a_turnover_heat_top,top,turnover_heat_v1_20120705_20260814,onset,index,csi300,沪深300,region_or_episode,window,prediction,single_lobe,25,6,19,0.24,18,6,12,8,4,0,0.3333333333333333,-3.5,-11.5,-0.75
all_a_turnover_heat_top,top,turnover_heat_v1_20120705_20260814,onset,index,csi500,中证500,region_or_episode,loose,all,all,35,4,31,0.11428571428571428,51,4,47,26,7,0,0.0784313725490196,-1.0,-5.0,1.75
all_a_turnover_heat_top,top,turnover_heat_v1_20120705_20260814,onset,index,csi500,中证500,region_or_episode,loose,all,multi_lobe,12,3,9,0.25,16,3,13,6,4,0,0.1875,-3.0,-7.0,0.5
all_a_turnover_heat_top,top,turnover_heat_v1_20120705_20260814,onset,index,csi500,中证500,region_or_episode,loose,all,single_lobe,23,1,22,0.043478260869565216,35,1,34,20,3,0,0.02857142857142857,1.0,1.0,1.0
all_a_turnover_heat_top,top,turnover_heat_v1_20120705_20260814,onset,index,csi500,中证500,region_or_episode,loose,confirmation,all,35,2,33,0.05714285714285714,22,2,20,7,6,0,0.09090909090909091,2.5,1.75,3.25
all_a_turnover_heat_top,top,turnover_heat_v1_20120705_20260814,onset,index,csi500,中证500,region_or_episode,loose,confirmation,multi_lobe,12,1,11,0.08333333333333333,8,1,7,2,4,0,0.125,4.0,4.0,4.0
all_a_turnover_heat_top,top,turnover_heat_v1_20120705_20260814,onset,index,csi500,中证500,region_or_episode,loose,confirmation,single_lobe,23,1,22,0.043478260869565216,14,1,13,5,2,0,0.07142857142857142,1.0,1.0,1.0
all_a_turnover_heat_top,top,turnover_heat_v1_20120705_20260814,onset,index,csi500,中证500,region_or_episode,loose,prediction,all,35,2,33,0.05714285714285714,29,2,27,19,1,0,0.06896551724137931,-7.0,-9.0,-5.0
all_a_turnover_heat_top,top,turnover_heat_v1_20120705_20260814,onset,index,csi500,中证500,region_or_episode,loose,prediction,multi_lobe,12,2,10,0.16666666666666666,8,2,6,4,0,0,0.25,-7.0,-9.0,-5.0
all_a_turnover_heat_top,top,turnover_heat_v1_20120705_20260814,onset,index,csi500,中证500,region_or_episode,loose,prediction,single_lobe,23,0,23,0.0,21,0,21,15,1,0,0.0,,,
all_a_turnover_heat_top,top,turnover_heat_v1_20120705_20260814,onset,index,csi500,中证500,region_or_episode,strict,all,all,35,2,33,0.05714285714285714,51,2,49,26,7,0,0.0392156862745098,-1.0,-2.0,0.0
all_a_turnover_heat_top,top,turnover_heat_v1_20120705_20260814,onset,index,csi500,中证500,region_or_episode,strict,all,multi_lobe,12,1,11,0.08333333333333333,16,1,15,6,4,0,0.0625,-3.0,-3.0,-3.0
all_a_turnover_heat_top,top,turnover_heat_v1_20120705_20260814,onset,index,csi500,中证500,region_or_episode,strict,all,single_lobe,23,1,22,0.043478260869565216,35,1,34,20,3,0,0.02857142857142857,1.0,1.0,1.0
all_a_turnover_heat_top,top,turnover_heat_v1_20120705_20260814,onset,index,csi500,中证500,region_or_episode,strict,confirmation,all,35,1,34,0.02857142857142857,22,1,21,7,6,0,0.045454545454545456,1.0,1.0,1.0
all_a_turnover_heat_top,top,turnover_heat_v1_20120705_20260814,onset,index,csi500,中证500,region_or_episode,strict,confirmation,multi_lobe,12,0,12,0.0,8,0,8,2,4,0,0.0,,,
all_a_turnover_heat_top,top,turnover_heat_v1_20120705_20260814,onset,index,csi500,中证500,region_or_episode,strict,confirmation,single_lobe,23,1,22,0.043478260869565216,14,1,13,5,2,0,0.07142857142857142,1.0,1.0,1.0
all_a_turnover_heat_top,top,turnover_heat_v1_20120705_20260814,onset,index,csi500,中证500,region_or_episode,strict,prediction,all,35,1,34,0.02857142857142857,29,1,28,19,1,0,0.034482758620689655,-3.0,-3.0,-3.0
all_a_turnover_heat_top,top,turnover_heat_v1_20120705_20260814,onset,index,csi500,中证500,region_or_episode,strict,prediction,multi_lobe,12,1,11,0.08333333333333333,8,1,7,4,0,0,0.125,-3.0,-3.0,-3.0
all_a_turnover_heat_top,top,turnover_heat_v1_20120705_20260814,onset,index,csi500,中证500,region_or_episode,strict,prediction,single_lobe,23,0,23,0.0,21,0,21,15,1,0,0.0,,,
all_a_turnover_heat_top,top,turnover_heat_v1_20120705_20260814,onset,index,csi500,中证500,region_or_episode,window,all,all,35,18,17,0.5142857142857142,51,18,33,26,7,0,0.35294117647058826,0.0,-6.0,5.0
all_a_turnover_heat_top,top,turnover_heat_v1_20120705_20260814,onset,index,csi500,中证500,region_or_episode,window,all,multi_lobe,12,6,6,0.5,16,6,10,6,4,0,0.375,-5.0,-9.25,2.25
all_a_turnover_heat_top,top,turnover_heat_v1_20120705_20260814,onset,index,csi500,中证500,region_or_episode,window,all,single_lobe,23,12,11,0.5217391304347826,35,12,23,20,3,0,0.34285714285714286,2.0,-2.25,5.25
all_a_turnover_heat_top,top,turnover_heat_v1_20120705_20260814,onset,index,csi500,中证500,region_or_episode,window,confirmation,all,35,9,26,0.2571428571428571,22,9,13,7,6,0,0.4090909090909091,5.0,4.0,7.0
all_a_turnover_heat_top,top,turnover_heat_v1_20120705_20260814,onset,index,csi500,中证500,region_or_episode,window,confirmation,multi_lobe,12,2,10,0.16666666666666666,8,2,6,2,4,0,0.25,5.5,4.75,6.25
all_a_turnover_heat_top,top,turnover_heat_v1_20120705_20260814,onset,index,csi500,中证500,region_or_episode,window,confirmation,single_lobe,23,7,16,0.30434782608695654,14,7,7,5,2,0,0.5,5.0,4.0,7.0
all_a_turnover_heat_top,top,turnover_heat_v1_20120705_20260814,onset,index,csi500,中证500,region_or_episode,window,prediction,all,35,9,26,0.2571428571428571,29,9,20,19,1,0,0.3103448275862069,-7.0,-11.0,-3.0
all_a_turnover_heat_top,top,turnover_heat_v1_20120705_20260814,onset,index,csi500,中证500,region_or_episode,window,prediction,multi_lobe,12,4,8,0.3333333333333333,8,4,4,4,0,0,0.5,-8.5,-10.25,-6.0
all_a_turnover_heat_top,top,turnover_heat_v1_20120705_20260814,onset,index,csi500,中证500,region_or_episode,window,prediction,single_lobe,23,5,18,0.21739130434782608,21,5,16,15,1,0,0.23809523809523808,-3.0,-15.0,-2.0
all_a_turnover_heat_top,top,turnover_heat_v1_20120705_20260814,onset,index,microcap,微盘股,region_or_episode,loose,all,all,30,5,25,0.16666666666666666,51,5,46,31,7,0,0.09803921568627451,1.0,-3.0,2.0
all_a_turnover_heat_top,top,turnover_heat_v1_20120705_20260814,onset,index,microcap,微盘股,region_or_episode,loose,all,multi_lobe,15,4,11,0.26666666666666666,22,4,18,12,4,0,0.18181818181818182,-0.5,-3.5,2.25
all_a_turnover_heat_top,top,turnover_heat_v1_20120705_20260814,onset,index,microcap,微盘股,region_or_episode,loose,all,single_lobe,15,1,14,0.06666666666666667,29,1,28,19,3,0,0.034482758620689655,1.0,1.0,1.0
all_a_turnover_heat_top,top,turnover_heat_v1_20120705_20260814,onset,index,microcap,微盘股,region_or_episode,loose,confirmation,all,30,3,27,0.1,19,3,16,10,3,0,0.15789473684210525,2.0,1.5,2.5
all_a_turnover_heat_top,top,turnover_heat_v1_20120705_20260814,onset,index,microcap,微盘股,region_or_episode,loose,confirmation,multi_lobe,15,2,13,0.13333333333333333,7,2,5,4,1,0,0.2857142857142857,2.5,2.25,2.75
all_a_turnover_heat_top,top,turnover_heat_v1_20120705_20260814,onset,index,microcap,微盘股,region_or_episode,loose,confirmation,single_lobe,15,1,14,0.06666666666666667,12,1,11,6,2,0,0.08333333333333333,1.0,1.0,1.0
all_a_turnover_heat_top,top,turnover_heat_v1_20120705_20260814,onset,index,microcap,微盘股,region_or_episode,loose,prediction,all,30,2,28,0.06666666666666667,32,2,30,21,4,0,0.0625,-4.0,-4.5,-3.5
all_a_turnover_heat_top,top,turnover_heat_v1_20120705_20260814,onset,index,microcap,微盘股,region_or_episode,loose,prediction,multi_lobe,15,2,13,0.13333333333333333,15,2,13,8,3,0,0.13333333333333333,-4.0,-4.5,-3.5
all_a_turnover_heat_top,top,turnover_heat_v1_20120705_20260814,onset,index,microcap,微盘股,region_or_episode,loose,prediction,single_lobe,15,0,15,0.0,17,0,17,13,1,0,0.0,,,
all_a_turnover_heat_top,top,turnover_heat_v1_20120705_20260814,onset,index,microcap,微盘股,region_or_episode,strict,all,all,30,3,27,0.1,51,3,48,31,7,0,0.058823529411764705,2.0,1.5,2.5
all_a_turnover_heat_top,top,turnover_heat_v1_20120705_20260814,onset,index,microcap,微盘股,region_or_episode,strict,all,multi_lobe,15,2,13,0.13333333333333333,22,2,20,12,4,0,0.09090909090909091,2.5,2.25,2.75
all_a_turnover_heat_top,top,turnover_heat_v1_20120705_20260814,onset,index,microcap,微盘股,region_or_episode,strict,all,single_lobe,15,1,14,0.06666666666666667,29,1,28,19,3,0,0.034482758620689655,1.0,1.0,1.0
all_a_turnover_heat_top,top,turnover_heat_v1_20120705_20260814,onset,index,microcap,微盘股,region_or_episode,strict,confirmation,all,30,3,27,0.1,19,3,16,10,3,0,0.15789473684210525,2.0,1.5,2.5
all_a_turnover_heat_top,top,turnover_heat_v1_20120705_20260814,onset,index,microcap,微盘股,region_or_episode,strict,confirmation,multi_lobe,15,2,13,0.13333333333333333,7,2,5,4,1,0,0.2857142857142857,2.5,2.25,2.75
all_a_turnover_heat_top,top,turnover_heat_v1_20120705_20260814,onset,index,microcap,微盘股,region_or_episode,strict,confirmation,single_lobe,15,1,14,0.06666666666666667,12,1,11,6,2,0,0.08333333333333333,1.0,1.0,1.0
all_a_turnover_heat_top,top,turnover_heat_v1_20120705_20260814,onset,index,microcap,微盘股,region_or_episode,strict,prediction,all,30,0,30,0.0,32,0,32,21,4,0,0.0,,,
all_a_turnover_heat_top,top,turnover_heat_v1_20120705_20260814,onset,index,microcap,微盘股,region_or_episode,strict,prediction,multi_lobe,15,0,15,0.0,15,0,15,8,3,0,0.0,,,
all_a_turnover_heat_top,top,turnover_heat_v1_20120705_20260814,onset,index,microcap,微盘股,region_or_episode,strict,prediction,single_lobe,15,0,15,0.0,17,0,17,13,1,0,0.0,,,
all_a_turnover_heat_top,top,turnover_heat_v1_20120705_20260814,onset,index,microcap,微盘股,region_or_episode,window,all,all,30,13,17,0.43333333333333335,51,13,38,31,7,0,0.2549019607843137,-3.0,-5.0,3.0
all_a_turnover_heat_top,top,turnover_heat_v1_20120705_20260814,onset,index,microcap,微盘股,region_or_episode,window,all,multi_lobe,15,6,9,0.4,22,6,16,12,4,0,0.2727272727272727,-4.0,-8.75,0.75
all_a_turnover_heat_top,top,turnover_heat_v1_20120705_20260814,onset,index,microcap,微盘股,region_or_episode,window,all,single_lobe,15,7,8,0.4666666666666667,29,7,22,19,3,0,0.2413793103448276,1.0,-3.5,5.5
all_a_turnover_heat_top,top,turnover_heat_v1_20120705_20260814,onset,index,microcap,微盘股,region_or_episode,window,confirmation,all,30,6,24,0.2,19,6,13,10,3,0,0.3157894736842105,3.0,2.25,6.75
all_a_turnover_heat_top,top,turnover_heat_v1_20120705_20260814,onset,index,microcap,微盘股,region_or_episode,window,confirmation,multi_lobe,15,2,13,0.13333333333333333,7,2,5,4,1,0,0.2857142857142857,2.5,2.25,2.75
all_a_turnover_heat_top,top,turnover_heat_v1_20120705_20260814,onset,index,microcap,微盘股,region_or_episode,window,confirmation,single_lobe,15,4,11,0.26666666666666666,12,4,8,6,2,0,0.3333333333333333,5.5,2.5,9.5
all_a_turnover_heat_top,top,turnover_heat_v1_20120705_20260814,onset,index,microcap,微盘股,region_or_episode,window,prediction,all,30,7,23,0.23333333333333334,32,7,25,21,4,0,0.21875,-5.0,-11.0,-3.5
all_a_turnover_heat_top,top,turnover_heat_v1_20120705_20260814,onset,index,microcap,微盘股,region_or_episode,window,prediction,multi_lobe,15,4,11,0.26666666666666666,15,4,11,8,3,0,0.26666666666666666,-7.5,-10.5,-4.5
all_a_turnover_heat_top,top,turnover_heat_v1_20120705_20260814,onset,index,microcap,微盘股,region_or_episode,window,prediction,single_lobe,15,3,12,0.2,17,3,14,13,1,0,0.17647058823529413,-4.0,-8.5,-3.5
all_a_turnover_heat_top,top,turnover_heat_v1_20120705_20260814,onset,index,sse_composite,上证指数,region_or_episode,loose,all,all,45,11,34,0.24444444444444444,51,11,40,19,11,0,0.21568627450980393,-1.0,-3.5,2.0
all_a_turnover_heat_top,top,turnover_heat_v1_20120705_20260814,onset,index,sse_composite,上证指数,region_or_episode,loose,all,multi_lobe,19,6,13,0.3157894736842105,22,6,16,9,4,0,0.2727272727272727,-1.5,-9.75,3.0
all_a_turnover_heat_top,top,turnover_heat_v1_20120705_20260814,onset,index,sse_composite,上证指数,region_or_episode,loose,all,single_lobe,26,5,21,0.19230769230769232,29,5,24,10,7,0,0.1724137931034483,-1.0,-3.0,1.0
all_a_turnover_heat_top,top,turnover_heat_v1_20120705_20260814,onset,index,sse_composite,上证指数,region_or_episode,loose,confirmation,all,45,4,41,0.08888888888888889,24,4,20,7,5,0,0.16666666666666666,3.5,2.5,4.0
all_a_turnover_heat_top,top,turnover_heat_v1_20120705_20260814,onset,index,sse_composite,上证指数,region_or_episode,loose,confirmation,multi_lobe,19,2,17,0.10526315789473684,14,2,12,6,3,0,0.14285714285714285,4.0,4.0,4.0
all_a_turnover_heat_top,top,turnover_heat_v1_20120705_20260814,onset,index,sse_composite,上证指数,region_or_episode,loose,confirmation,single_lobe,26,2,24,0.07692307692307693,10,2,8,1,2,0,0.2,2.0,1.5,2.5
all_a_turnover_heat_top,top,turnover_heat_v1_20120705_20260814,onset,index,sse_composite,上证指数,region_or_episode,loose,prediction,all,45,7,38,0.15555555555555556,27,7,20,12,6,0,0.25925925925925924,-3.0,-8.0,-2.0
all_a_turnover_heat_top,top,turnover_heat_v1_20120705_20260814,onset,index,sse_composite,上证指数,region_or_episode,loose,prediction,multi_lobe,19,4,15,0.21052631578947367,8,4,4,3,1,0,0.5,-7.5,-13.0,-2.25
all_a_turnover_heat_top,top,turnover_heat_v1_20120705_20260814,onset,index,sse_composite,上证指数,region_or_episode,loose,prediction,single_lobe,26,3,23,0.11538461538461539,19,3,16,9,5,0,0.15789473684210525,-3.0,-3.5,-2.0
all_a_turnover_heat_top,top,turnover_heat_v1_20120705_20260814,onset,index,sse_composite,上证指数,region_or_episode,strict,all,all,45,8,37,0.17777777777777778,51,8,43,19,11,0,0.1568627450980392,-2.0,-3.25,0.25
all_a_turnover_heat_top,top,turnover_heat_v1_20120705_20260814,onset,index,sse_composite,上证指数,region_or_episode,strict,all,multi_lobe,19,3,16,0.15789473684210525,22,3,19,9,4,0,0.13636363636363635,-3.0,-9.5,-1.5
all_a_turnover_heat_top,top,turnover_heat_v1_20120705_20260814,onset,index,sse_composite,上证指数,region_or_episode,strict,all,single_lobe,26,5,21,0.19230769230769232,29,5,24,10,7,0,0.1724137931034483,-1.0,-3.0,1.0
all_a_turnover_heat_top,top,turnover_heat_v1_20120705_20260814,onset,index,sse_composite,上证指数,region_or_episode,strict,confirmation,all,45,2,43,0.044444444444444446,24,2,22,7,5,0,0.08333333333333333,2.0,1.5,2.5
all_a_turnover_heat_top,top,turnover_heat_v1_20120705_20260814,onset,index,sse_composite,上证指数,region_or_episode,strict,confirmation,multi_lobe,19,0,19,0.0,14,0,14,6,3,0,0.0,,,
all_a_turnover_heat_top,top,turnover_heat_v1_20120705_20260814,onset,index,sse_composite,上证指数,region_or_episode,strict,confirmation,single_lobe,26,2,24,0.07692307692307693,10,2,8,1,2,0,0.2,2.0,1.5,2.5
all_a_turnover_heat_top,top,turnover_heat_v1_20120705_20260814,onset,index,sse_composite,上证指数,region_or_episode,strict,prediction,all,45,6,39,0.13333333333333333,27,6,21,12,6,0,0.2222222222222222,-3.0,-3.75,-1.5
all_a_turnover_heat_top,top,turnover_heat_v1_20120705_20260814,onset,index,sse_composite,上证指数,region_or_episode,strict,prediction,multi_lobe,19,3,16,0.15789473684210525,8,3,5,3,1,0,0.375,-3.0,-9.5,-1.5
all_a_turnover_heat_top,top,turnover_heat_v1_20120705_20260814,onset,index,sse_composite,上证指数,region_or_episode,strict,prediction,single_lobe,26,3,23,0.11538461538461539,19,3,16,9,5,0,0.15789473684210525,-3.0,-3.5,-2.0
all_a_turnover_heat_top,top,turnover_heat_v1_20120705_20260814,onset,index,sse_composite,上证指数,region_or_episode,window,all,all,45,21,24,0.4666666666666667,51,21,30,19,11,0,0.4117647058823529,3.0,-3.0,5.0
all_a_turnover_heat_top,top,turnover_heat_v1_20120705_20260814,onset,index,sse_composite,上证指数,region_or_episode,window,all,multi_lobe,19,9,10,0.47368421052631576,22,9,13,9,4,0,0.4090909090909091,4.0,-3.0,5.0
all_a_turnover_heat_top,top,turnover_heat_v1_20120705_20260814,onset,index,sse_composite,上证指数,region_or_episode,window,all,single_lobe,26,12,14,0.46153846153846156,29,12,17,10,7,0,0.41379310344827586,2.0,-3.25,3.75
all_a_turnover_heat_top,top,turnover_heat_v1_20120705_20260814,onset,index,sse_composite,上证指数,region_or_episode,window,confirmation,all,45,12,33,0.26666666666666666,24,12,12,7,5,0,0.5,4.5,3.0,6.25
all_a_turnover_heat_top,top,turnover_heat_v1_20120705_20260814,onset,index,sse_composite,上证指数,region_or_episode,window,confirmation,multi_lobe,19,5,14,0.2631578947368421,14,5,9,6,3,0,0.35714285714285715,5.0,4.0,5.0
all_a_turnover_heat_top,top,turnover_heat_v1_20120705_20260814,onset,index,sse_composite,上证指数,region_or_episode,window,confirmation,single_lobe,26,7,19,0.2692307692307692,10,7,3,1,2,0,0.7,3.0,3.0,6.5
all_a_turnover_heat_top,top,turnover_heat_v1_20120705_20260814,onset,index,sse_composite,上证指数,region_or_episode,window,prediction,all,45,9,36,0.2,27,9,18,12,6,0,0.3333333333333333,-4.0,-12.0,-3.0
all_a_turnover_heat_top,top,turnover_heat_v1_20120705_20260814,onset,index,sse_composite,上证指数,region_or_episode,window,prediction,multi_lobe,19,4,15,0.21052631578947367,8,4,4,3,1,0,0.5,-7.5,-13.0,-2.25
all_a_turnover_heat_top,top,turnover_heat_v1_20120705_20260814,onset,index,sse_composite,上证指数,region_or_episode,window,prediction,single_lobe,26,5,21,0.19230769230769232,19,5,14,9,5,0,0.2631578947368421,-4.0,-4.0,-3.0
