fold_id,test_year,model_id,direction,horizon_trade_days,rows,positives,prevalence,brier_score,log_loss,roc_auc,average_precision
wf_2019,2019,simple_rule,top,5,244,39,0.1598360655737705,0.14467660899082438,0.48697269782567626,0.43877423389618514,0.15497324823739173
wf_2019,2019,simple_rule,top,10,244,54,0.22131147540983606,0.19939487398450081,0.6330021893187561,0.4411306042884991,0.20474480890063973
wf_2019,2019,simple_rule,top,20,244,84,0.3442622950819672,0.24083423648535535,0.6876903315401541,0.5017857142857143,0.3616876006153942
wf_2019,2019,simple_rule,bottom,5,244,33,0.13524590163934427,0.133661330038127,0.47192026457789404,0.5441619991383024,0.1368161392844549
wf_2019,2019,simple_rule,bottom,10,244,43,0.1762295081967213,0.1680415410132974,0.5317498438949517,0.5347680203632998,0.1723107691392899
wf_2019,2019,simple_rule,bottom,20,244,67,0.27459016393442626,0.19898925971733072,0.5740420306238937,0.6530061556623661,0.3622783777579178
wf_2019,2019,elastic_net,top,5,244,39,0.1598360655737705,0.1894558779335502,0.5643867036670676,0.8390243902439025,0.4194202996817749
wf_2019,2019,elastic_net,top,10,244,54,0.22131147540983606,0.1910961424632403,0.5702699577797532,0.8235867446393762,0.49347352495974
wf_2019,2019,elastic_net,top,20,244,84,0.3442622950819672,0.1970535582112175,0.5829377825552603,0.8135416666666667,0.7404160838064726
wf_2019,2019,elastic_net,bottom,5,244,33,0.13524590163934427,0.12376734037626815,0.45286127212033406,0.9629470056010341,0.7682034733235958
wf_2019,2019,elastic_net,bottom,10,244,43,0.1762295081967213,0.14553429940528528,0.44943531052410834,0.9499016545181073,0.7078522343712566
wf_2019,2019,elastic_net,bottom,20,244,67,0.27459016393442626,0.18607771449707727,0.5412422557472293,0.8983894088877646,0.8382690649083936
wf_2019,2019,shallow_xgboost,top,5,244,39,0.1598360655737705,0.18533901277868672,0.5475296177672675,0.783364602876798,0.31228870176375834
wf_2019,2019,shallow_xgboost,top,10,244,54,0.22131147540983606,0.18870223438434314,0.5601520308241251,0.7834795321637427,0.4074601973630706
wf_2019,2019,shallow_xgboost,top,20,244,84,0.3442622950819672,0.1984812734942065,0.5858348578424366,0.7966517857142856,0.6319034318056491
wf_2019,2019,shallow_xgboost,bottom,5,244,33,0.13524590163934427,0.11469461732864544,0.3713478309054402,0.9640959356599167,0.8124385566213839
wf_2019,2019,shallow_xgboost,bottom,10,244,43,0.1762295081967213,0.14151316262934024,0.43979617757218153,0.9613560106444522,0.8138746478159649
wf_2019,2019,shallow_xgboost,bottom,20,244,67,0.27459016393442626,0.23233077805890795,0.682767087845204,0.08364954886584025,0.1730192145766363
wf_2020,2020,simple_rule,top,5,243,29,0.11934156378600823,0.11007711492868323,0.38447755344853224,0.23541733805994197,0.0768966924890116
wf_2020,2020,simple_rule,top,10,243,34,0.13991769547325103,0.13206728274888507,0.44139852079949626,0.28722206585983673,0.09917231009560747
wf_2020,2020,simple_rule,top,20,243,41,0.16872427983539096,0.16189402699207467,0.5100364075985434,0.3849311760444337,0.19248877606970893
wf_2020,2020,simple_rule,bottom,5,243,25,0.102880658436214,0.09357656639843272,0.33725558341378864,0.8183486238532109,0.36076359224379045
wf_2020,2020,simple_rule,bottom,10,243,35,0.1440329218106996,0.12465552632638532,0.4170524376122294,0.6998626373626373,0.33959544470045244
wf_2020,2020,simple_rule,bottom,20,243,51,0.20987654320987653,0.17339829165866408,0.5336964181616125,0.5118464052287582,0.2996066296957279
wf_2020,2020,elastic_net,top,5,243,29,0.11934156378600823,0.09648261903380226,0.3323171825803171,0.8216242346116661,0.39257899313523387
wf_2020,2020,elastic_net,top,10,243,34,0.13991769547325103,0.12127110108810658,0.3957035815071538,0.7897551365043625,0.45316969479660646
wf_2020,2020,elastic_net,top,20,243,41,0.16872427983539096,0.19255476580454875,0.5631609060661976,0.7162521130161796,0.4067563943801199
wf_2020,2020,elastic_net,bottom,5,243,25,0.102880658436214,0.09348533981198831,0.531386699888444,0.6236697247706422,0.22500110557409367
wf_2020,2020,elastic_net,bottom,10,243,35,0.1440329218106996,0.1384331883738853,0.9031372198977966,0.4501373626373626,0.19334819942972553
wf_2020,2020,elastic_net,bottom,20,243,51,0.20987654320987653,0.23351482597461481,1.2578813952048222,0.35917075163398693,0.21264154653658984
wf_2020,2020,shallow_xgboost,top,5,243,29,0.11934156378600823,0.09039593394088632,0.3159270432934845,0.8803577183370931,0.6836609127505816
wf_2020,2020,shallow_xgboost,top,10,243,34,0.13991769547325103,0.10801072542035868,0.3656890413200246,0.8478046721080776,0.453535044954666
wf_2020,2020,shallow_xgboost,top,20,243,41,0.16872427983539096,0.1927527625323324,0.5704039682811047,0.6570876599855108,0.28621195837107144
wf_2020,2020,shallow_xgboost,bottom,5,243,25,0.102880658436214,0.07673937344559406,0.3047114050216691,0.7508256880733944,0.4015858996462407
wf_2020,2020,shallow_xgboost,bottom,10,243,35,0.1440329218106996,0.1236600891540333,0.49909739782299906,0.6143543956043956,0.3104815502271106
wf_2020,2020,shallow_xgboost,bottom,20,243,51,0.20987654320987653,0.21333795763513505,0.8979979613598407,0.443780637254902,0.2389625722170303
wf_2021,2021,simple_rule,top,5,243,34,0.13991769547325103,0.12362078148317936,0.4232539289773387,0.45257528848860124,0.19666959501834214
wf_2021,2021,simple_rule,top,10,243,44,0.18106995884773663,0.1517843511761823,0.4910476187809636,0.4551164915486524,0.2254736122790028
wf_2021,2021,simple_rule,top,20,243,64,0.26337448559670784,0.19671408417647482,0.5861335626165547,0.5268854748603353,0.35993568325528236
wf_2021,2021,simple_rule,bottom,5,243,19,0.07818930041152264,0.07747556958384609,0.30231339981616373,0.3900375939849624,0.06274098531287328
wf_2021,2021,simple_rule,bottom,10,243,24,0.09876543209876543,0.09776045505894165,0.3589145311709344,0.308599695585997,0.0695854829158242
wf_2021,2021,simple_rule,bottom,20,243,34,0.13991769547325103,0.1298121096150235,0.4340628388739737,0.38164931044188016,0.12880353353536272
wf_2021,2021,elastic_net,top,5,243,34,0.13991769547325103,0.11668005828625987,0.4303593364886003,0.6383338024204896,0.33916719301354753
wf_2021,2021,elastic_net,top,10,243,44,0.18106995884773663,0.15000745714697772,0.4978951188632642,0.5808588396528095,0.315520053355242
wf_2021,2021,elastic_net,top,20,243,64,0.26337448559670784,0.21360529836042805,0.6562706941874596,0.4965083798882682,0.3055487429509226
wf_2021,2021,elastic_net,bottom,5,243,19,0.07818930041152264,0.07034874085321155,0.2645677092198056,0.7643327067669172,0.22290157232711788
wf_2021,2021,elastic_net,bottom,10,243,24,0.09876543209876543,0.09693241342466095,0.3526009974474893,0.2783485540334856,0.06884628546492827
wf_2021,2021,elastic_net,bottom,20,243,34,0.13991769547325103,0.15645893311529827,0.5037244217738832,0.1410075992119336,0.08305351048415181
wf_2021,2021,shallow_xgboost,top,5,243,34,0.13991769547325103,0.11992231355650498,0.39841500041719047,0.742752603433718,0.3189633087676355
wf_2021,2021,shallow_xgboost,top,10,243,44,0.18106995884773663,0.14668489929950312,0.45701065651585016,0.7813499314755596,0.44464242789505193
wf_2021,2021,shallow_xgboost,top,20,243,64,0.26337448559670784,0.2378113533478092,0.6818784684678719,0.25794343575418993,0.18042416842330267
wf_2021,2021,shallow_xgboost,bottom,5,243,19,0.07818930041152264,0.04573204943707928,0.17078508680667842,0.9600563909774437,0.8186418534042759
wf_2021,2021,shallow_xgboost,bottom,10,243,24,0.09876543209876543,0.06362679959655658,0.23749026871127973,0.9339802130898021,0.7470670953087833
wf_2021,2021,shallow_xgboost,bottom,20,243,34,0.13991769547325103,0.11313163174996316,0.3916932851794923,0.7717421896988461,0.5917779149297595
wf_2022,2022,simple_rule,top,5,242,16,0.06611570247933884,0.06185905158288591,0.24425072397719302,0.483683628318584,0.06256941054109268
wf_2022,2022,simple_rule,top,10,242,21,0.08677685950413223,0.07966610907339403,0.297339700015561,0.5138978668390433,0.08498012749698329
wf_2022,2022,simple_rule,top,20,242,37,0.15289256198347106,0.13555239503975225,0.4431291406363669,0.5158866183256428,0.15069350180917296
wf_2022,2022,simple_rule,bottom,5,242,26,0.10743801652892562,0.09639293504996169,0.3474838387758938,0.4825498575498576,0.1706466715901791
wf_2022,2022,simple_rule,bottom,10,242,39,0.16115702479338842,0.13747133863349886,0.4688859763073632,0.46280156624984214,0.2506288067028938
wf_2022,2022,simple_rule,bottom,20,242,59,0.24380165289256198,0.19526230566738975,0.6041969345837076,0.45771973696397156,0.2870003437413306
wf_2022,2022,elastic_net,top,5,242,16,0.06611570247933884,0.06727514218598,0.35394020688627903,0.11946902654867259,0.03859453957753734
wf_2022,2022,elastic_net,top,10,242,21,0.08677685950413223,0.08764602718590507,0.36604470872087586,0.1861667744020685,0.05333788532904311
wf_2022,2022,elastic_net,top,20,242,37,0.15289256198347106,0.13954114172311255,0.5113872459823212,0.29822017139090307,0.2385671038733831
wf_2022,2022,elastic_net,bottom,5,242,26,0.10743801652892562,0.07337654425117364,0.2575934069631682,0.8327991452991454,0.5391500532598718
wf_2022,2022,elastic_net,bottom,10,242,39,0.16115702479338842,0.10234857415036759,0.3375611120684579,0.8508273335859543,0.5847379743239481
wf_2022,2022,elastic_net,bottom,20,242,59,0.24380165289256198,0.17023570246758907,0.5356486424330751,0.8220802074650366,0.5631079872109974
wf_2022,2022,shallow_xgboost,top,5,242,16,0.06611570247933884,0.0550589257468407,0.1964418108539383,0.8998893805309734,0.25495985565815094
wf_2022,2022,shallow_xgboost,top,10,242,21,0.08677685950413223,0.06729727857822482,0.23825833135066896,0.9028226675285499,0.312245816892546
wf_2022,2022,shallow_xgboost,top,20,242,37,0.15289256198347106,0.1146819373238669,0.3905705855149486,0.7829268292682927,0.45171154975546407
wf_2022,2022,shallow_xgboost,bottom,5,242,26,0.10743801652892562,0.0928763359082261,0.28247561200697013,0.8701923076923077,0.5023639827745008
wf_2022,2022,shallow_xgboost,bottom,10,242,39,0.16115702479338842,0.11594615156581607,0.35242302167876854,0.8510799545282304,0.5149362872244234
wf_2022,2022,shallow_xgboost,bottom,20,242,59,0.24380165289256198,0.15436266323788334,0.46122207042507046,0.7971195702509957,0.5026082502628433
wf_2023,2023,simple_rule,top,5,242,32,0.1322314049586777,0.11837324601610522,0.4130357060927076,0.503125,0.14490447141969565
wf_2023,2023,simple_rule,top,10,242,37,0.15289256198347106,0.1330289606001532,0.44543493378759474,0.4590639419907712,0.14970606495372235
wf_2023,2023,simple_rule,top,20,242,41,0.16942148760330578,0.14097161588291365,0.4559743337860351,0.5748088824171824,0.21948326318102857
wf_2023,2023,simple_rule,bottom,5,242,0,0.0,0.013682521501262826,0.12438572903895923,,
wf_2023,2023,simple_rule,bottom,10,242,0,0.0,0.03094264980596457,0.1934325921377021,,
wf_2023,2023,simple_rule,bottom,20,242,0,0.0,0.07142917220204115,0.3105945074622039,,
wf_2023,2023,elastic_net,top,5,242,32,0.1322314049586777,0.09726871807321995,0.2956817584783335,0.9605654761904762,0.7934689642461993
wf_2023,2023,elastic_net,top,10,242,37,0.15289256198347106,0.11636394620789835,0.3671148331127186,0.9000659195781147,0.6350941820825464
wf_2023,2023,elastic_net,top,20,242,41,0.16942148760330578,0.12955533701674976,0.42609818454284093,0.8104598956437326,0.5826472543869924
wf_2023,2023,elastic_net,bottom,5,242,0,0.0,0.013267575935585077,0.080424834251898,,
wf_2023,2023,elastic_net,bottom,10,242,0,0.0,0.022318079897785184,0.11273610937988718,,
wf_2023,2023,elastic_net,bottom,20,242,0,0.0,0.03702050812777904,0.18606472972324106,,
wf_2023,2023,shallow_xgboost,top,5,242,32,0.1322314049586777,0.0997605987604037,0.2862197355812939,0.9796130952380953,0.8550993970872909
wf_2023,2023,shallow_xgboost,top,10,242,37,0.15289256198347106,0.10467213474151278,0.2959927490036817,0.9632168754119973,0.7775084853284355
wf_2023,2023,shallow_xgboost,top,20,242,41,0.16942148760330578,0.08796838227579391,0.2847257293656855,0.9463657323140395,0.8124058588397813
wf_2023,2023,shallow_xgboost,bottom,5,242,0,0.0,0.007919101388498601,0.05474351167625328,,
wf_2023,2023,shallow_xgboost,bottom,10,242,0,0.0,0.016131249491129148,0.09678677369437853,,
wf_2023,2023,shallow_xgboost,bottom,20,242,0,0.0,0.03456210902637328,0.1905626708814788,,
wf_2024,2024,simple_rule,top,5,242,39,0.16115702479338842,0.13650163970467807,0.44722506408704943,0.42579259820639137,0.15745431619889005
wf_2024,2024,simple_rule,top,10,242,54,0.2231404958677686,0.17604276449591577,0.5399245052487176,0.5220646178092987,0.3216866693446991
wf_2024,2024,simple_rule,top,20,242,84,0.34710743801652894,0.25187427605429275,0.7182253519190608,0.5299879445449066,0.41695163032777727
wf_2024,2024,simple_rule,bottom,5,242,35,0.1446280991735537,0.14335670670644293,0.7865032556060948,0.5,0.1446280991735537
wf_2024,2024,simple_rule,bottom,10,242,54,0.2231404958677686,0.22116809985874517,1.2110332707207325,0.5,0.2231404958677686
wf_2024,2024,simple_rule,bottom,20,242,84,0.34710743801652894,0.34402819430974885,1.8813438209017386,0.5,0.34710743801652894
wf_2024,2024,elastic_net,top,5,242,39,0.16115702479338842,0.3279852455444799,1.4719703354876674,0.7254010357458633,0.3492666507659141
wf_2024,2024,elastic_net,top,10,242,54,0.2231404958677686,0.36019638357328987,1.6786647506444687,0.6618400315208826,0.38729374424555474
wf_2024,2024,elastic_net,top,20,242,84,0.34710743801652894,0.36624943337542254,1.6677069315405555,0.6170132610006027,0.5151965836223451
wf_2024,2024,elastic_net,bottom,5,242,35,0.1446280991735537,0.14335670670644293,0.7865032556060948,0.5,0.1446280991735537
wf_2024,2024,elastic_net,bottom,10,242,54,0.2231404958677686,0.22116809985874517,1.2110332707207325,0.5,0.2231404958677686
wf_2024,2024,elastic_net,bottom,20,242,84,0.34710743801652894,0.34402819430974885,1.8813438209017386,0.5,0.34710743801652894
wf_2024,2024,shallow_xgboost,top,5,242,39,0.16115702479338842,0.1340172317236471,0.4071647380166007,0.7910824807376532,0.5018561592225066
wf_2024,2024,shallow_xgboost,top,10,242,54,0.2231404958677686,0.16443902922365086,0.5601303895986433,0.704442474389283,0.5599469637207561
wf_2024,2024,shallow_xgboost,top,20,242,84,0.34710743801652894,0.2234875938339317,0.7181971050843386,0.6442510548523207,0.6334415767532084
wf_2024,2024,shallow_xgboost,bottom,5,242,35,0.1446280991735537,0.14335670670644293,0.7865032556060948,0.5,0.1446280991735537
wf_2024,2024,shallow_xgboost,bottom,10,242,54,0.2231404958677686,0.22116809985874517,1.2110332707207325,0.5,0.2231404958677686
wf_2024,2024,shallow_xgboost,bottom,20,242,84,0.34710743801652894,0.34402819430974885,1.8813438209017386,0.5,0.34710743801652894
wf_2025,2025,simple_rule,top,5,243,26,0.10699588477366255,0.09858475164705399,0.3507157169480936,0.5948245303084012,0.12769087775965493
wf_2025,2025,simple_rule,top,10,243,31,0.12757201646090535,0.12225398109656416,0.416657184093295,0.6679853925745587,0.23425194282006173
wf_2025,2025,simple_rule,top,20,243,48,0.19753086419753085,0.18841578198656714,0.56749701800805,0.7712606837606838,0.4755303135459877
wf_2025,2025,simple_rule,bottom,5,243,17,0.06995884773662552,0.07644701467063995,0.30953402087099724,0.11608537220197815,0.04031275624646636
wf_2025,2025,simple_rule,bottom,10,243,22,0.09053497942386832,0.10887830905558528,0.4000244613545228,0.13718634306869598,0.05281453985721966
wf_2025,2025,simple_rule,bottom,20,243,32,0.13168724279835392,0.15024110909681057,0.4867815217509766,0.2513329383886256,0.08555697729772001
wf_2025,2025,elastic_net,top,5,243,26,0.10699588477366255,0.08614173566350851,0.3071142371895097,0.858738036157391,0.46013259410689744
wf_2025,2025,elastic_net,top,10,243,31,0.12757201646090535,0.1106164037423156,0.3850296609071033,0.8817711503347536,0.5497707354705452
wf_2025,2025,elastic_net,top,20,243,48,0.19753086419753085,0.1746597085773295,0.5371790445319431,0.7209401709401709,0.5276219084466218
wf_2025,2025,elastic_net,bottom,5,243,17,0.06995884773662552,0.06787462603937118,0.26878129998977796,0.9409161894846434,0.7636236179679703
wf_2025,2025,elastic_net,bottom,10,243,22,0.09053497942386832,0.07240138565954907,0.28214670347323906,0.8593171534348004,0.6317067285029231
wf_2025,2025,elastic_net,bottom,20,243,32,0.13168724279835392,0.12142374395572238,0.4147170150655062,0.7042357819905214,0.446201346286104
wf_2025,2025,shallow_xgboost,top,5,243,26,0.10699588477366255,0.1133678739756935,0.37918484765858185,0.5940269408011344,0.1262061664224459
wf_2025,2025,shallow_xgboost,top,10,243,31,0.12757201646090535,0.13327055628489087,0.4403688186244672,0.6322276323797931,0.16309652427324528
wf_2025,2025,shallow_xgboost,top,20,243,48,0.19753086419753085,0.1961131330321321,0.5831208752086314,0.5105235042735043,0.18855038515473121
wf_2025,2025,shallow_xgboost,bottom,5,243,17,0.06995884773662552,0.04561818135410472,0.1643314365629495,0.9471629359708486,0.769757124193287
wf_2025,2025,shallow_xgboost,bottom,10,243,22,0.09053497942386832,0.06537978371118115,0.2421028977171019,0.9064171122994652,0.6627609617400667
wf_2025,2025,shallow_xgboost,bottom,20,243,32,0.13168724279835392,0.10725395874212669,0.3716131139685516,0.8047985781990522,0.5396308758107625
wf_2026,2026,simple_rule,top,5,144,48,0.3333333333333333,0.2796925679490417,0.8646301662894891,0.3888888888888889,0.26828533989290654
wf_2026,2026,simple_rule,top,10,139,58,0.4172661870503597,0.3252708618821241,0.9669858447029661,0.49510429970200087,0.420425180075334
wf_2026,2026,simple_rule,top,20,129,71,0.5503875968992248,0.3559703778756997,1.0263521672148133,0.6714424477901895,0.7367597889945761
wf_2026,2026,simple_rule,bottom,5,144,30,0.20833333333333334,0.18761527131312758,0.6862267074514775,0.5646198830409356,0.23109795728152466
wf_2026,2026,simple_rule,bottom,10,139,40,0.28776978417266186,0.24578498791296813,0.8285558707815924,0.5722222222222222,0.31439862854632583
wf_2026,2026,simple_rule,bottom,20,129,51,0.3953488372093023,0.3046795076136269,0.8929932049180436,0.5663650075414781,0.41146541402815984
wf_2026,2026,elastic_net,top,5,144,48,0.3333333333333333,0.2999308001587299,1.040786047491669,0.8209635416666666,0.5616958121227357
wf_2026,2026,elastic_net,top,10,139,58,0.4172661870503597,0.3582428905095885,1.147761232804918,0.8822903363133249,0.7505996437370115
wf_2026,2026,elastic_net,top,20,129,71,0.5503875968992248,0.40672635526545053,1.1465466368385777,0.8773676542010684,0.9042644194443995
wf_2026,2026,elastic_net,bottom,5,144,30,0.20833333333333334,0.1008280652179026,0.3069345184913689,0.954093567251462,0.8701396747391799
wf_2026,2026,elastic_net,bottom,10,139,40,0.28776978417266186,0.1474892930571385,0.4511167925499058,0.9191919191919192,0.8509328149841431
wf_2026,2026,elastic_net,bottom,20,129,51,0.3953488372093023,0.24701204575998983,0.7135591837705332,0.7815485168426345,0.7335522811048869
wf_2026,2026,shallow_xgboost,top,5,144,48,0.3333333333333333,0.2663362514637238,0.7842831191953087,0.8040364583333334,0.628538420282555
wf_2026,2026,shallow_xgboost,top,10,139,58,0.4172661870503597,0.3168635933476125,0.8943324411144635,0.8728182205193699,0.8322303388893902
wf_2026,2026,shallow_xgboost,top,20,129,71,0.5503875968992248,0.4013843896324489,1.0827070154364873,0.09507042253521128,0.36500077856191193
wf_2026,2026,shallow_xgboost,bottom,5,144,30,0.20833333333333334,0.0957476470520051,0.314429339123039,0.9040935672514621,0.8002747087501872
wf_2026,2026,shallow_xgboost,bottom,10,139,40,0.28776978417266186,0.1373899854400014,0.43942100638815945,0.9022727272727272,0.8315185622035037
wf_2026,2026,shallow_xgboost,bottom,20,129,51,0.3953488372093023,0.25144462771586623,0.7548232071906841,0.7055052790346908,0.6977129965989142
