signal_id,direction,version,event_kind,index_id,index_name,horizon,outcome_name,event_count,event_mean,event_median,event_q25,event_q75,baseline_count,baseline_mean,mean_difference,hac_lag,hac_standard_error,ci95_lower,ci95_upper,hac_p_value,local_fdr_q_value,global_fdr_q_value,inference_eligible
four_industry_top1,top,four_industry_top1_v2_20211213_20260814,capped_confirmation,all_a,全A,5,max_down,105,-0.019802264166444428,-0.01451601272729508,-0.026252214201661794,-0.006997177631632101,1023,-0.020193145205132983,0.00039088103868855376,5,0.0018007347069932057,-0.0031385589870181296,0.0039203210643952375,0.8281557163850185,0.9602520353890855,0.980580458999198,True
four_industry_top1,top,four_industry_top1_v2_20211213_20260814,capped_confirmation,all_a,全A,5,max_up,105,0.01840476061415958,0.013131405306055166,0.004680006732458164,0.024994137517239334,1023,0.017611268046568474,0.0007934925675911085,5,0.0026387472040474208,-0.004378451952341836,0.005965437087524053,0.7636371177682248,0.9602520353890855,0.980580458999198,True
four_industry_top1,top,four_industry_top1_v2_20211213_20260814,capped_confirmation,all_a,全A,5,terminal_return,105,0.0012046094460662056,0.0010046569977639752,-0.018136767799587616,0.01748614752474431,1023,0.0003423660168856034,0.0008622434291806002,5,0.0027052737495855115,-0.004440093120007003,0.006164579978368203,0.7499336387273655,0.9602520353890855,0.980580458999198,True
four_industry_top1,top,four_industry_top1_v2_20211213_20260814,capped_confirmation,all_a,全A,10,max_down,104,-0.028929847657483607,-0.02304408255072027,-0.039565091888375425,-0.010031207881546655,1019,-0.0299652612750051,0.0010354136175214947,10,0.002471859866843575,-0.0038094317214919125,0.005880258956534902,0.6753035515670449,0.9602520353890855,0.980580458999198,True
four_industry_top1,top,four_industry_top1_v2_20211213_20260814,capped_confirmation,all_a,全A,10,max_up,104,0.025592170531264117,0.018162717019711616,0.00613963900790776,0.0374643598170164,1019,0.0262983668437767,-0.0007061963125125781,10,0.002841276234956831,-0.006275097733027968,0.004862705108002811,0.803709677477277,0.9602520353890855,0.980580458999198,True
four_industry_top1,top,four_industry_top1_v2_20211213_20260814,capped_confirmation,all_a,全A,10,terminal_return,104,-0.0008011349417710803,-0.0020534218877805155,-0.028070858651528835,0.03089117777606093,1019,0.0009195773374455138,-0.0017207122792165905,10,0.003756285877061934,-0.009083032598257981,0.005641608039824801,0.6468886854009415,0.9602520353890855,0.980580458999198,True
four_industry_top1,top,four_industry_top1_v2_20211213_20260814,capped_confirmation,all_a,全A,20,max_down,104,-0.04618653765573461,-0.034485767722319705,-0.06388727664081045,-0.012352623823841835,1009,-0.04431851368473807,-0.0018680239709965444,20,0.003777355573548875,-0.009271640895152339,0.005535592953159251,0.6209303697477985,0.9602520353890855,0.980580458999198,True
four_industry_top1,top,four_industry_top1_v2_20211213_20260814,capped_confirmation,all_a,全A,20,max_up,104,0.035129979019992694,0.02396404607625957,0.007551275893825371,0.05062885974296283,1009,0.039423124323095,-0.004293145303102305,20,0.004927716376949196,-0.01395146940192273,0.00536517879571812,0.3836317992820844,0.9602520353890855,0.980580458999198,True
four_industry_top1,top,four_industry_top1_v2_20211213_20260814,capped_confirmation,all_a,全A,20,terminal_return,104,-0.004815683817134193,-0.005354276293672411,-0.04209146124451171,0.03245525284155809,1009,0.001964909729649512,-0.006780593546783705,20,0.005955028795968714,-0.018452449986882384,0.0048912628933149745,0.2548561712875576,0.9602520353890855,0.980580458999198,True
four_industry_top1,top,four_industry_top1_v2_20211213_20260814,capped_confirmation,cni2000,国证2000,5,max_down,105,-0.02582874277824953,-0.019845424494453368,-0.033081470941785596,-0.009533806651907173,1023,-0.026422249183696393,0.0005935064054468646,5,0.002546003526811792,-0.004396660507104248,0.005583673317997976,0.8156736954060195,0.9602520353890855,0.980580458999198,True
four_industry_top1,top,four_industry_top1_v2_20211213_20260814,capped_confirmation,cni2000,国证2000,5,max_up,105,0.023969857554068056,0.01695575661565374,0.008003829633896453,0.031424220415622095,1023,0.022642580921977223,0.0013272766320908346,5,0.0031824904628282,-0.004910404675052438,0.007564957939234106,0.6766374727468094,0.9602520353890855,0.980580458999198,True
four_industry_top1,top,four_industry_top1_v2_20211213_20260814,capped_confirmation,cni2000,国证2000,5,terminal_return,105,0.0021696943257436814,0.0016244507103708727,-0.020239899735559064,0.025676464630818963,1023,0.0010860358159922206,0.0010836585097514617,5,0.003565898183520771,-0.005905501929949249,0.008072818949452172,0.7612079125500022,0.9602520353890855,0.980580458999198,True
four_industry_top1,top,four_industry_top1_v2_20211213_20260814,capped_confirmation,cni2000,国证2000,10,max_down,104,-0.039129898800042806,-0.02844470771650942,-0.051260163451904206,-0.011954852960477713,1019,-0.03955505331786251,0.00042515451781969935,10,0.003646092696410432,-0.006721187167144748,0.007571496202784146,0.907172666940064,0.9602520353890855,0.980580458999198,True
four_industry_top1,top,four_industry_top1_v2_20211213_20260814,capped_confirmation,cni2000,国证2000,10,max_up,104,0.03363047854229241,0.025049650998821837,0.009414104733876272,0.05215305693900668,1019,0.03419624474029523,-0.0005657661980028096,10,0.003473522194207369,-0.007373869698649253,0.006242337302643633,0.8706131668769106,0.9602520353890855,0.980580458999198,True
four_industry_top1,top,four_industry_top1_v2_20211213_20260814,capped_confirmation,cni2000,国证2000,10,terminal_return,104,2.11559680063228e-05,-0.006995609012485138,-0.03840224341647394,0.045411735317574586,1019,0.00236907028155517,-0.0023479143135488544,10,0.00509657347486734,-0.012337198324288841,0.0076413696971911315,0.6450247080820444,0.9602520353890855,0.980580458999198,True
four_industry_top1,top,four_industry_top1_v2_20211213_20260814,capped_confirmation,cni2000,国证2000,20,max_down,104,-0.06259106228272059,-0.04472547806560584,-0.08629077542268837,-0.013725699520530016,1009,-0.05911652139740368,-0.0034745408853169234,20,0.005890285699436522,-0.015019500856212507,0.00807041908557866,0.5552734760299836,0.9602520353890855,0.980580458999198,True
four_industry_top1,top,four_industry_top1_v2_20211213_20260814,capped_confirmation,cni2000,国证2000,20,max_up,104,0.0468450596613575,0.030350347113178855,0.009621245396535305,0.08176079778425782,1009,0.05070742874270311,-0.0038623690813456174,20,0.005689450690474556,-0.015013692434675747,0.007288954271984513,0.4972233886480363,0.9602520353890855,0.980580458999198,True
four_industry_top1,top,four_industry_top1_v2_20211213_20260814,capped_confirmation,cni2000,国证2000,20,terminal_return,104,-0.0039076927093459925,-0.006662908382194299,-0.04688041787926253,0.048500061924789284,1009,0.0044426971100822365,-0.00835038981942822,20,0.008372262688507166,-0.024760024688902264,0.008059245050045825,0.3185764756720294,0.9602520353890855,0.980580458999198,True
four_industry_top1,top,four_industry_top1_v2_20211213_20260814,capped_confirmation,csi1000,中证1000,5,max_down,105,-0.025407801390969154,-0.018620782433793726,-0.03138029584293045,-0.0087430809722574,1023,-0.02557974644622828,0.00017194505525912609,5,0.002367247877278507,-0.004467860784206748,0.004811750894725,0.9420965723824695,0.9602520353890855,0.980580458999198,True
four_industry_top1,top,four_industry_top1_v2_20211213_20260814,capped_confirmation,csi1000,中证1000,5,max_up,105,0.02303016727342952,0.016800103281623846,0.006158681269472055,0.030876037358386954,1023,0.022031688719098493,0.0009984785543310285,5,0.0031184698204740034,-0.005113722293798018,0.007110679402460076,0.7488302093963362,0.9602520353890855,0.980580458999198,True
four_industry_top1,top,four_industry_top1_v2_20211213_20260814,capped_confirmation,csi1000,中证1000,5,terminal_return,105,0.0016187380442681469,0.002751117716788709,-0.021856654330532965,0.021336193835375772,1023,0.00047099914713394196,0.0011477388971342056,5,0.003468584679725539,-0.005650687075127852,0.007946164869396262,0.7407234570464194,0.9602520353890855,0.980580458999198,True
four_industry_top1,top,four_industry_top1_v2_20211213_20260814,capped_confirmation,csi1000,中证1000,10,max_down,104,-0.037775047231057776,-0.027034862070296983,-0.05138573201322441,-0.013744152254022785,1019,-0.038393363013245294,0.0006183157821875273,10,0.0033135476421868597,-0.005876237596498718,0.007112869160873772,0.8519724228212028,0.9602520353890855,0.980580458999198,True
four_industry_top1,top,four_industry_top1_v2_20211213_20260814,capped_confirmation,csi1000,中证1000,10,max_up,104,0.0323199506136718,0.02463502847231913,0.009203039119943857,0.04672045253562884,1019,0.03286545999090325,-0.000545509377231448,10,0.003358334003244164,-0.00712784402359001,0.006036825269127114,0.8709636874918238,0.9602520353890855,0.980580458999198,True
four_industry_top1,top,four_industry_top1_v2_20211213_20260814,capped_confirmation,csi1000,中证1000,10,terminal_return,104,-0.001171180082058984,-0.005535880599432941,-0.03952132085070778,0.0389148394467424,1019,0.0012069983881940528,-0.0023781784702530374,10,0.004845534249696193,-0.011875425599657576,0.0071190686591515,0.6235693318081531,0.9602520353890855,0.980580458999198,True
four_industry_top1,top,four_industry_top1_v2_20211213_20260814,capped_confirmation,csi1000,中证1000,20,max_down,104,-0.06066653552778496,-0.04511043572052148,-0.0864937796631998,-0.016279685160164425,1009,-0.05740398823853929,-0.0032625472892456684,20,0.005464201073222331,-0.013972381392761437,0.0074472868142701,0.5504561556316309,0.9602520353890855,0.980580458999198,True
four_industry_top1,top,four_industry_top1_v2_20211213_20260814,capped_confirmation,csi1000,中证1000,20,max_up,104,0.04475876528953611,0.030009648064505456,0.010107971134988791,0.06768972071594331,1009,0.04865467714669578,-0.0038959118571596702,20,0.0055977705287032576,-0.014867542093418054,0.007075718379098714,0.4864440931569814,0.9602520353890855,0.980580458999198,True
four_industry_top1,top,four_industry_top1_v2_20211213_20260814,capped_confirmation,csi1000,中证1000,20,terminal_return,104,-0.005294399859191771,-0.00898263910813768,-0.0520373736208575,0.0405107551183983,1009,0.002251529513783168,-0.007545929372974932,20,0.008071958244867927,-0.023366967532916068,0.008275108786966204,0.3498745979329472,0.9602520353890855,0.980580458999198,True
four_industry_top1,top,four_industry_top1_v2_20211213_20260814,capped_confirmation,csi300,沪深300,5,max_down,105,-0.017317109462087935,-0.01390347609013387,-0.025405834431532326,-0.005396325505303112,1023,-0.017741371131234224,0.0004242616691462944,5,0.0015597026496359894,-0.0026327555241402447,0.0034812788624328335,0.7856109033439308,0.9602520353890855,0.980580458999198,True
four_industry_top1,top,four_industry_top1_v2_20211213_20260814,capped_confirmation,csi300,沪深300,5,max_up,105,0.01638068582962702,0.011082603469913632,0.004967049543402435,0.02365353288535932,1023,0.016586113382658467,-0.00020542755303144778,5,0.0024255801672908414,-0.004959564680921498,0.004548709574858601,0.9325061521247284,0.9602520353890855,0.980580458999198,True
four_industry_top1,top,four_industry_top1_v2_20211213_20260814,capped_confirmation,csi300,沪深300,5,terminal_return,105,0.0003897020862651878,-0.0008613218913149367,-0.014239453767273647,0.011787725871998722,1023,-2.979344178030585e-05,0.00041949552804549116,5,0.002343115468096748,-0.004173010789424136,0.005012001845515117,0.8579116102735677,0.9602520353890855,0.980580458999198,True
four_industry_top1,top,four_industry_top1_v2_20211213_20260814,capped_confirmation,csi300,沪深300,10,max_down,104,-0.024598415913890278,-0.02079251945301519,-0.03368879845524028,-0.007781011862778742,1019,-0.025917903327470362,0.001319487413580084,10,0.001979666730785248,-0.002560659378759002,0.0051996342059191705,0.5050788024405011,0.9602520353890855,0.980580458999198,True
four_industry_top1,top,four_industry_top1_v2_20211213_20260814,capped_confirmation,csi300,沪深300,10,max_up,104,0.02260310193745516,0.0159372289583114,0.007024090350828849,0.033283776643214136,1019,0.024670200341012954,-0.0020670984035578,10,0.002601682206841527,-0.007166395528967193,0.003032198721851593,0.4268905658417449,0.9602520353890855,0.980580458999198,True
four_industry_top1,top,four_industry_top1_v2_20211213_20260814,capped_confirmation,csi300,沪深300,10,terminal_return,104,-0.0014645801768897375,-0.0036397497740540685,-0.022527315075882876,0.018590372689784807,1019,0.0001958321667011956,-0.0016604123435909352,10,0.0031541688071246047,-0.00784258320555516,0.00452175851837329,0.5985975678352916,0.9602520353890855,0.980580458999198,True
four_industry_top1,top,four_industry_top1_v2_20211213_20260814,capped_confirmation,csi300,沪深300,20,max_down,104,-0.03811685214115526,-0.030235676286152646,-0.05477872065491082,-0.013092505034528246,1009,-0.03745635117047223,-0.0006605009706830253,20,0.0026525075285478298,-0.005859415726636771,0.0045384137852707215,0.8033530254266041,0.9602520353890855,0.980580458999198,True
four_industry_top1,top,four_industry_top1_v2_20211213_20260814,capped_confirmation,csi300,沪深300,20,max_up,104,0.03141841854743817,0.024367790378989174,0.00891552049953126,0.044208560632574556,1009,0.037119159663332214,-0.005700741115894044,20,0.00453841409675859,-0.014596032745540881,0.003194550513752792,0.2090765874499051,0.9602520353890855,0.980580458999198,True
four_industry_top1,top,four_industry_top1_v2_20211213_20260814,capped_confirmation,csi300,沪深300,20,terminal_return,104,-0.0052442774312698205,-0.004148135096096961,-0.0331187185331564,0.025394465924915066,1009,0.0007141651732267408,-0.005958442604496558,20,0.004789454439081154,-0.015345773305095619,0.0034288880961025024,0.2134718017998515,0.9602520353890855,0.980580458999198,True
four_industry_top1,top,four_industry_top1_v2_20211213_20260814,capped_confirmation,csi500,中证500,5,max_down,105,-0.02166814306223847,-0.015033760584869937,-0.02833691540411043,-0.007238784646156793,1023,-0.022213140338490273,0.000544997276251803,5,0.001997186223213465,-0.0033694877212465885,0.004459482273750194,0.7849434980829011,0.9602520353890855,0.980580458999198,True
four_industry_top1,top,four_industry_top1_v2_20211213_20260814,capped_confirmation,csi500,中证500,5,max_up,105,0.021662554098639517,0.015139253618408954,0.005555555555555536,0.029879955845828476,1023,0.020224945665078285,0.0014376084335612316,5,0.0029276358379126503,-0.004300557808747564,0.007175774675870026,0.6233928101084226,0.9602520353890855,0.980580458999198,True
four_industry_top1,top,four_industry_top1_v2_20211213_20260814,capped_confirmation,csi500,中证500,5,terminal_return,105,0.002889851351987515,0.003023874283222483,-0.017393193290130893,0.01954351727231929,1023,0.0007388894426448031,0.0021509619093427095,5,0.0031088470945642515,-0.003942378396003223,0.008244302214688642,0.48901010938163053,0.9602520353890855,0.980580458999198,True
four_industry_top1,top,four_industry_top1_v2_20211213_20260814,capped_confirmation,csi500,中证500,10,max_down,104,-0.03096826798667111,-0.021948814588358123,-0.04062668852200074,-0.010713402991672033,1019,-0.03305990442412747,0.0020916364374563546,10,0.0027264755807944376,-0.003252255700900743,0.007435528575813453,0.4429878243152197,0.9602520353890855,0.980580458999198,True
four_industry_top1,top,four_industry_top1_v2_20211213_20260814,capped_confirmation,csi500,中证500,10,max_up,104,0.030530682558720337,0.022862907323548343,0.0070024749119931284,0.045458551202031905,1019,0.030202398732017056,0.0003282838267032766,10,0.0032994572128058133,-0.006138652310396117,0.00679521996380267,0.9207442153853406,0.9602520353890855,0.980580458999198,True
four_industry_top1,top,four_industry_top1_v2_20211213_20260814,capped_confirmation,csi500,中证500,10,terminal_return,104,0.0013054512706877235,-0.003981775241914398,-0.028858119279321054,0.031119456238370147,1019,0.0017450424079880939,-0.00043959113730036967,10,0.00430738435002268,-0.008882064463344823,0.008002882188744082,0.9187128299122357,0.9602520353890855,0.980580458999198,True
four_industry_top1,top,four_industry_top1_v2_20211213_20260814,capped_confirmation,csi500,中证500,20,max_down,104,-0.0507391884046029,-0.03953833135111384,-0.07174697592365059,-0.01384338442284172,1009,-0.048886061728800424,-0.001853126675802475,20,0.004163610386658103,-0.010013803033652357,0.006307549682047407,0.6562642040215336,0.9602520353890855,0.980580458999198,True
four_industry_top1,top,four_industry_top1_v2_20211213_20260814,capped_confirmation,csi500,中证500,20,max_up,104,0.04303110105935373,0.02771437388709197,0.009148872122120844,0.06676082286940616,1009,0.04568197067888696,-0.0026508696195332404,20,0.005451624871317746,-0.013336054367316023,0.008034315128249541,0.6267877108526638,0.9602520353890855,0.980580458999198,True
four_industry_top1,top,four_industry_top1_v2_20211213_20260814,capped_confirmation,csi500,中证500,20,terminal_return,104,-0.0014065684097329689,-0.012487893118572457,-0.04640690422844046,0.04873304977111664,1009,0.003644475398294141,-0.005051043808027105,20,0.0066535728490065725,-0.018092046592079986,0.007989958976025776,0.44776427221493387,0.9602520353890855,0.980580458999198,True
four_industry_top1,top,four_industry_top1_v2_20211213_20260814,capped_confirmation,microcap,微盘股,5,max_down,105,-0.024962358652152346,-0.015602342288491111,-0.02946584397202101,-0.005623442535726442,1023,-0.028863395168830103,0.003901036516677751,5,0.00325625425678916,-0.0024812218266290027,0.010283294859984506,0.23091176648260175,0.9602520353890855,0.980580458999198,True
four_industry_top1,top,four_industry_top1_v2_20211213_20260814,capped_confirmation,microcap,微盘股,5,max_up,105,0.03036854821118229,0.023733993015133903,0.010655636328656515,0.041281981419371006,1023,0.030109139376318893,0.0002594088348633984,5,0.003277472715236443,-0.00616443768700003,0.006683255356726826,0.9369140737085975,0.9602520353890855,0.980580458999198,True
four_industry_top1,top,four_industry_top1_v2_20211213_20260814,capped_confirmation,microcap,微盘股,5,terminal_return,105,0.008279132565640833,0.007860924908485778,-0.00977992600916433,0.031158717690664917,1023,0.007003495549392639,0.0012756370162481851,5,0.004034346370011375,-0.00663168186897411,0.00918295590147048,0.7518550922786684,0.9602520353890855,0.980580458999198,True
four_industry_top1,top,four_industry_top1_v2_20211213_20260814,capped_confirmation,microcap,微盘股,10,max_down,104,-0.042057562720764635,-0.027467284052136443,-0.052930319384022734,-0.007907303697440277,1019,-0.041791808876604705,-0.00026575384415993176,10,0.0055780931313838215,-0.011198816381672222,0.010667308693352359,0.9620012257822936,0.9620012257822936,0.9854646703135691,True
four_industry_top1,top,four_industry_top1_v2_20211213_20260814,capped_confirmation,microcap,微盘股,10,max_up,104,0.044823637505665176,0.03632070163506662,0.02004419865053214,0.06664264902422817,1019,0.04676774970804409,-0.0019441122023789107,10,0.003899446559293218,-0.009587027458593618,0.005698803053835797,0.6180886448160685,0.9602520353890855,0.980580458999198,True
four_industry_top1,top,four_industry_top1_v2_20211213_20260814,capped_confirmation,microcap,微盘股,10,terminal_return,104,0.010209843768212571,0.012573157937056711,-0.021468742967888865,0.055859137819600724,1019,0.014276426135389023,-0.004066582367176456,10,0.006610211951268132,-0.017022597791661997,0.008889433057309083,0.5384246482041635,0.9602520353890855,0.980580458999198,True
four_industry_top1,top,four_industry_top1_v2_20211213_20260814,capped_confirmation,microcap,微盘股,20,max_down,104,-0.06618307243599737,-0.03578179528439318,-0.08788441597422103,-0.014325779953827195,1009,-0.06121100569775848,-0.0049720667382388865,20,0.007234880523676445,-0.019152432564644717,0.009208299088166946,0.4919343365513201,0.9602520353890855,0.980580458999198,True
four_industry_top1,top,four_industry_top1_v2_20211213_20260814,capped_confirmation,microcap,微盘股,20,max_up,104,0.06510267187352195,0.05345439330423252,0.024200559869806293,0.09613366233245779,1009,0.07133623721121024,-0.006233565337688273,20,0.0058081593080308936,-0.017617557581428824,0.005150426906052278,0.2831621781314012,0.9602520353890855,0.980580458999198,True
four_industry_top1,top,four_industry_top1_v2_20211213_20260814,capped_confirmation,microcap,微盘股,20,terminal_return,104,0.01551847743903413,0.017835618114028895,-0.023666584614468272,0.08516136766996535,1009,0.027750479603454236,-0.012232002164420096,20,0.009449913092078486,-0.030753831824893926,0.006289827496053736,0.19552602448732365,0.9602520353890855,0.980580458999198,True
four_industry_top1,top,four_industry_top1_v2_20211213_20260814,capped_confirmation,sse_composite,上证指数,5,max_down,105,-0.01518785060058021,-0.010985665788332932,-0.020648278011531795,-0.005314015526272642,1023,-0.016075103203425246,0.0008872526028450335,5,0.0014281930661688628,-0.0019120058068459375,0.0036865110125360043,0.5344408299328774,0.9602520353890855,0.980580458999198,True
four_industry_top1,top,four_industry_top1_v2_20211213_20260814,capped_confirmation,sse_composite,上证指数,5,max_up,105,0.014633345641452437,0.010735809473506164,0.004928755337352708,0.01968610495373113,1023,0.014488644620687684,0.00014470102076474993,5,0.0020978924062722126,-0.003967168095528786,0.004256570137058286,0.9450099395892588,0.9602520353890855,0.980580458999198,True
four_industry_top1,top,four_industry_top1_v2_20211213_20260814,capped_confirmation,sse_composite,上证指数,5,terminal_return,105,0.000975202926627711,0.0003044132617029405,-0.013183949793860394,0.012681128206895487,1023,0.0005496316824429615,0.000425571244184748,5,0.002017611148002519,-0.0035289466059001888,0.004380089094269685,0.8329432382147164,0.9602520353890855,0.980580458999198,True
four_industry_top1,top,four_industry_top1_v2_20211213_20260814,capped_confirmation,sse_composite,上证指数,10,max_down,104,-0.021601890616256763,-0.01669042521868208,-0.030868020559123965,-0.0074053900157557695,1019,-0.023484967189219445,0.0018830765729626819,10,0.0019314640485856805,-0.001902592962265252,0.005668746108190616,0.3295861671258274,0.9602520353890855,0.980580458999198,True
four_industry_top1,top,four_industry_top1_v2_20211213_20260814,capped_confirmation,sse_composite,上证指数,10,max_up,104,0.020085661142057155,0.015519555313993738,0.005656663563848197,0.027406194914793403,1019,0.021640001321681087,-0.0015543401796239299,10,0.002210255796570993,-0.005886441540903077,0.002777761181655217,0.4819062253957962,0.9602520353890855,0.980580458999198,True
four_industry_top1,top,four_industry_top1_v2_20211213_20260814,capped_confirmation,sse_composite,上证指数,10,terminal_return,104,0.0005275633980560157,0.0005572803584048547,-0.01640435948237276,0.018485466269071493,1019,0.0011742414632539458,-0.0006466780651979277,10,0.0027599533663962648,-0.006056186663334606,0.004762830532938751,0.814746181739948,0.9602520353890855,0.980580458999198,True
four_industry_top1,top,four_industry_top1_v2_20211213_20260814,capped_confirmation,sse_composite,上证指数,20,max_down,104,-0.03488115622503513,-0.026055087290250967,-0.04942968619022045,-0.010734080939906382,1009,-0.03430744401788838,-0.000573712207146754,20,0.0027208973746302378,-0.00590667106142202,0.004759246647128511,0.833001167599089,0.9602520353890855,0.980580458999198,True
four_industry_top1,top,four_industry_top1_v2_20211213_20260814,capped_confirmation,sse_composite,上证指数,20,max_up,104,0.027982066118493947,0.022284728070787296,0.009483635162490789,0.03902153998120417,1009,0.032468475534428984,-0.004486409415935037,20,0.003906250073284574,-0.012142659559572801,0.003169840727702728,0.25075363595404626,0.9602520353890855,0.980580458999198,True
four_industry_top1,top,four_industry_top1_v2_20211213_20260814,capped_confirmation,sse_composite,上证指数,20,terminal_return,104,-0.0030296581330090397,-0.0006491418901697354,-0.0321250354203505,0.02752489220636345,1009,0.0026304720914177185,-0.005660130224426755,20,0.004320914211130321,-0.014129122078242184,0.0028088616293886733,0.1902167711368997,0.9602520353890855,0.980580458999198,True
four_industry_top1,top,four_industry_top1_v2_20211213_20260814,onset,all_a,全A,5,max_down,105,-0.01819542174868634,-0.012344029515318211,-0.025569301394112398,-0.005735243373328425,1023,-0.02035807037997619,0.002162648631289849,5,0.001747195964843825,-0.0012618554598040478,0.005587152722383746,0.21579671009655388,0.9168725899283303,0.980580458999198,True
four_industry_top1,top,four_industry_top1_v2_20211213_20260814,onset,all_a,全A,5,max_up,105,0.01845603234519863,0.014245375623545442,0.004903171976056608,0.022875683705938066,1023,0.017606005552180302,0.0008500267930183264,5,0.0026841024843323293,-0.004410814076273039,0.006110867662309692,0.7514792961721897,0.9168725899283303,0.980580458999198,True
four_industry_top1,top,four_industry_top1_v2_20211213_20260814,onset,all_a,全A,5,terminal_return,105,0.002408478141958127,-0.0013929991053273083,-0.012982596655142342,0.015916431184891833,1023,0.0002188017812368726,0.0021896763607212495,5,0.003171706110804206,-0.004026867616454994,0.008406220337897494,0.48995646057316034,0.9168725899283303,0.980580458999198,True
four_industry_top1,top,four_industry_top1_v2_20211213_20260814,onset,all_a,全A,10,max_down,104,-0.027449082479457067,-0.02167042360916749,-0.039389061708288486,-0.008741179634354057,1019,-0.03011638941878798,0.002667306939330913,10,0.0023707560062602826,-0.001979374832939241,0.007313988711601067,0.2605521379937715,0.9168725899283303,0.980580458999198,True
four_industry_top1,top,four_industry_top1_v2_20211213_20260814,onset,all_a,全A,10,max_up,104,0.02638792845575918,0.020480012464303643,0.006310407724734346,0.038871194954732236,1019,0.02621715111841116,0.00017077733734801866,10,0.0026938053762339837,-0.005109081200070589,0.005450635874766627,0.9494509206182711,0.9878253231197922,0.980580458999198,True
four_industry_top1,top,four_industry_top1_v2_20211213_20260814,onset,all_a,全A,10,terminal_return,104,0.002242438046342092,-0.003552285999391336,-0.020782228915126877,0.024284597518453688,1019,0.0006089477096106067,0.0016334903367314845,10,0.0034213192094594033,-0.005072295313808946,0.008339275987271915,0.6330455708502453,0.9168725899283303,0.980580458999198,True
four_industry_top1,top,four_industry_top1_v2_20211213_20260814,onset,all_a,全A,20,max_down,104,-0.04455797154857622,-0.0335205204681967,-0.06253596468728034,-0.009814457654652331,1009,-0.04448637381867709,-7.159772989913382e-05,20,0.003707004640880072,-0.007337326826024075,0.007194131366225807,0.9845904774137999,0.9878253231197922,0.9878253231197922,True
four_industry_top1,top,four_industry_top1_v2_20211213_20260814,onset,all_a,全A,20,max_up,104,0.03616339206206996,0.02361670227520707,0.009299012495088077,0.053184178642640245,1009,0.03931660801350527,-0.00315321595143531,20,0.004701705659132023,-0.012368559043334075,0.006062127140463456,0.5024412113079968,0.9168725899283303,0.980580458999198,True
four_industry_top1,top,four_industry_top1_v2_20211213_20260814,onset,all_a,全A,20,terminal_return,104,-0.0029949488131553554,-0.00227648136359232,-0.044797698611271836,0.03374152531490665,1009,0.001777242296137322,-0.0047721911092926715,20,0.005691850493057503,-0.015928218075685376,0.006383835857100033,0.4017919194642999,0.9168725899283303,0.980580458999198,True
four_industry_top1,top,four_industry_top1_v2_20211213_20260814,onset,cni2000,国证2000,5,max_down,105,-0.023324280103564767,-0.015173091545056416,-0.029501055254560038,-0.0071741566818502855,1023,-0.02667930546995436,0.0033550253663895916,5,0.00246128720203281,-0.001469097549594716,0.0081791482823739,0.17284526354735388,0.9168725899283303,0.980580458999198,True
four_industry_top1,top,four_industry_top1_v2_20211213_20260814,onset,cni2000,国证2000,5,max_up,105,0.024702832548382722,0.018523056790986203,0.006502789089863903,0.03046233639339513,1023,0.022567348884437594,0.0021354836639451277,5,0.0031762782230482928,-0.004090021653229526,0.008360988981119782,0.5013783390252077,0.9168725899283303,0.980580458999198,True
four_industry_top1,top,four_industry_top1_v2_20211213_20260814,onset,cni2000,国证2000,5,terminal_return,105,0.004380579403079377,0.003772240626971568,-0.01698818758142495,0.022273795936818885,1023,0.000859112127702633,0.003521467275376743,5,0.0039983935018568,-0.004315383988262585,0.01135831853901607,0.3784690978394315,0.9168725899283303,0.980580458999198,True
four_industry_top1,top,four_industry_top1_v2_20211213_20260814,onset,cni2000,国证2000,10,max_down,104,-0.036379885032930395,-0.02662474846468882,-0.05258725255308211,-0.010484654421758777,1019,-0.039835722043848464,0.003455837010918072,10,0.0034384605466791173,-0.003283545660572998,0.010195219682409142,0.31487106059106823,0.9168725899283303,0.980580458999198,True
four_industry_top1,top,four_industry_top1_v2_20211213_20260814,onset,cni2000,国证2000,10,max_up,104,0.035154075221059435,0.024442331939822037,0.010118454686971257,0.049861213396150794,1019,0.034040745177398496,0.0011133300436609263,10,0.0033405128167581224,-0.005434075077184994,0.007660735164506847,0.7389220464869082,0.9168725899283303,0.980580458999198,True
four_industry_top1,top,four_industry_top1_v2_20211213_20260814,onset,cni2000,国证2000,10,terminal_return,104,0.0041618280475908395,0.0015827415895428576,-0.02750743159036359,0.037154369872778314,1019,0.0019464697945318244,0.0022153582530590123,10,0.004687055234491486,-0.0069712700065443,0.011401986512662323,0.6364596162637001,0.9168725899283303,0.980580458999198,True
four_industry_top1,top,four_industry_top1_v2_20211213_20260814,onset,cni2000,国证2000,20,max_down,104,-0.05997559904036452,-0.04254784368008241,-0.08874783238426454,-0.013477398526699214,1009,-0.059386103337150976,-0.0005894957032135331,20,0.005583315338476231,-0.011532793766626945,0.010353802360199879,0.9159142763967375,0.980492703211975,0.980580458999198,True
four_industry_top1,top,four_industry_top1_v2_20211213_20260814,onset,cni2000,国证2000,20,max_up,104,0.04887247185249956,0.02904678799874072,0.013662342811840977,0.07848597749622915,1009,0.05049845860605418,-0.0016259867535546183,20,0.005419520029742136,-0.012248246011849206,0.008996272504739968,0.7641587539079762,0.9168725899283303,0.980580458999198,True
four_industry_top1,top,four_industry_top1_v2_20211213_20260814,onset,cni2000,国证2000,20,terminal_return,104,-0.0013670511626944172,-8.635569050857717e-05,-0.04920033205747862,0.04468436267435183,1009,0.0041808272182569,-0.005547878380951314,20,0.007847523419472514,-0.02092902428311744,0.009833267521214814,0.4795918723163901,0.9168725899283303,0.980580458999198,True
four_industry_top1,top,four_industry_top1_v2_20211213_20260814,onset,csi1000,中证1000,5,max_down,105,-0.022919654469743294,-0.015555708107365951,-0.027664093073137996,-0.007253733298401954,1023,-0.02583512809503445,0.0029154736252911565,5,0.0023233004336622553,-0.001638195224686864,0.007469142475269177,0.20952070369309383,0.9168725899283303,0.980580458999198,True
four_industry_top1,top,four_industry_top1_v2_20211213_20260814,onset,csi1000,中证1000,5,max_up,105,0.023298740061304585,0.016790375077808006,0.0055092363131954425,0.031138486442180646,1023,0.02200412259717583,0.0012946174641287529,5,0.003106742785411244,-0.0047945983952772855,0.00738383332353479,0.676888966591515,0.9168725899283303,0.980580458999198,True
four_industry_top1,top,four_industry_top1_v2_20211213_20260814,onset,csi1000,中证1000,5,terminal_return,105,0.0030376513007458633,0.0016059808943651444,-0.01635434042021411,0.019804110728562474,1023,0.0003253628891376951,0.0027122884116081683,5,0.0038785791664078177,-0.004889726754551155,0.01031430357776749,0.48436488913789044,0.9168725899283303,0.980580458999198,True
four_industry_top1,top,four_industry_top1_v2_20211213_20260814,onset,csi1000,中证1000,10,max_down,104,-0.03515674136958676,-0.025227392224816014,-0.051509679436122335,-0.011122551830139576,1019,-0.03866058951922468,0.0035038481496379188,10,0.0031611745709155662,-0.002692054009356591,0.009699750308632429,0.2676887969482131,0.9168725899283303,0.980580458999198,True
four_industry_top1,top,four_industry_top1_v2_20211213_20260814,onset,csi1000,中证1000,10,max_up,104,0.03355265873341855,0.024507345206397857,0.007945348243711625,0.04468286554829931,1019,0.032739648759839785,0.0008130099735787588,10,0.0032163753688440612,-0.005491085749355602,0.007117105696513118,0.8004443245406059,0.9168725899283303,0.980580458999198,True
four_industry_top1,top,four_industry_top1_v2_20211213_20260814,onset,csi1000,中证1000,10,terminal_return,104,0.002593611506617306,0.0016740724793444794,-0.03193155265757383,0.03679083301809266,1019,0.0008227605813026547,0.0017708509253146491,10,0.004421028938806567,-0.0068943657947462215,0.010436067645375519,0.6887501677006144,0.9168725899283303,0.980580458999198,True
four_industry_top1,top,four_industry_top1_v2_20211213_20260814,onset,csi1000,中证1000,20,max_down,104,-0.05819926097085612,-0.04063056065110021,-0.08599014898480714,-0.014252535277363115,1009,-0.057658296022405096,-0.0005409649484510153,20,0.0052698937279953085,-0.01086995665532182,0.009788026758419789,0.9182391982461353,0.980492703211975,0.980580458999198,True
four_industry_top1,top,four_industry_top1_v2_20211213_20260814,onset,csi1000,中证1000,20,max_up,104,0.04639624481032026,0.028379785821570302,0.012604778153397278,0.07303954729010165,1009,0.04848589828627799,-0.002089653475957726,20,0.005353911197492529,-0.012583319423043082,0.008404012471127629,0.6963116940230172,0.9168725899283303,0.980580458999198,True
four_industry_top1,top,four_industry_top1_v2_20211213_20260814,onset,csi1000,中证1000,20,terminal_return,104,-0.0033530582624522304,-0.007330476202611957,-0.053967686410887505,0.04169468311476654,1009,0.0020514308754670985,-0.005404489137919329,20,0.007642022517487029,-0.020382853272193906,0.009573874996355248,0.4794380670640302,0.9168725899283303,0.980580458999198,True
four_industry_top1,top,four_industry_top1_v2_20211213_20260814,onset,csi300,沪深300,5,max_down,105,-0.016589085341687404,-0.012358805358493097,-0.025170110031243365,-0.005790557688302389,1023,-0.017816095014559795,0.001227009672872395,5,0.0014735209914021254,-0.0016610914702757708,0.004115110816020561,0.405010597247085,0.9168725899283303,0.980580458999198,True
four_industry_top1,top,four_industry_top1_v2_20211213_20260814,onset,csi300,沪深300,5,max_up,105,0.016601354513168017,0.012189756405875496,0.004821819161714425,0.021525786747957243,1023,0.01656346410428916,3.7890408878859296e-05,5,0.0024831048368803956,-0.004828995071406716,0.004904775889164434,0.9878253231197922,0.9878253231197922,0.9878253231197922,True
four_industry_top1,top,four_industry_top1_v2_20211213_20260814,onset,csi300,沪深300,5,terminal_return,105,0.0010503526626970258,-0.002441164130144613,-0.01358305046301056,0.012289474521552268,1023,-9.760215197125685e-05,0.0011479548146682789,5,0.0028286141259273225,-0.004396128872149273,0.00669203850148583,0.6848627488251546,0.9168725899283303,0.980580458999198,True
four_industry_top1,top,four_industry_top1_v2_20211213_20260814,onset,csi300,沪深300,10,max_down,104,-0.024030711761520163,-0.021650887939561936,-0.03329091124519515,-0.0086304208627348,1019,-0.025975843692383503,0.0019451319308633394,10,0.001920495476954129,-0.0018190392039667532,0.005709303065693432,0.31114223992109014,0.9168725899283303,0.980580458999198,True
four_industry_top1,top,four_industry_top1_v2_20211213_20260814,onset,csi300,沪深300,10,max_up,104,0.023075773775950534,0.017945262552585994,0.006322427853420909,0.030715072585220105,1019,0.02462195905425778,-0.001546185278307245,10,0.0024569747787687285,-0.006361855844693952,0.003269485288079463,0.529149727565903,0.9168725899283303,0.980580458999198,True
four_industry_top1,top,four_industry_top1_v2_20211213_20260814,onset,csi300,沪深300,10,terminal_return,104,0.0007343371459586612,-0.0038378624571112074,-0.017996117529010452,0.016809952809222983,1019,-2.8591191077246993e-05,0.0007629283370359074,10,0.0029234263549089766,-0.0049669873185856864,0.006492843992657501,0.7941151777344813,0.9168725899283303,0.980580458999198,True
four_industry_top1,top,four_industry_top1_v2_20211213_20260814,onset,csi300,沪深300,20,max_down,104,-0.03711506314817543,-0.03238559561412446,-0.05458407539566337,-0.011239028112601024,1009,-0.037559607915041024,0.0004445447668655903,20,0.002673537898653697,-0.004795589514495656,0.005684679048226836,0.8679398761932157,0.9764323607173676,0.980580458999198,True
four_industry_top1,top,four_industry_top1_v2_20211213_20260814,onset,csi300,沪深300,20,max_up,104,0.03195123265816479,0.027672568178078283,0.009015653602034879,0.04652169820976376,1009,0.03706424126143373,-0.005113008603268933,20,0.0043018196934726735,-0.013544575202475373,0.0033185579959375067,0.23460939761250277,0.9168725899283303,0.980580458999198,True
four_industry_top1,top,four_industry_top1_v2_20211213_20260814,onset,csi300,沪深300,20,terminal_return,104,-0.003858130570533425,-0.004316783397043944,-0.03932980433843039,0.025243263536413763,1009,0.0005712917604253685,-0.004429422330958793,20,0.0046733876188237225,-0.013589262063853288,0.004730417401935703,0.3432328553678219,0.9168725899283303,0.980580458999198,True
four_industry_top1,top,four_industry_top1_v2_20211213_20260814,onset,csi500,中证500,5,max_down,105,-0.019910382180042985,-0.01311946399098285,-0.02930718801859744,-0.005767691283841914,1023,-0.02239355567830506,0.0024831734982620735,5,0.001989504234875541,-0.0014162548020939868,0.006382601798618133,0.2119809546825465,0.9168725899283303,0.980580458999198,True
four_industry_top1,top,four_industry_top1_v2_20211213_20260814,onset,csi500,中证500,5,max_up,105,0.021627979950300698,0.01586031028991597,0.005741279069767291,0.027068194932079015,1023,0.02022849433133007,0.0013994856189706298,5,0.00291780489100912,-0.004319411967407246,0.007118383205348505,0.6314859137169457,0.9168725899283303,0.980580458999198,True
four_industry_top1,top,four_industry_top1_v2_20211213_20260814,onset,csi500,中证500,5,terminal_return,105,0.0036654016679065755,0.0015202702702703519,-0.015101125025858142,0.01984767864345227,1023,0.0006592875040607351,0.0030061141638458378,5,0.003509186490859569,-0.0038718913582389174,0.009884119685930594,0.39164313992056,0.9168725899283303,0.980580458999198,True
four_industry_top1,top,four_industry_top1_v2_20211213_20260814,onset,csi500,中证500,10,max_down,104,-0.029511655185236955,-0.02135675077178084,-0.0411781067721356,-0.007156917473362834,1019,-0.033208567555971576,0.0036969123707346267,10,0.0026511094708796556,-0.0014992621921894986,0.008893086933658752,0.16317347485445893,0.9168725899283303,0.980580458999198,True
four_industry_top1,top,four_industry_top1_v2_20211213_20260814,onset,csi500,中证500,10,max_up,104,0.03135964546214866,0.024126051517194713,0.007301470072827054,0.04326419656712999,1019,0.030117794078477755,0.0012418513836709056,10,0.0031037863003418155,-0.004841569764999053,0.007325272532340864,0.6890765795182563,0.9168725899283303,0.980580458999198,True
four_industry_top1,top,four_industry_top1_v2_20211213_20260814,onset,csi500,中证500,10,terminal_return,104,0.004735942662446535,-0.000935772858153161,-0.02145700287731636,0.03147648393213848,1019,0.0013949235613316506,0.003341019101114884,10,0.0038354288351285563,-0.004176421415737087,0.010858459617966854,0.38370282204942546,0.9168725899283303,0.980580458999198,True
four_industry_top1,top,four_industry_top1_v2_20211213_20260814,onset,csi500,中证500,20,max_down,104,-0.04860942855456652,-0.03823471555966679,-0.06787922377218367,-0.010247206410761434,1009,-0.04910558107905194,0.0004961525244854117,20,0.004174812351881859,-0.007686479685203031,0.008678784734173854,0.9053987351633326,0.980492703211975,0.980580458999198,True
four_industry_top1,top,four_industry_top1_v2_20211213_20260814,onset,csi500,中证500,20,max_up,104,0.044175690917945105,0.027488447235415214,0.01286045903065186,0.06709887914540774,1009,0.04556399511368033,-0.0013883041957352316,20,0.005272147373828008,-0.011721713048438127,0.008945104656967663,0.7922977549852668,0.9168725899283303,0.980580458999198,True
four_industry_top1,top,four_industry_top1_v2_20211213_20260814,onset,csi500,中证500,20,terminal_return,104,0.00044524222198553205,-0.002311240842063078,-0.04729172043501759,0.042131559213274106,1009,0.0034536049268385186,-0.00300836270485298,20,0.006484725463245439,-0.01571842461281404,0.00970169920310808,0.6427085028338739,0.9168725899283303,0.980580458999198,True
four_industry_top1,top,four_industry_top1_v2_20211213_20260814,onset,microcap,微盘股,5,max_down,105,-0.02341288075646108,-0.015652387030328563,-0.030037945461139137,-0.0051866942837092145,1023,-0.029022432489502224,0.005609551733041147,5,0.0030312373434934377,-0.0003316734602059907,0.011550776926288284,0.06422978401651823,0.9168725899283303,0.980580458999198,True
four_industry_top1,top,four_industry_top1_v2_20211213_20260814,onset,microcap,微盘股,5,max_up,105,0.032405783346051015,0.024701721797528053,0.013018655877725438,0.04150268232396437,1023,0.029900038995907145,0.0025057443501438634,5,0.0033755711327117747,-0.004110375069971215,0.00912186377025894,0.4578952020572796,0.9168725899283303,0.980580458999198,True
four_industry_top1,top,four_industry_top1_v2_20211213_20260814,onset,microcap,微盘股,5,terminal_return,105,0.012498200887641102,0.01190792433592791,-0.007314882149120905,0.031529603150819874,1023,0.006570453346254781,0.005927747541386315,5,0.004366815189289094,-0.0026312102296203108,0.01448670531239294,0.17463723315461743,0.9168725899283303,0.980580458999198,True
four_industry_top1,top,four_industry_top1_v2_20211213_20260814,onset,microcap,微盘股,10,max_down,104,-0.03860814342398405,-0.0240564561923457,-0.0466866068961545,-0.009008220307875375,1019,-0.04214385952122216,0.00353571609723811,10,0.005083841072721926,-0.006428612405296866,0.013500044599773085,0.4867537633829103,0.9168725899283303,0.980580458999198,True
four_industry_top1,top,four_industry_top1_v2_20211213_20260814,onset,microcap,微盘股,10,max_up,104,0.0466999045426407,0.04073143776835675,0.02024094333664822,0.06373822753486458,1019,0.04657625631074728,0.00012364823189341863,10,0.003774223376023965,-0.007273829585113553,0.007521126048900391,0.9738649888634676,0.9878253231197922,0.9878253231197922,True
four_industry_top1,top,four_industry_top1_v2_20211213_20260814,onset,microcap,微盘股,10,terminal_return,104,0.01572935093692016,0.021284353892365493,-0.009975155902188615,0.05727156493785862,1019,0.013713100575481673,0.0020162503614384814,10,0.0061181638382201125,-0.009975350761472938,0.014007851484349902,0.7417388384117587,0.9168725899283303,0.980580458999198,True
four_industry_top1,top,four_industry_top1_v2_20211213_20260814,onset,microcap,微盘股,20,max_down,104,-0.06355215712593328,-0.03654335932842001,-0.08067938663391658,-0.013280818758211549,1009,-0.0614821803184192,-0.0020699768075140746,20,0.006888319989573337,-0.015571083987077815,0.011431130372049667,0.7637917385414443,0.9168725899283303,0.980580458999198,True
four_industry_top1,top,four_industry_top1_v2_20211213_20260814,onset,microcap,微盘股,20,max_up,104,0.0674030724854984,0.05114335805178094,0.02627337005536018,0.10017754745460727,1009,0.07109912951681426,-0.0036960570313158505,20,0.0054725825198665215,-0.014422318770254232,0.007030204707622532,0.4994361969740768,0.9168725899283303,0.980580458999198,True
four_industry_top1,top,four_industry_top1_v2_20211213_20260814,onset,microcap,微盘股,20,terminal_return,104,0.018253859377796087,0.02197044835578099,-0.02559164762932098,0.08560432292674225,1009,0.02746853736199612,-0.009214677984200021,20,0.008530424012136988,-0.025934309047988515,0.007504953079588473,0.280047180432173,0.9168725899283303,0.980580458999198,True
four_industry_top1,top,four_industry_top1_v2_20211213_20260814,onset,sse_composite,上证指数,5,max_down,105,-0.014030912248371503,-0.009511246875867796,-0.02073300660558286,-0.004578958247750453,1023,-0.016193850541628484,0.00216293829325698,5,0.0013869808495411444,-0.0005555441718436628,0.004881420758357622,0.11888803293011413,0.9168725899283303,0.980580458999198,True
four_industry_top1,top,four_industry_top1_v2_20211213_20260814,onset,sse_composite,上证指数,5,max_up,105,0.015128671153778969,0.011643203159405147,0.005721963536961194,0.018910138722064262,1023,0.014437804758718685,0.0006908663950602831,5,0.0021230062352773278,-0.0034702258260832794,0.004851958616203846,0.7448640384326287,0.9168725899283303,0.980580458999198,True
four_industry_top1,top,four_industry_top1_v2_20211213_20260814,onset,sse_composite,上证指数,5,terminal_return,105,0.002298554319129385,0.0005189112631214243,-0.01241684597315651,0.013912791825349657,1023,0.0004138038269075993,0.001884750492221783,5,0.0024142244883885557,-0.0028471295050197863,0.006616630489463352,0.43498738354545385,0.9168725899283303,0.980580458999198,True
four_industry_top1,top,four_industry_top1_v2_20211213_20260814,onset,sse_composite,上证指数,10,max_down,104,-0.020701947527269206,-0.015568464426946982,-0.029052053500496777,-0.005814212142302433,1019,-0.023576816140401687,0.0028748686131324815,10,0.0018812828123963895,-0.0008124456991644418,0.006562182925429405,0.126477109531464,0.9168725899283303,0.980580458999198,True
four_industry_top1,top,four_industry_top1_v2_20211213_20260814,onset,sse_composite,上证指数,10,max_up,104,0.02077384903968138,0.01601642559523253,0.008200212792596973,0.026273207147729016,1019,0.021569764284043284,-0.000795915244361905,10,0.0020604467964589913,-0.004834390965421528,0.003242560476697718,0.6992872063428456,0.9168725899283303,0.980580458999198,True
four_industry_top1,top,four_industry_top1_v2_20211213_20260814,onset,sse_composite,上证指数,10,terminal_return,104,0.003058856121764646,0.0007262674362188415,-0.013014546578708486,0.017923440307493266,1019,0.0009158955915506118,0.002142960530214033,10,0.00250415998087365,-0.0027651930322983207,0.007051114092726386,0.3921304154221751,0.9168725899283303,0.980580458999198,True
four_industry_top1,top,four_industry_top1_v2_20211213_20260814,onset,sse_composite,上证指数,20,max_down,104,-0.03338581188107346,-0.026724024328891705,-0.04681207201026297,-0.010219236709211571,1009,-0.03446157267177541,0.0010757607907019488,20,0.0027245321649084727,-0.004264322252518658,0.006415843833922555,0.6929592089069664,0.9168725899283303,0.980580458999198,True
four_industry_top1,top,four_industry_top1_v2_20211213_20260814,onset,sse_composite,上证指数,20,max_up,104,0.028772436842227737,0.02304139522887061,0.010857549967085267,0.04251684907871872,1009,0.03238701016746336,-0.003614573325235625,20,0.0036981420521886737,-0.010862931747525426,0.003633785097054175,0.32836992072598736,0.9168725899283303,0.980580458999198,True
four_industry_top1,top,four_industry_top1_v2_20211213_20260814,onset,sse_composite,上证指数,20,terminal_return,104,-0.0013103546856910635,0.002054792914775838,-0.03176464972109483,0.022363857068930293,1009,0.0024532594466991167,-0.003763614132390182,20,0.004114844949444002,-0.011828710233300427,0.004301481968520062,0.36037907653782136,0.9168725899283303,0.980580458999198,True
