candidate_episode_id,source_signal_id,direction,onset_date,source_last_active_date,source_active_days,source_episode_status,candidate_year,candidate_gap_trade_days,breadth_ma20,breadth_ma20_change_5d,breadth_ma60,breadth_ma60_change_10d,new_high_low_net_ratio_60,new_high_low_net_ratio_60_change_5d,limit_hit_net_ratio,turnover_ratio_pct_p50,index_close_to_ma60,index_drawdown_60d,index_rebound_60d,index_volatility_20d,operational_match_status,operational_primary_match,target_operational_match,target_operational_strict_match,operational_region_id,operational_match_level,operational_lead_lag_days,operational_label_version,operational_window_trade_days,legacy_match_status,target_legacy_window_20d_match,target_legacy_loose_match,target_legacy_strict_match,legacy_region_id,legacy_lead_lag_days
ma20_breadth_reversal_bottom::bottom::ma_period_breadth_decomposition_v1_20120104_20260814::000003,ma20_breadth_reversal_bottom,bottom,2012-07-05,2012-07-05,1,closed,2012,252,0.2469252602,0.0674774074,0.2497634816,-0.1604025979,-0.247871334,0.0215560689,-0.003784295175,0.873,-0.055060183058319,-0.0975915278498609,0.0066549557188966,0.010291737210786,false_alarm,False,False,False,,,,ma20_episode_operational_window_v1,5,false_alarm,False,False,False,,
ma20_breadth_reversal_bottom::bottom::ma_period_breadth_decomposition_v1_20120104_20260814::000004,ma20_breadth_reversal_bottom,bottom,2012-07-23,2012-07-24,2,closed,2012,12,0.2435110901,0.0763736136,0.205285512,-0.0362399116999999,-0.09344030203,0.3618327676699999,0.007550731477,0.6873,-0.0682836459015004,-0.1217583831933041,0.0058570821009724,0.0119308849844373,false_alarm,False,False,False,,,,ma20_episode_operational_window_v1,5,false_alarm,False,False,False,,
ma20_breadth_reversal_bottom::bottom::ma_period_breadth_decomposition_v1_20120104_20260814::000005,ma20_breadth_reversal_bottom,bottom,2012-08-03,2012-08-03,1,closed,2012,9,0.2778561354,0.1127573583999999,0.1744240715,-0.0425570606,-0.05500705219,0.0592921011099999,0.01551480959,0.68855,-0.0617217687092634,-0.119349622516794,0.0211650820439768,0.0112840633337291,false_alarm,False,False,False,,,,ma20_episode_operational_window_v1,5,false_alarm,False,False,False,,
ma20_breadth_reversal_top::top::ma_period_breadth_decomposition_v1_20120104_20260814::000004,ma20_breadth_reversal_top,top,2012-09-14,2012-09-14,1,closed,2012,252,0.7891252955,-0.0550673391,0.5687943262,0.4001594655,0.02836879433,-0.03348200831,0.01087470449,1.18525,-0.0053550487569536,-0.0640695264519911,0.0680326925858563,0.0128162199233671,false_alarm,False,False,False,,,,ma20_episode_operational_window_v1,5,false_alarm,False,False,False,,
ma20_breadth_reversal_bottom::bottom::ma_period_breadth_decomposition_v1_20120104_20260814::000006,ma20_breadth_reversal_bottom,bottom,2012-09-28,2012-10-08,2,closed,2012,40,0.2559017941,0.1112951055,0.2780925401,-0.2907017861,0.007082152975,0.195494776575,0.008498583569,0.8473,-0.0164758555724301,-0.0736705724397482,0.0474372268448584,0.0159825935106648,false_alarm,False,False,False,,,,ma20_episode_operational_window_v1,5,false_alarm,False,False,False,,
ma20_breadth_reversal_bottom::bottom::ma_period_breadth_decomposition_v1_20120104_20260814::000007,ma20_breadth_reversal_bottom,bottom,2012-11-23,2012-11-23,1,closed,2012,35,0.1600566572,0.07629195132,0.1737488196,-0.0514509923,-0.03352219075,0.39283075045,0.004721435316,0.4863,-0.0402601210962707,-0.0834190633928565,0.0171134154614247,0.0094706970527376,false_alarm,False,False,False,,,,ma20_episode_operational_window_v1,5,duplicate_alarm,False,False,False,all_a_medium_bottom_20121204,-7
ma20_breadth_reversal_bottom::bottom::ma_period_breadth_decomposition_v1_20120104_20260814::000008,ma20_breadth_reversal_bottom,bottom,2012-12-05,2012-12-06,2,closed,2012,8,0.2356838618,0.20502348444,0.1415049692,-0.0457010515,0.02508282063,0.72791300933,0.0468528159,1.14405,-0.0454832139145519,-0.0963822706704157,0.0568051166277578,0.0141618081046168,matched,True,True,True,all_a_medium_bottom_20121204,core_lobe,1,ma20_episode_operational_window_v1,5,matched,True,True,True,all_a_medium_bottom_20121204,1
ma20_breadth_reversal_top::top::ma_period_breadth_decomposition_v1_20120104_20260814::000005,ma20_breadth_reversal_top,top,2013-01-11,2013-01-11,1,closed,2013,77,0.8354203936,-0.1401242929,0.8711985689,0.2339297211,0.08676207513,-0.03862698667,0.01833631485,1.9467,0.0714363261519113,-0.026402435084922,0.1947803660864413,0.0133633153811464,false_alarm,False,False,False,,,,ma20_episode_operational_window_v1,5,false_alarm,False,False,False,,
ma20_breadth_reversal_top::top::ma_period_breadth_decomposition_v1_20120104_20260814::000006,ma20_breadth_reversal_top,top,2013-01-17,2013-01-17,1,closed,2013,4,0.9231456658,-0.059867298,0.9861483467,0.1833047447999999,0.1130473637,0.01648947367,0.002234137623,1.7247,0.1010362841598027,-0.018028286797738,0.2346300711298108,0.0120965258370516,false_alarm,False,False,False,,,,ma20_episode_operational_window_v1,5,duplicate_alarm,False,False,False,all_a_medium_top_20130218,-17
ma20_breadth_reversal_top::top::ma_period_breadth_decomposition_v1_20120104_20260814::000007,ma20_breadth_reversal_top,top,2013-01-22,2013-01-23,2,closed,2013,3,0.8514895509,-0.1328714856999999,0.9835482437,0.0473590425,0.140951534,-0.1758491809,0.009782125389,1.956,0.1094529202150209,-0.0105134126644879,0.2505918579831481,0.0127614826117113,false_alarm,False,False,False,,,,ma20_episode_operational_window_v1,5,duplicate_alarm,False,False,False,all_a_medium_top_20130218,-14
ma20_breadth_reversal_top::top::ma_period_breadth_decomposition_v1_20120104_20260814::000008,ma20_breadth_reversal_top,top,2013-01-29,2013-01-29,1,closed,2013,5,0.7111607143,-0.1403288365999999,0.96875,-0.0209729668999999,0.1321428571,-0.0088086768999999,0.01696428571,1.7727,0.1235045102435195,-0.0028206839721465,0.2795918306288163,0.0134746654034166,false_alarm,False,False,False,,,,ma20_episode_operational_window_v1,5,matched,True,False,False,all_a_medium_top_20130218,-9
ma20_breadth_reversal_bottom::bottom::ma_period_breadth_decomposition_v1_20120104_20260814::000009,ma20_breadth_reversal_bottom,bottom,2013-04-23,2013-04-23,1,closed,2013,89,0.2840396754,0.069625261,0.265103697,-0.0566784811999999,-0.02930568079,0.30447810301,0.0009017132552,1.2983,-0.0388442807327003,-0.0899261805884668,0.0216174995894966,0.0120495397517012,matched,True,True,False,all_a_medium_bottom_20130416,operational_window,5,ma20_episode_operational_window_v1,5,matched,True,True,False,all_a_medium_bottom_20130416,5
ma20_breadth_reversal_top::top::ma_period_breadth_decomposition_v1_20120104_20260814::000009,ma20_breadth_reversal_top,top,2013-05-31,2013-06-03,2,closed,2013,78,0.8591549296,-0.0673089832,0.8396183553,0.1936528067999999,0.1281235802,0.03733828742,0.01363016811,1.85585,0.0509951497851457,-0.0125379010269831,0.1143846782199131,0.0080358434938307,matched,True,True,True,all_a_medium_top_20130529,core_lobe,2,ma20_episode_operational_window_v1,5,matched,True,True,True,all_a_medium_top_20130529,2
ma20_breadth_reversal_bottom::bottom::ma_period_breadth_decomposition_v1_20120104_20260814::000010,ma20_breadth_reversal_bottom,bottom,2013-07-01,2013-07-05,5,closed,2013,43,0.1398323776,0.0899010903799999,0.2192324658,-0.1986165045,0.002205558006,0.5670246143059999,0.01808557565,0.96835,-0.0840422025589662,-0.1520418853689491,0.0990655272201328,0.0175035595732656,matched,True,True,False,all_a_medium_bottom_20130625,operational_window,4,ma20_episode_operational_window_v1,5,matched,True,False,False,all_a_medium_bottom_20130625,4
ma20_breadth_reversal_top::top::ma_period_breadth_decomposition_v1_20120104_20260814::000010,ma20_breadth_reversal_top,top,2013-08-21,2013-08-22,2,closed,2013,55,0.7293333333,-0.1582222222999999,0.6373333333,0.1348834447,0.04133333333,0.0039999999999999,0.016,1.248,0.015900654471868,-0.0888190412330574,0.1810106697025579,0.0115494304506026,false_alarm,False,False,False,,,,ma20_episode_operational_window_v1,5,false_alarm,False,False,False,,
ma20_breadth_reversal_top::top::ma_period_breadth_decomposition_v1_20120104_20260814::000011,ma20_breadth_reversal_top,top,2013-10-21,2013-10-21,1,closed,2013,36,0.7182345074,-0.0839045299999999,0.834150691,0.0437635081,0.119037004,-0.0783783258,0.03609625668,1.8957,0.0720381220899735,-0.0022002748148511,0.182168930599214,0.0120935780636283,matched,True,True,True,all_a_medium_top_20131015,core_lobe,4,ma20_episode_operational_window_v1,5,matched,True,True,True,all_a_medium_top_20131015,4
ma20_breadth_reversal_bottom::bottom::ma_period_breadth_decomposition_v1_20120104_20260814::000011,ma20_breadth_reversal_bottom,bottom,2013-11-05,2013-11-05,1,closed,2013,84,0.2475468332,0.091269006,0.4435519857,-0.368223215,-0.003569834895,0.1754947531049999,0.01828724353,1.0621,0.0009934990274842,-0.0538496627870919,0.0695307891376124,0.0118482157653824,false_alarm,False,False,False,,,,ma20_episode_operational_window_v1,5,false_alarm,False,False,False,,
ma20_breadth_reversal_bottom::bottom::ma_period_breadth_decomposition_v1_20120104_20260814::000012,ma20_breadth_reversal_bottom,bottom,2013-11-14,2013-11-14,1,closed,2013,7,0.2619366354,0.084258064,0.3236607143,-0.0732142856999999,-0.09017857143,-0.051321939,0.0187416332,0.94545,-0.0300796203124816,-0.0815706031918591,0.0306645205094167,0.0117481134582718,false_alarm,False,False,False,,,,ma20_episode_operational_window_v1,5,false_alarm,False,False,False,,
ma20_breadth_reversal_bottom::bottom::ma_period_breadth_decomposition_v1_20120104_20260814::000013,ma20_breadth_reversal_bottom,bottom,2014-01-20,2014-01-20,1,closed,2014,46,0.2949671772,0.0684695820999999,0.3378555799,-0.0253046122,-0.1365426696,0.104384309,0.000875273523,0.77065,-0.0468280111254771,-0.0907390280049237,0.0047308318281782,0.0104842984371436,matched,True,True,True,all_a_medium_bottom_20140120,core_lobe,0,ma20_episode_operational_window_v1,5,matched,True,True,True,all_a_medium_bottom_20140120,0
ma20_breadth_reversal_top::top::ma_period_breadth_decomposition_v1_20120104_20260814::000012,ma20_breadth_reversal_top,top,2014-02-21,2014-02-21,1,closed,2014,83,0.7958644963,-0.1413886849,0.7135943687,0.1761705219,0.04047514298,-0.05298690178,0.01099868016,1.5842,0.0289932106120935,-0.0238137482694448,0.0920375958252268,0.0110132604758521,matched,True,True,True,all_a_medium_top_20140220,core_lobe,1,ma20_episode_operational_window_v1,5,matched,True,True,True,all_a_medium_top_20140220,1
ma20_breadth_reversal_bottom::bottom::ma_period_breadth_decomposition_v1_20120104_20260814::000014,ma20_breadth_reversal_bottom,bottom,2014-03-20,2014-03-20,1,closed,2014,38,0.294221438,0.0731269985,0.4689016321,-0.1522572791999999,0.01367445964,-0.00486040356,-0.0004411116012,1.40315,-0.0259326909396737,-0.0857634301379541,0.0227358805737634,0.013245673499749,false_alarm,False,False,False,,,,ma20_episode_operational_window_v1,5,false_alarm,False,False,False,,
ma20_breadth_reversal_bottom::bottom::ma_period_breadth_decomposition_v1_20120104_20260814::000015,ma20_breadth_reversal_bottom,bottom,2014-05-06,2014-05-08,3,closed,2014,30,0.230558097,0.0571581877999999,0.2607502287,-0.3264722452,0.02378774016,0.18130022316,0.01052150046,0.8786,-0.0277648901236174,-0.0824371869769308,0.0264944682409586,0.0098612489342308,false_alarm,False,False,False,,,,ma20_episode_operational_window_v1,5,duplicate_alarm,False,False,False,all_a_medium_bottom_20140521,-11
ma20_breadth_reversal_bottom::bottom::ma_period_breadth_decomposition_v1_20120104_20260814::000016,ma20_breadth_reversal_bottom,bottom,2014-05-16,2014-05-16,1,closed,2014,8,0.2463436929,0.0663986379999999,0.239488117,0.0320097768,-0.1192870201,0.0171598662999999,0.0009140767824,0.735,-0.0343382811419612,-0.0971943966185643,0.0099853052182108,0.0102387641193211,matched,True,True,True,all_a_medium_bottom_20140521,core_lobe,-3,ma20_episode_operational_window_v1,5,matched,True,True,True,all_a_medium_bottom_20140521,-3
ma20_breadth_reversal_top::top::ma_period_breadth_decomposition_v1_20120104_20260814::000013,ma20_breadth_reversal_top,top,2014-07-11,2014-07-11,1,closed,2014,96,0.7659286037,-0.1163447386999999,0.7862629914,0.1842863516999999,0.0822413014,-0.0296215764,0.01897876186,1.32365,0.0235043112667587,-0.0132987212233194,0.0653647894714317,0.0080801516330034,false_alarm,False,False,False,,,,ma20_episode_operational_window_v1,5,false_alarm,False,False,False,,
ma20_breadth_reversal_top::top::ma_period_breadth_decomposition_v1_20120104_20260814::000014,ma20_breadth_reversal_top,top,2014-07-15,2014-07-15,1,closed,2014,2,0.8090293454,-0.0553239668999999,0.841986456,0.1516493772999999,0.132731377,0.03629153924,0.0144469526,1.65585,0.0348285576012157,-0.001958542734916,0.0772451771214965,0.0080314994720854,false_alarm,False,False,False,,,,ma20_episode_operational_window_v1,5,false_alarm,False,False,False,,
ma20_breadth_reversal_top::top::ma_period_breadth_decomposition_v1_20120104_20260814::000015,ma20_breadth_reversal_top,top,2014-08-25,2014-08-25,1,closed,2014,29,0.8037974684,-0.1490583793,0.9801084991,0.0260337579999999,0.1758589512,-0.0947666153999999,0.01627486438,1.9208,0.0768298810258425,-0.009293965321963,0.153843855111837,0.0077503947985876,false_alarm,False,False,False,,,,ma20_episode_operational_window_v1,5,false_alarm,False,False,False,,
ma20_breadth_reversal_top::top::ma_period_breadth_decomposition_v1_20120104_20260814::000016,ma20_breadth_reversal_top,top,2014-09-01,2014-09-01,1,closed,2014,5,0.7101317583,-0.0936657101,0.9613811904,-0.0159533518,0.1144934121,-0.0613655391,0.01499318492,1.68895,0.072170213559624,-0.0035851188455472,0.1604927672977105,0.008016977306391,false_alarm,False,False,False,,,,ma20_episode_operational_window_v1,5,false_alarm,False,False,False,,
ma20_breadth_reversal_top::top::ma_period_breadth_decomposition_v1_20120104_20260814::000017,ma20_breadth_reversal_top,top,2014-09-17,2014-09-19,3,closed,2014,11,0.7018577254,-0.2297855520999999,0.9420027186,-0.0330652778,0.06705935659,-0.18509093771,0.02129587676,2.29215,0.0756764800295004,-0.0222511232378773,0.1833171288788848,0.0096729038212149,false_alarm,False,False,False,,,,ma20_episode_operational_window_v1,5,false_alarm,False,False,False,,
ma20_breadth_reversal_top::top::ma_period_breadth_decomposition_v1_20120104_20260814::000018,ma20_breadth_reversal_top,top,2014-10-13,2014-10-15,3,closed,2014,13,0.7853546911,-0.0616026203999999,0.9574370709,0.0308190216999999,0.1542334096,-0.0769200871999999,0.01464530892,2.34725,0.0879650840273453,-0.0085799021016081,0.2089025992536672,0.0093716652484623,false_alarm,False,False,False,,,,ma20_episode_operational_window_v1,5,false_alarm,False,False,False,,
ma20_breadth_reversal_bottom::bottom::ma_period_breadth_decomposition_v1_20120104_20260814::000017,ma20_breadth_reversal_bottom,bottom,2014-12-31,2014-12-31,1,closed,2014,156,0.2639571237,0.0538089423,0.3832067887,-0.2527112148999999,-0.1116569897,-0.1112079551243,0.01384546673,1.7315,0.1291279657385116,-0.0080363808652831,0.2713039487759605,0.018803731339526,false_alarm,False,False,False,,,,ma20_episode_operational_window_v1,5,false_alarm,False,False,False,,
ma20_breadth_reversal_top::top::ma_period_breadth_decomposition_v1_20120104_20260814::000019,ma20_breadth_reversal_top,top,2015-01-30,2015-01-30,1,closed,2015,77,0.7384269663,-0.0588642300999999,0.6494382022,0.1675914967,0.04269662921,-0.02231465747,0.004043126685,1.8012,0.0664596031045179,-0.0366872953789161,0.2361838635524926,0.0188244586106613,false_alarm,False,False,False,,,,ma20_episode_operational_window_v1,5,false_alarm,False,False,False,,
ma20_breadth_reversal_top::top::ma_period_breadth_decomposition_v1_20120104_20260814::000020,ma20_breadth_reversal_top,top,2015-02-03,2015-02-03,1,closed,2015,2,0.7365107914,-0.1507242109,0.6955935252,0.2120423759999999,0.05125899281,-0.05699540499,0.02966292135,1.7859,0.0671824765283339,-0.0300327942224247,0.244723340827301,0.0190187462746641,false_alarm,False,False,False,,,,ma20_episode_operational_window_v1,5,false_alarm,False,False,False,,
ma20_breadth_reversal_top::top::ma_period_breadth_decomposition_v1_20120104_20260814::000021,ma20_breadth_reversal_top,top,2015-03-09,2015-03-09,1,closed,2015,19,0.9216485507,-0.052295744,0.9139102855,0.1403676845999999,0.1282283643,-0.0726705121,0.03577898551,2.4516,0.0744308735879915,-0.0006748674344833,0.1816569677277206,0.0112587691618905,false_alarm,False,False,False,,,,ma20_episode_operational_window_v1,5,false_alarm,False,False,False,,
ma20_breadth_reversal_top::top::ma_period_breadth_decomposition_v1_20120104_20260814::000022,ma20_breadth_reversal_top,top,2015-04-09,2015-04-10,2,closed,2015,22,0.9010270775,-0.0850582656999999,0.9981317142,0.0036642177,0.184026156,-0.0911478579,-0.001867413632,4.7176,0.2143319443081399,-0.014458559200941,0.3925940252812372,0.0099581708006625,false_alarm,False,False,False,,,,ma20_episode_operational_window_v1,5,false_alarm,False,False,False,,
ma20_breadth_reversal_top::top::ma_period_breadth_decomposition_v1_20120104_20260814::000023,ma20_breadth_reversal_top,top,2015-04-14,2015-04-17,4,closed,2015,3,0.9358139535,-0.0599921975,0.9981386691,0.0004685852,0.3541181945,-0.2356253951999999,0.07209302326,4.5228,0.2475073408987822,-0.0084473737104576,0.4555040555155281,0.0099283785733388,false_alarm,False,False,False,,,,ma20_episode_operational_window_v1,5,false_alarm,False,False,False,,
ma20_breadth_reversal_top::top::ma_period_breadth_decomposition_v1_20120104_20260814::000024,ma20_breadth_reversal_top,top,2015-04-21,2015-04-21,1,closed,2015,5,0.7962790698,-0.1395348837,0.9972080037,-0.0027919963,0.1247091671,-0.2294090273999999,0.07674418605,3.8453,0.2342931481963805,-5.025929744273405e-06,0.4703389012331287,0.0141110282425876,false_alarm,False,False,False,,,,ma20_episode_operational_window_v1,5,false_alarm,False,False,False,,
ma20_breadth_reversal_top::top::ma_period_breadth_decomposition_v1_20120104_20260814::000025,ma20_breadth_reversal_top,top,2015-04-29,2015-04-29,1,closed,2015,6,0.7017625232,-0.2068221636,0.9948979592,0.0023956162,0.1089981447,-0.1426267392,0.07189239332,3.3278,0.2350784950379998,-0.0107593780314229,0.504076502193523,0.0157949789846213,false_alarm,False,False,False,,,,ma20_episode_operational_window_v1,5,duplicate_alarm,False,False,False,all_a_medium_top_20150528,-20
ma20_breadth_reversal_top::top::ma_period_breadth_decomposition_v1_20120104_20260814::000026,ma20_breadth_reversal_top,top,2015-05-04,2015-05-04,1,closed,2015,2,0.7072599532,-0.1556582624,0.9953161593,-0.0004801975,0.1466042155,-0.0616710053,0.05807962529,3.2563,0.2294125679789573,-0.0040815385644912,0.5160897079293096,0.0155648464159355,false_alarm,False,False,False,,,,ma20_episode_operational_window_v1,5,duplicate_alarm,False,False,False,all_a_medium_top_20150528,-18
ma20_breadth_reversal_top::top::ma_period_breadth_decomposition_v1_20120104_20260814::000027,ma20_breadth_reversal_top,top,2015-05-29,2015-05-29,1,closed,2015,19,0.8616714697,-0.1250709545,0.972142171,0.0058816273999999,0.07732949087,-0.42267050913,0.0148895293,5.2267,0.2058129109534776,-0.0639393953740888,0.5727794960224168,0.0238027819990646,matched,True,True,False,all_a_medium_top_20150528,operational_window,1,ma20_episode_operational_window_v1,5,matched,True,False,False,all_a_medium_top_20150528,1
ma20_breadth_reversal_top::top::ma_period_breadth_decomposition_v1_20120104_20260814::000028,ma20_breadth_reversal_top,top,2015-06-09,2015-06-09,1,closed,2015,7,0.922815534,-0.0558356061999999,0.9966019417,-0.0029216409999999,0.1436893204,-0.3133703594,0.04174757282,4.3589,0.2473952174672464,-0.0117543549887105,0.6330448390959986,0.0217764420322776,duplicate_candidate,False,False,False,all_a_medium_top_20150615,operational_window,-4,ma20_episode_operational_window_v1,5,matched,True,False,False,all_a_medium_top_20150625,-11
ma20_breadth_reversal_top::top::ma_period_breadth_decomposition_v1_20120104_20260814::000029,ma20_breadth_reversal_top,top,2015-06-15,2015-06-15,1,closed,2015,4,0.8275212064,-0.1071766493999999,0.9858557284,-0.0063998378999999,0.3022159359,0.0707344544,0.0315739868,5.08865,0.2246933809789986,-0.0235317521280946,0.5574322828166991,0.0220873733451774,matched,True,True,True,all_a_medium_top_20150615,core_lobe,0,ma20_episode_operational_window_v1,5,matched,True,True,True,all_a_medium_top_20150615,0
ma20_breadth_reversal_bottom::bottom::ma_period_breadth_decomposition_v1_20120104_20260814::000018,ma20_breadth_reversal_bottom,bottom,2015-07-10,2015-07-14,3,closed,2015,127,0.06327033689,0.054006563121,0.06327033689,-0.29446831001,0.005751848809,0.585469059909,0.9622021364,2.9655,-0.18666866471013,-0.3283126879362573,0.1245728557099221,0.0402488978028469,matched,True,True,False,all_a_medium_bottom_20150709,operational_window,1,ma20_episode_operational_window_v1,5,matched,True,False,False,all_a_medium_bottom_20150709,1
ma20_breadth_reversal_bottom::bottom::ma_period_breadth_decomposition_v1_20120104_20260814::000019,ma20_breadth_reversal_bottom,bottom,2015-07-17,2015-07-17,1,closed,2015,5,0.2573643411,0.19409400421,0.07286821705,0.02362394596,-0.006718346253,-0.012470195062,0.3441860465,4.7614,-0.1357909835391773,-0.2902366339846417,0.1883217102103478,0.0437155401475755,matched,True,True,False,all_a_medium_bottom_20150716,operational_window,1,ma20_episode_operational_window_v1,5,matched,True,False,False,all_a_medium_bottom_20150716,1
ma20_breadth_reversal_top::top::ma_period_breadth_decomposition_v1_20120104_20260814::000030,ma20_breadth_reversal_top,top,2015-07-29,2015-07-29,1,closed,2015,31,0.715542522,-0.0682810073999999,0.08699902248,0.0524245543899999,-0.04985337243,-0.054755333214,0.1544477028,4.37625,-0.142641877650973,-0.3028617124655258,0.1671841655436379,0.038279996636708,matched,True,True,False,all_a_medium_top_20150724,operational_window,3,ma20_episode_operational_window_v1,5,matched,True,False,False,all_a_medium_top_20150724,3
ma20_breadth_reversal_bottom::bottom::ma_period_breadth_decomposition_v1_20120104_20260814::000020,ma20_breadth_reversal_bottom,bottom,2015-09-11,2015-09-11,1,closed,2015,38,0.08952380952,0.0711840411799999,0.04285714286,0.034169884173,-0.009523809524,0.461518661476,0.03714285714,2.3916,-0.1614296385090857,-0.3958623283282549,0.0939040012972332,0.0376236394209835,duplicate_candidate,False,False,False,all_a_medium_bottom_20150915,operational_window,-2,ma20_episode_operational_window_v1,5,matched,True,False,False,all_a_medium_bottom_20150826,10
ma20_breadth_reversal_bottom::bottom::ma_period_breadth_decomposition_v1_20120104_20260814::000021,ma20_breadth_reversal_bottom,bottom,2015-09-16,2015-09-18,3,closed,2015,3,0.1137980085,0.06401342257,0.04077761972,0.01704880616,-0.1545756283,-0.145001669468,0.8032242769,2.9415,-0.1695283254838366,-0.3795926711160812,0.0620010061296298,0.0409500590604949,matched,True,True,True,all_a_medium_bottom_20150915,core_lobe,1,ma20_episode_operational_window_v1,5,matched,True,True,True,all_a_medium_bottom_20150915,1
ma20_breadth_reversal_top::top::ma_period_breadth_decomposition_v1_20120104_20260814::000031,ma20_breadth_reversal_top,top,2015-10-21,2015-10-21,1,closed,2015,53,0.8135673624,-0.1362214691,0.3282732448,0.2402732447999999,0.01612903226,0.0090900834099999,-0.4772296015,5.1958,-0.0307216675350741,-0.2035779086840095,0.153089229100521,0.0208938588302902,false_alarm,False,False,False,,,,ma20_episode_operational_window_v1,5,false_alarm,False,False,False,,
ma20_breadth_reversal_top::top::ma_period_breadth_decomposition_v1_20120104_20260814::000032,ma20_breadth_reversal_top,top,2015-10-30,2015-10-30,1,closed,2015,7,0.8755781684,-0.0764669655999999,0.737280296,0.1682821864,0.02497687327,-0.0121646405999999,0.04532839963,3.2799,0.0270958732322588,-0.1494151022426832,0.2040330877139007,0.0196567953027372,false_alarm,False,False,False,,,,ma20_episode_operational_window_v1,5,duplicate_alarm,False,False,False,all_a_medium_top_20151126,-19
ma20_breadth_reversal_top::top::ma_period_breadth_decomposition_v1_20120104_20260814::000033,ma20_breadth_reversal_top,top,2015-11-13,2015-11-13,1,closed,2015,10,0.8656108597,-0.0796009267,0.9194570136,0.1821767175999999,0.08280542986,0.01282384607,0.01628222524,4.1131,0.1060289408719512,-0.0901456912752159,0.2879310408544988,0.0198913529470912,false_alarm,False,False,False,,,,ma20_episode_operational_window_v1,5,duplicate_alarm,False,False,False,all_a_medium_top_20151126,-9
ma20_breadth_reversal_top::top::ma_period_breadth_decomposition_v1_20120104_20260814::000034,ma20_breadth_reversal_top,top,2015-11-17,2015-11-19,3,closed,2015,2,0.8867240598,-0.0772522284,0.9370185773,0.2828345736000001,0.1427276846,0.0264486147999999,0.05117753623,4.7144,0.1195207045870749,-0.0813718577787379,0.3003507133218861,0.019958246825992,duplicate_candidate,False,False,False,all_a_medium_top_20151126,core_lobe,-7,ma20_episode_operational_window_v1,5,duplicate_alarm,False,False,False,all_a_medium_top_20151126,-7
ma20_breadth_reversal_top::top::ma_period_breadth_decomposition_v1_20120104_20260814::000035,ma20_breadth_reversal_top,top,2015-11-23,2015-11-23,1,closed,2015,4,0.8531531532,-0.0606790463,0.9477477477,0.0286805323,0.204954955,0.12604339037,0.04412426835,4.06655,0.1333835338289724,-0.0155404769851428,0.3138607060184384,0.0163307213415922,matched,True,True,True,all_a_medium_top_20151126,core_lobe,-3,ma20_episode_operational_window_v1,5,matched,True,True,True,all_a_medium_top_20151126,-3
ma20_breadth_reversal_bottom::bottom::ma_period_breadth_decomposition_v1_20120104_20260814::000022,ma20_breadth_reversal_bottom,bottom,2016-01-25,2016-01-25,1,closed,2016,87,0.07401448109,0.05090949528,0.06194690265,-0.02037264317,-0.002815768302,0.305250709198,0.03136308806,1.78605,-0.1437333172859841,-0.2201242752613108,0.0480809659156928,0.0327595207645315,matched,True,True,False,all_a_medium_bottom_20160127,operational_window,-2,ma20_episode_operational_window_v1,5,matched,True,False,False,all_a_medium_bottom_20160127,-2
ma20_breadth_reversal_bottom::bottom::ma_period_breadth_decomposition_v1_20120104_20260814::000023,ma20_breadth_reversal_bottom,bottom,2016-02-02,2016-02-03,2,closed,2016,6,0.1391023049,0.10768869233,0.04166666667,-0.02901184706,-0.01294498382,0.41436069478,0.06146380914,1.9257,-0.1830662901754737,-0.2712122637152593,0.0564922649052668,0.0344614784610379,duplicate_candidate,False,False,False,all_a_medium_bottom_20160127,operational_window,4,ma20_episode_operational_window_v1,5,matched,True,False,False,all_a_medium_bottom_20160229,-14
ma20_breadth_reversal_top::top::ma_period_breadth_decomposition_v1_20120104_20260814::000036,ma20_breadth_reversal_top,top,2016-03-28,2016-03-30,3,closed,2016,84,0.9047815334,-0.0764429563999999,0.5645360825,0.4645360825,0.01319587629,0.0013543083,0.01937345425,2.7436,0.0110655611288363,-0.2046169655906277,0.1441607275324519,0.0174127780025224,false_alarm,False,False,False,,,,ma20_episode_operational_window_v1,5,duplicate_alarm,False,False,False,all_a_medium_top_20160413,-11
ma20_breadth_reversal_top::top::ma_period_breadth_decomposition_v1_20120104_20260814::000037,ma20_breadth_reversal_top,top,2016-04-08,2016-04-08,1,closed,2016,8,0.7908713693,-0.1345202218,0.8659751037,0.3951212448999999,0.0244813278,0.00304686778,0.006639004149,2.4354,0.0482329402342303,-0.0662960984817669,0.1620516515905479,0.0154238629304568,duplicate_candidate,False,False,False,all_a_medium_top_20160413,operational_window,-3,ma20_episode_operational_window_v1,5,duplicate_alarm,False,False,False,all_a_medium_top_20160413,-3
ma20_breadth_reversal_top::top::ma_period_breadth_decomposition_v1_20120104_20260814::000038,ma20_breadth_reversal_top,top,2016-04-12,2016-04-13,2,closed,2016,2,0.8263223657,-0.1437773021,0.9204498126,0.3559137301,0.08454810496,0.0201793341999999,0.009579341941,2.3941,0.0614001448786176,-0.0151477186095395,0.1765465894348412,0.0150404259762243,matched,True,True,True,all_a_medium_top_20160413,core_lobe,-1,ma20_episode_operational_window_v1,5,matched,True,True,True,all_a_medium_top_20160413,-1
ma20_breadth_reversal_top::top::ma_period_breadth_decomposition_v1_20120104_20260814::000039,ma20_breadth_reversal_top,top,2016-04-19,2016-04-19,1,closed,2016,5,0.7245110279,-0.1018113377999999,0.9375780275,0.0222956355,0.07240948814,-0.0121386168199999,0.009571369122,2.09435,0.0675073821384517,-0.0140022922002841,0.1892760350943847,0.0127812892717421,duplicate_candidate,False,False,False,all_a_medium_top_20160413,core_lobe,4,ma20_episode_operational_window_v1,5,duplicate_alarm,False,False,False,all_a_medium_top_20160413,4
ma20_breadth_reversal_bottom::bottom::ma_period_breadth_decomposition_v1_20120104_20260814::000024,ma20_breadth_reversal_bottom,bottom,2016-05-16,2016-05-17,2,closed,2016,67,0.1691022965,0.0563674322,0.2855949896,-0.3272812646,0.006680584551,0.058872651361,0.01711899791,1.40095,-0.0195320708851919,-0.0821119670393561,0.1055740877367921,0.014752840764313,matched,True,True,True,all_a_medium_bottom_20160512,core_lobe,2,ma20_episode_operational_window_v1,5,matched,True,True,True,all_a_medium_bottom_20160512,2
ma20_breadth_reversal_bottom::bottom::ma_period_breadth_decomposition_v1_20120104_20260814::000025,ma20_breadth_reversal_bottom,bottom,2016-05-23,2016-05-23,1,closed,2016,5,0.2382943144,0.0691920179,0.3010033445,0.0007945762,0.02466555184,0.017984967289,0.02299331104,1.4798,-0.0184437485669978,-0.0826787822445213,0.1048913724372533,0.0135086018949042,false_alarm,False,False,False,,,,ma20_episode_operational_window_v1,5,duplicate_alarm,False,False,False,all_a_medium_bottom_20160512,7
ma20_breadth_reversal_bottom::bottom::ma_period_breadth_decomposition_v1_20120104_20260814::000026,ma20_breadth_reversal_bottom,bottom,2016-05-25,2016-05-27,3,closed,2016,2,0.201000834,0.0841881514999999,0.2543786489,0.0005228756999999,0.00542118432,0.11555885642,0.009174311927,1.2805,-0.0315439974007509,-0.093427589636335,0.0882923147360019,0.0133427870747231,duplicate_candidate,False,False,False,all_a_medium_bottom_20160512,core_lobe,9,ma20_episode_operational_window_v1,5,duplicate_alarm,False,False,False,all_a_medium_bottom_20160512,9
ma20_breadth_reversal_top::top::ma_period_breadth_decomposition_v1_20120104_20260814::000040,ma20_breadth_reversal_top,top,2016-07-11,2016-07-21,9,closed,2016,56,0.8403258656,-0.0598778004,0.8272912424,0.2822830590999999,0.09205702648,0.01873727088,0.01547861507,2.4805,0.0412611146073635,-0.0155719863295005,0.109308406702703,0.0089057275384223,false_alarm,False,False,False,,,,ma20_episode_operational_window_v1,5,false_alarm,False,False,False,,
ma20_breadth_reversal_bottom::bottom::ma_period_breadth_decomposition_v1_20120104_20260814::000027,ma20_breadth_reversal_bottom,bottom,2016-08-08,2016-08-08,1,closed,2016,51,0.2926829268,0.1557901127,0.6005597761,-0.2732776683,0.02758896441,0.07495949833,0.007197121152,1.3658,0.021810733578981,-0.0299159013459491,0.0984643407466379,0.00986651748344,false_alarm,False,False,False,,,,ma20_episode_operational_window_v1,5,false_alarm,False,False,False,,
ma20_breadth_reversal_top::top::ma_period_breadth_decomposition_v1_20120104_20260814::000041,ma20_breadth_reversal_top,top,2016-08-24,2016-08-24,1,closed,2016,32,0.7696897375,-0.0565358503999999,0.6738265712,0.0447878794999999,0.04574383453,-0.04154193669,0.01471758154,1.41795,0.0319102378179927,-0.013845897147692,0.1086137068880954,0.0086311198973686,false_alarm,False,False,False,,,,ma20_episode_operational_window_v1,5,false_alarm,False,False,False,,
ma20_breadth_reversal_top::top::ma_period_breadth_decomposition_v1_20120104_20260814::000042,ma20_breadth_reversal_top,top,2016-10-27,2016-10-27,1,closed,2016,39,0.7388030123,-0.0772065455999999,0.7122473246,0.1000512304999999,0.04359889021,-0.01016455065,0.006341656758,1.3481,0.025520189474091,-0.0054184832391764,0.0806551749206894,0.0076018571012958,false_alarm,False,False,False,,,,ma20_episode_operational_window_v1,5,false_alarm,False,False,False,,
ma20_breadth_reversal_top::top::ma_period_breadth_decomposition_v1_20120104_20260814::000043,ma20_breadth_reversal_top,top,2016-11-23,2016-11-23,1,closed,2016,19,0.7187250996,-0.0835774014,0.7669322709,0.1662996098,0.1039840637,0.0015624678,0.01274900398,1.935,0.0407582045602326,-0.0061674221139537,0.0850746927855705,0.0054452114320712,matched,True,True,True,all_a_medium_top_20161129,core_lobe,-4,ma20_episode_operational_window_v1,5,matched,True,True,True,all_a_medium_top_20161129,-4
ma20_breadth_reversal_bottom::bottom::ma_period_breadth_decomposition_v1_20120104_20260814::000028,ma20_breadth_reversal_bottom,bottom,2016-12-19,2016-12-22,4,closed,2016,88,0.2011516315,0.10864398624,0.286756238,-0.1568049703,-0.0007677543186,0.3723209306814,0.01458733205,1.0611,-0.0214732306002831,-0.0617440825400624,0.0297766697562216,0.0098909586039389,false_alarm,False,False,False,,,,ma20_episode_operational_window_v1,5,false_alarm,False,False,False,,
ma20_breadth_reversal_bottom::bottom::ma_period_breadth_decomposition_v1_20120104_20260814::000029,ma20_breadth_reversal_bottom,bottom,2016-12-26,2016-12-27,2,closed,2016,5,0.251435132,0.0502835004999999,0.2610026789,0.0499935046,-0.1890547264,-0.1882869720814,0.0007654037505,1.1611,-0.0241245957028378,-0.0635988822684019,0.0277409463978388,0.0099248285788798,false_alarm,False,False,False,,,,ma20_episode_operational_window_v1,5,false_alarm,False,False,False,,
ma20_breadth_reversal_bottom::bottom::ma_period_breadth_decomposition_v1_20120104_20260814::000030,ma20_breadth_reversal_bottom,bottom,2017-01-23,2017-01-25,3,closed,2017,19,0.2628571429,0.1412510244,0.196952381,-0.1704646354,0.0140952381,0.6856057544,0.01523809524,0.98595,-0.0325658601955839,-0.0762999366321947,0.0435879417854392,0.0075759377316488,false_alarm,False,False,False,,,,ma20_episode_operational_window_v1,5,false_alarm,False,False,False,,
ma20_breadth_reversal_bottom::bottom::ma_period_breadth_decomposition_v1_20120104_20260814::000031,ma20_breadth_reversal_bottom,bottom,2017-02-03,2017-02-03,1,closed,2017,4,0.291221374,0.0887042114999999,0.2064885496,0.0009986524999999,0.008396946565,0.019075817655,0.002671755725,0.6342,-0.0289410804923224,-0.0748991095305997,0.0451705835213516,0.0076584179186102,false_alarm,False,False,False,,,,ma20_episode_operational_window_v1,5,false_alarm,False,False,False,,
ma20_breadth_reversal_top::top::ma_period_breadth_decomposition_v1_20120104_20260814::000044,ma20_breadth_reversal_top,top,2017-02-20,2017-02-20,1,closed,2017,57,0.7193523516,-0.1351652594,0.4040092521,0.1581138722,0.02120277564,-0.01593351839,0.006553585197,1.3362,0.0054334608568005,-0.0476441037260859,0.0759630415267995,0.0054541261279952,false_alarm,False,False,False,,,,ma20_episode_operational_window_v1,5,false_alarm,False,False,False,,
ma20_breadth_reversal_top::top::ma_period_breadth_decomposition_v1_20120104_20260814::000045,ma20_breadth_reversal_top,top,2017-02-28,2017-03-01,2,closed,2017,6,0.7188461538,-0.0969230769999999,0.5215384615,0.1408414106,0.006538461538,-0.035000000002,0.003461538462,1.1496,0.01255331225616,-0.0441040305101569,0.0799625840922848,0.0052425194976709,false_alarm,False,False,False,,,,ma20_episode_operational_window_v1,5,false_alarm,False,False,False,,
ma20_breadth_reversal_bottom::bottom::ma_period_breadth_decomposition_v1_20120104_20260814::000032,ma20_breadth_reversal_bottom,bottom,2017-05-02,2017-05-03,2,closed,2017,59,0.1819968553,0.08907306059,0.189072327,-0.1203412531999999,-0.01768867925,0.5196363596500001,0.007075471698,0.8959,-0.0324809620269911,-0.0540796399564528,0.020728510696258,0.0080434813922617,false_alarm,False,False,False,,,,ma20_episode_operational_window_v1,5,duplicate_alarm,False,False,False,all_a_medium_bottom_20170524,-16
ma20_breadth_reversal_bottom::bottom::ma_period_breadth_decomposition_v1_20120104_20260814::000033,ma20_breadth_reversal_bottom,bottom,2017-05-15,2017-05-15,1,closed,2017,9,0.1738443303,0.0621652110999999,0.1240616357,-0.0632188948999999,-0.01935993678,0.27438760552,0.01382852627,0.73405,-0.0579862341827051,-0.0852308469370984,0.0263996996802835,0.006676815247245,false_alarm,False,False,False,,,,ma20_episode_operational_window_v1,5,duplicate_alarm,False,False,False,all_a_medium_bottom_20170524,-7
ma20_breadth_reversal_bottom::bottom::ma_period_breadth_decomposition_v1_20120104_20260814::000034,ma20_breadth_reversal_bottom,bottom,2017-05-22,2017-05-22,1,closed,2017,5,0.2283123028,0.0544679725,0.1395899054,0.0113948601999999,-0.1033123028,-0.08395236602,-0.002365930599,0.9344,-0.0526815348442941,-0.0843075905084809,0.0274356223695084,0.0076341439088725,duplicate_candidate,False,False,False,all_a_medium_bottom_20170524,operational_window,-2,ma20_episode_operational_window_v1,5,duplicate_alarm,False,False,False,all_a_medium_bottom_20170524,-2
ma20_breadth_reversal_bottom::bottom::ma_period_breadth_decomposition_v1_20120104_20260814::000035,ma20_breadth_reversal_bottom,bottom,2017-06-02,2017-06-05,2,closed,2017,7,0.2366018261,0.0698694649999999,0.1278285034,-0.0332320427,-0.3525208416,0.1484645741999999,0.005160778087,0.9643,-0.0495183746658158,-0.0894978576746462,0.02244776366438,0.0078128226880708,matched,True,True,True,all_a_medium_bottom_20170524,core_lobe,5,ma20_episode_operational_window_v1,5,matched,True,True,True,all_a_medium_bottom_20170524,5
ma20_breadth_reversal_top::top::ma_period_breadth_decomposition_v1_20120104_20260814::000046,ma20_breadth_reversal_top,top,2017-06-26,2017-06-27,2,closed,2017,79,0.7209471767,-0.1295645192,0.2954462659,0.1154609286999999,0.03970856102,0.02581967213,0.007285974499,1.1486,0.0129835011756285,-0.042886393007359,0.0747900763232769,0.0071415154509946,false_alarm,False,False,False,,,,ma20_episode_operational_window_v1,5,false_alarm,False,False,False,,
ma20_breadth_reversal_top::top::ma_period_breadth_decomposition_v1_20120104_20260814::000047,ma20_breadth_reversal_top,top,2017-09-08,2017-09-08,1,closed,2017,54,0.707475623,-0.0676680551999999,0.7388949079,0.1652486985,0.05344889852,-0.01910857274,0.0115565186,1.3389,0.0372378266543678,-0.0064292226830663,0.0857688150465161,0.0056942982237598,false_alarm,False,False,False,,,,ma20_episode_operational_window_v1,5,false_alarm,False,False,False,,
ma20_breadth_reversal_bottom::bottom::ma_period_breadth_decomposition_v1_20120104_20260814::000036,ma20_breadth_reversal_bottom,bottom,2017-12-04,2017-12-04,1,closed,2017,126,0.1725504323,0.0604444150999999,0.1649855908,-0.0543001234999999,-0.1300432277,0.0909453109999999,-0.005403458213,0.83995,-0.0224488000806952,-0.0468518377723485,0.0056169153767235,0.0088491186561128,false_alarm,False,False,False,,,,ma20_episode_operational_window_v1,5,false_alarm,False,False,False,,
ma20_breadth_reversal_bottom::bottom::ma_period_breadth_decomposition_v1_20120104_20260814::000037,ma20_breadth_reversal_bottom,bottom,2017-12-12,2017-12-12,1,closed,2017,6,0.2594308405,0.1396466677999999,0.1644606221,-0.0068755848,-0.01555261416,0.44200134264,0.005625413633,0.8306,-0.0240144923171256,-0.0505644136645487,0.0194684996235945,0.0096290050519029,false_alarm,False,False,False,,,,ma20_episode_operational_window_v1,5,false_alarm,False,False,False,,
ma20_breadth_reversal_bottom::bottom::ma_period_breadth_decomposition_v1_20120104_20260814::000038,ma20_breadth_reversal_bottom,bottom,2018-02-22,2018-02-23,2,closed,2018,46,0.1492182189,0.08250546397,0.1298877933,-0.0193312163,0.00272016321,0.04386815768,0.01563562203,0.6866,-0.0456301711574561,-0.0891986183591564,0.069891316026363,0.0151916882161504,matched,True,True,False,all_a_medium_bottom_20180209,operational_window,4,ma20_episode_operational_window_v1,5,matched,True,False,False,all_a_medium_bottom_20180209,4
ma20_breadth_reversal_top::top::ma_period_breadth_decomposition_v1_20120104_20260814::000048,ma20_breadth_reversal_top,top,2018-03-16,2018-03-19,2,closed,2018,124,0.7705744038,-0.1520366325,0.3618951613,0.1367184531,0.0252016129,-0.02057422015,0.01545179711,0.96145,-0.0118209680371544,-0.062707469341787,0.1010096815191594,0.0089323064971409,matched,True,True,True,all_a_medium_top_20180312,core_lobe,4,ma20_episode_operational_window_v1,5,matched,True,True,True,all_a_medium_top_20180312,4
ma20_breadth_reversal_bottom::bottom::ma_period_breadth_decomposition_v1_20120104_20260814::000039,ma20_breadth_reversal_bottom,bottom,2018-05-02,2018-05-02,1,closed,2018,45,0.2592468056,0.0598510352,0.3409549428,-0.0935947725999999,-0.05514458642,0.0556308415799999,-0.00907868191,0.9509,-0.0392973637665235,-0.1160361080217663,0.0366205368898113,0.0099282858757658,false_alarm,False,False,False,,,,ma20_episode_operational_window_v1,5,false_alarm,False,False,False,,
ma20_breadth_reversal_bottom::bottom::ma_period_breadth_decomposition_v1_20120104_20260814::000040,ma20_breadth_reversal_bottom,bottom,2018-06-06,2018-06-06,1,closed,2018,25,0.2603609626,0.1196053625,0.3051470588,-0.1975231682,0.01002673797,0.3316582993699999,0.008355614973,0.81,-0.0232289846815638,-0.0733471638883078,0.0248114235513408,0.0095772230645289,false_alarm,False,False,False,,,,ma20_episode_operational_window_v1,5,false_alarm,False,False,False,,
ma20_breadth_reversal_bottom::bottom::ma_period_breadth_decomposition_v1_20120104_20260814::000041,ma20_breadth_reversal_bottom,bottom,2018-06-29,2018-07-04,4,closed,2018,16,0.1358609795,0.06283802032,0.1001579779,-0.1323927835,-0.05371248025,0.40387680545,0.02875197472,1.0256,-0.0896458536264015,-0.1338189756225658,0.0290239548137303,0.0151767981700489,false_alarm,False,False,False,,,,ma20_episode_operational_window_v1,5,false_alarm,False,False,False,,
ma20_breadth_reversal_bottom::bottom::ma_period_breadth_decomposition_v1_20120104_20260814::000042,ma20_breadth_reversal_bottom,bottom,2018-07-09,2018-07-09,1,closed,2018,6,0.2489821484,0.1169720665,0.09395552772,0.0022649833099999,-0.01315377388,0.04387206103,0.01597243971,0.897,-0.0918348304768951,-0.1462000655205438,0.0468291774587616,0.0169202116143667,false_alarm,False,False,False,,,,ma20_episode_operational_window_v1,5,false_alarm,False,False,False,,
ma20_breadth_reversal_bottom::bottom::ma_period_breadth_decomposition_v1_20120104_20260814::000043,ma20_breadth_reversal_bottom,bottom,2018-07-11,2018-07-11,1,closed,2018,2,0.2326965236,0.0853512518,0.09614782336,0.0130523587199999,-0.1174444096,-0.08037246489,-0.009708737864,1.0128,-0.1007704865319777,-0.156316679973871,0.0313735336235234,0.0169840950273813,false_alarm,False,False,False,,,,ma20_episode_operational_window_v1,5,false_alarm,False,False,False,,
ma20_breadth_reversal_bottom::bottom::ma_period_breadth_decomposition_v1_20120104_20260814::000044,ma20_breadth_reversal_bottom,bottom,2018-08-23,2018-08-24,2,closed,2018,31,0.2024615385,0.0744936076,0.1461538462,-0.0096141982,-0.03876923077,0.10276638443,0.012,0.6626,-0.0633432311686652,-0.1575228218352357,0.03054500974484,0.0139214838245929,false_alarm,False,False,False,,,,ma20_episode_operational_window_v1,5,false_alarm,False,False,False,,
ma20_breadth_reversal_bottom::bottom::ma_period_breadth_decomposition_v1_20120104_20260814::000045,ma20_breadth_reversal_bottom,bottom,2018-08-30,2018-08-30,1,closed,2018,5,0.2931246163,0.0906630777999999,0.1792510743,0.0552917774,-0.0518723143,-0.0131030835299999,0.001841620626,0.7318,-0.0475932153436682,-0.1541827444910163,0.0346306991005389,0.0140291770597093,false_alarm,False,False,False,,,,ma20_episode_operational_window_v1,5,false_alarm,False,False,False,,
ma20_breadth_reversal_bottom::bottom::ma_period_breadth_decomposition_v1_20120104_20260814::000046,ma20_breadth_reversal_bottom,bottom,2018-09-13,2018-09-13,1,closed,2018,10,0.2927127985,0.0699116951999999,0.1861604409,0.0069093665999999,-0.0471524801,0.0668530363,0.005511328843,0.68235,-0.0541913152107498,-0.1085434518880599,0.0138814271567737,0.0105574251668556,false_alarm,False,False,False,,,,ma20_episode_operational_window_v1,5,duplicate_alarm,False,False,False,all_a_medium_bottom_20181019,-20
ma20_breadth_reversal_bottom::bottom::ma_period_breadth_decomposition_v1_20120104_20260814::000047,ma20_breadth_reversal_bottom,bottom,2018-09-18,2018-09-18,1,closed,2018,3,0.2848837209,0.0895448678,0.1909424725,-0.0276350873,-0.2105263158,0.0329572781999999,0.01652386781,0.7488,-0.0481264331633479,-0.1073865582507082,0.021925693663493,0.0105280229726136,false_alarm,False,False,False,,,,ma20_episode_operational_window_v1,5,duplicate_alarm,False,False,False,all_a_medium_bottom_20181019,-17
ma20_breadth_reversal_bottom::bottom::ma_period_breadth_decomposition_v1_20120104_20260814::000048,ma20_breadth_reversal_bottom,bottom,2018-10-22,2018-10-26,5,closed,2018,18,0.2007934086,0.11981928379,0.1202319194,-0.0223635004,0.008544400366,0.109914263366,0.08483368935,1.4003,-0.0578582235958607,-0.1419500025691993,0.0891435544245993,0.0226472318106858,matched,True,True,False,all_a_medium_bottom_20181019,operational_window,1,ma20_episode_operational_window_v1,5,matched,True,False,False,all_a_medium_bottom_20181019,1
ma20_breadth_reversal_bottom::bottom::ma_period_breadth_decomposition_v1_20120104_20260814::000049,ma20_breadth_reversal_bottom,bottom,2018-10-30,2018-10-30,1,closed,2018,6,0.2533495737,0.0952781668999999,0.1160170524,0.06157666311,-0.04567600487,-0.052389462301,0.01522533496,0.922,-0.0775953499640066,-0.1609239725199209,0.0482473765989097,0.022076857383055,false_alarm,False,False,False,,,,ma20_episode_operational_window_v1,5,duplicate_alarm,False,False,False,all_a_medium_bottom_20181019,7
ma20_breadth_reversal_top::top::ma_period_breadth_decomposition_v1_20120104_20260814::000049,ma20_breadth_reversal_top,top,2018-11-20,2018-11-22,3,closed,2018,166,0.8865761689,-0.0547426453999999,0.6111613876,0.3315261292000001,0.05701357466,-0.0225387544399999,0.004524886878,1.5392,-0.0020691646373078,-0.0654061431137752,0.1144055154161323,0.0133326331402831,matched,True,True,True,all_a_medium_top_20181119,core_lobe,1,ma20_episode_operational_window_v1,5,matched,True,True,True,all_a_medium_top_20181119,1
ma20_breadth_reversal_bottom::bottom::ma_period_breadth_decomposition_v1_20120104_20260814::000050,ma20_breadth_reversal_bottom,bottom,2019-01-04,2019-01-04,1,closed,2019,46,0.2897578057,0.0828511623999999,0.3495768894,0.0315412272999999,-0.08491391888,-0.091937623884,0.03034724249,1.07295,-0.0292794024740323,-0.0845810249717793,0.0463839588686221,0.0105024592589624,matched,True,True,True,all_a_medium_bottom_20190104,core_lobe,0,ma20_episode_operational_window_v1,5,matched,True,True,True,all_a_medium_bottom_20190104,0
ma20_breadth_reversal_top::top::ma_period_breadth_decomposition_v1_20120104_20260814::000050,ma20_breadth_reversal_top,top,2019-03-08,2019-03-08,1,closed,2019,71,0.9102863822,-0.0777253137,0.9789535224,0.0891552178,0.2163110202,0.1080922428,-0.04208065459,3.7251,0.1439223304931736,-0.0492029413220218,0.2678683337630725,0.0185756583206212,false_alarm,False,False,False,,,,ma20_episode_operational_window_v1,5,duplicate_alarm,False,False,False,all_a_medium_top_20190408,-20
ma20_breadth_reversal_top::top::ma_period_breadth_decomposition_v1_20120104_20260814::000051,ma20_breadth_reversal_top,top,2019-03-13,2019-03-14,2,closed,2019,3,0.9455822118,-0.0500254017,0.9918056775,0.0243093377999999,0.2475856014,-0.2612017448,0.01023990638,3.3198,0.1643589390802142,-0.0251409441811821,0.3041048097275454,0.0198018112726784,false_alarm,False,False,False,,,,ma20_episode_operational_window_v1,5,duplicate_alarm,False,False,False,all_a_medium_top_20190408,-17
ma20_breadth_reversal_top::top::ma_period_breadth_decomposition_v1_20120104_20260814::000052,ma20_breadth_reversal_top,top,2019-03-25,2019-03-25,1,closed,2019,8,0.7609397944,-0.1816831564,0.9891304348,-0.0021027622,0.169212691,0.0192858974,0.03230543319,2.57305,0.1433110571342559,-0.0219364521523732,0.3199467414849744,0.0164045208314433,false_alarm,False,False,False,,,,ma20_episode_operational_window_v1,5,matched,True,False,False,all_a_medium_top_20190408,-9
ma20_breadth_reversal_bottom::bottom::ma_period_breadth_decomposition_v1_20120104_20260814::000051,ma20_breadth_reversal_bottom,bottom,2019-05-13,2019-05-13,1,closed,2019,82,0.1041169451,0.0617415347699999,0.2079355609,-0.7005669398000001,0.007756563246,0.077288046386,0.01551312649,1.279,-0.044782730654826,-0.1275919528310514,0.1133934956447888,0.0207273459800449,false_alarm,False,False,False,,,,ma20_episode_operational_window_v1,5,duplicate_alarm,False,False,False,all_a_medium_bottom_20190606,-18
ma20_breadth_reversal_bottom::bottom::ma_period_breadth_decomposition_v1_20120104_20260814::000052,ma20_breadth_reversal_bottom,bottom,2019-05-15,2019-05-16,2,closed,2019,2,0.160405486,0.09686133326,0.2358378056,-0.3811834709999999,0.01610017889,0.06621951063,0.03548002385,1.3505,-0.0330271363141985,-0.1140342891016931,0.1216002441574262,0.021351471220071,false_alarm,False,False,False,,,,ma20_episode_operational_window_v1,5,duplicate_alarm,False,False,False,all_a_medium_bottom_20190606,-16
ma20_breadth_reversal_bottom::bottom::ma_period_breadth_decomposition_v1_20120104_20260814::000053,ma20_breadth_reversal_bottom,bottom,2019-05-21,2019-05-22,2,closed,2019,4,0.2,0.0971070683,0.1877794337,-0.0046430007,0.001788375559,0.0155074331189999,0.02384500745,1.247,-0.0520857703379652,-0.1277006525658445,0.0802356518914464,0.0216258153976865,false_alarm,False,False,False,,,,ma20_episode_operational_window_v1,5,matched,True,False,False,all_a_medium_bottom_20190606,-12
ma20_breadth_reversal_top::top::ma_period_breadth_decomposition_v1_20120104_20260814::000053,ma20_breadth_reversal_top,top,2019-07-04,2019-07-04,1,closed,2019,68,0.7155503098,-0.0791399556999999,0.3481853054,0.1350802286999999,0.007081735025,-0.012387291525,0.01121274712,1.1501,0.0004898889565312,-0.1009699078307901,0.0833215931225219,0.0134796525920098,matched,True,True,True,all_a_medium_top_20190702,core_lobe,2,ma20_episode_operational_window_v1,5,matched,True,True,True,all_a_medium_top_20190702,2
ma20_breadth_reversal_bottom::bottom::ma_period_breadth_decomposition_v1_20120104_20260814::000054,ma20_breadth_reversal_bottom,bottom,2019-08-14,2019-08-16,3,closed,2019,60,0.2047801711,0.0813270184999999,0.2027146651,-0.1674592223,0.02921215698,0.06751504443,0.01711419298,0.8386,-0.0302267330234541,-0.0775971305355124,0.0310842203309424,0.0102333443643273,false_alarm,False,False,False,,,,ma20_episode_operational_window_v1,5,matched,True,True,False,all_a_medium_bottom_20190806,6
ma20_breadth_reversal_top::top::ma_period_breadth_decomposition_v1_20120104_20260814::000054,ma20_breadth_reversal_top,top,2019-09-19,2019-09-20,2,closed,2019,54,0.7397341211,-0.1870447391999999,0.7208271787,0.1882216904,0.04106351551,-0.03245287067,0.01713441654,1.1899,0.0406336095509798,-0.0131804647976391,0.1218243784048309,0.008841365945043,false_alarm,False,False,False,,,,ma20_episode_operational_window_v1,5,false_alarm,False,False,False,,
ma20_breadth_reversal_bottom::bottom::ma_period_breadth_decomposition_v1_20120104_20260814::000055,ma20_breadth_reversal_bottom,bottom,2019-10-10,2019-10-10,1,closed,2019,35,0.2509606858,0.079861395,0.4830032516,-0.2378239271,0.04315696128,0.05911440809,0.01625775939,0.9879,0.0181865828378786,-0.0339111465359752,0.0982575727981214,0.0093059514816629,false_alarm,False,False,False,,,,ma20_episode_operational_window_v1,5,false_alarm,False,False,False,,
ma20_breadth_reversal_bottom::bottom::ma_period_breadth_decomposition_v1_20120104_20260814::000056,ma20_breadth_reversal_bottom,bottom,2019-11-20,2019-11-21,2,closed,2019,29,0.2925531915,0.0851063829999999,0.2718676123,-0.0928173921,0.02245862884,0.14893617024,0.01211583924,0.8899,-0.0062507851972464,-0.0399999780424396,0.0356847087361391,0.0087356066183562,false_alarm,False,False,False,,,,ma20_episode_operational_window_v1,5,false_alarm,False,False,False,,
ma20_breadth_reversal_top::top::ma_period_breadth_decomposition_v1_20120104_20260814::000055,ma20_breadth_reversal_top,top,2019-12-24,2019-12-27,4,closed,2019,63,0.7884559885,-0.1485746296,0.5812409812,0.2519546324,0.03116883117,-0.0632852416199999,0.01356421356,1.1022,0.0259549804793113,-0.016363180895442,0.0592237772056003,0.0074509284283126,false_alarm,False,False,False,,,,ma20_episode_operational_window_v1,5,duplicate_alarm,False,False,False,all_a_medium_top_20200114,-14
ma20_breadth_reversal_top::top::ma_period_breadth_decomposition_v1_20120104_20260814::000056,ma20_breadth_reversal_top,top,2020-01-15,2020-01-15,1,closed,2020,15,0.7604166667,-0.0573187464,0.8929398148,0.1664811203999999,0.08478009259,-0.06051164631,0.009548611111,1.4752,0.0674710519984886,-0.0101075548838091,0.1200669224429276,0.008515751904043,matched,True,True,True,all_a_medium_top_20200114,core_lobe,1,ma20_episode_operational_window_v1,5,matched,True,True,True,all_a_medium_top_20200114,1
ma20_breadth_reversal_bottom::bottom::ma_period_breadth_decomposition_v1_20120104_20260814::000057,ma20_breadth_reversal_bottom,bottom,2020-02-10,2020-02-13,4,closed,2020,51,0.2510822511,0.1688074243099999,0.3685425685,-0.4577580095,0.07128427128,0.60563761998,0.04386724387,2.0413,0.0098869536513759,-0.0569533543953254,0.1060416929006033,0.0224094454457972,matched,True,True,False,all_a_medium_bottom_20200204,operational_window,4,ma20_episode_operational_window_v1,5,matched,True,False,False,all_a_medium_bottom_20200204,4
ma20_breadth_reversal_top::top::ma_period_breadth_decomposition_v1_20120104_20260814::000057,ma20_breadth_reversal_top,top,2020-03-03,2020-03-04,2,closed,2020,28,0.7268264511,-0.0599594692999999,0.5804215998,0.0555948099999999,0.09269419578,-0.03627291332,0.05515449033,2.6807,0.0451328117101372,-0.0207013675658654,0.1714770268654186,0.0170065828404755,matched,True,True,True,all_a_medium_top_20200305,core_lobe,-2,ma20_episode_operational_window_v1,5,matched,True,True,True,all_a_medium_top_20200305,-2
ma20_breadth_reversal_bottom::bottom::ma_period_breadth_decomposition_v1_20120104_20260814::000058,ma20_breadth_reversal_bottom,bottom,2020-03-25,2020-03-26,2,closed,2020,32,0.2238935493,0.1080857901999999,0.2950535146,-0.2869540063999999,0.02256291582,0.03761792451,0.03731559155,1.8411,-0.0504368741343799,-0.1085017037684474,0.0718475373305369,0.0236656085497514,matched,True,True,False,all_a_medium_bottom_20200324,operational_window,1,ma20_episode_operational_window_v1,5,matched,True,True,False,all_a_medium_bottom_20200324,1
ma20_breadth_reversal_top::top::ma_period_breadth_decomposition_v1_20120104_20260814::000058,ma20_breadth_reversal_top,top,2020-07-20,2020-07-22,3,closed,2020,93,0.8118374558,-0.1805087319999999,0.9467020024,0.0008196495,0.08510011779,-0.29670735941,0.05123674912,2.4431,0.1391144854590555,-0.0445455667704153,0.2646112971286061,0.0199299613155703,false_alarm,False,False,False,,,,ma20_episode_operational_window_v1,5,false_alarm,False,False,False,,
ma20_breadth_reversal_bottom::bottom::ma_period_breadth_decomposition_v1_20120104_20260814::000059,ma20_breadth_reversal_bottom,bottom,2020-09-17,2020-09-17,1,closed,2020,120,0.2397643594,0.1121486800999999,0.3776141384,-0.3347791498,-0.02827687776,0.06485604296,0.00706921944,1.2147,-0.0119042598278275,-0.0578707584293342,0.1243729781484819,0.0113586665215261,false_alarm,False,False,False,,,,ma20_episode_operational_window_v1,5,false_alarm,False,False,False,,
ma20_breadth_reversal_top::top::ma_period_breadth_decomposition_v1_20120104_20260814::000059,ma20_breadth_reversal_top,top,2021-03-08,2021-03-08,1,closed,2021,153,0.7393617021,-0.0574477018,0.4129339306,0.0806262382999999,0.008118701008,-0.0184696001419999,0.01287793953,1.42705,-0.0390017921282747,-0.0984730073368485,0.0221335824102073,0.0150832547561534,false_alarm,False,False,False,,,,ma20_episode_operational_window_v1,5,matched,True,False,False,all_a_medium_top_20210218,12
ma20_breadth_reversal_bottom::bottom::ma_period_breadth_decomposition_v1_20120104_20260814::000060,ma20_breadth_reversal_bottom,bottom,2021-10-13,2021-10-14,2,closed,2021,252,0.2502665245,0.0915151904999999,0.3710021322,-0.1745978677999999,-0.01652452026,0.12568465794,-0.002930988542,1.0997,-0.0096615880578998,-0.048403859020232,0.0657044075398221,0.009593226434073,false_alarm,False,False,False,,,,ma20_episode_operational_window_v1,5,false_alarm,False,False,False,,
ma20_breadth_reversal_top::top::ma_period_breadth_decomposition_v1_20120104_20260814::000060,ma20_breadth_reversal_top,top,2021-11-26,2021-11-26,1,closed,2021,177,0.7278784648,-0.0582733328,0.5603838976,0.1262505642999999,0.04425486537,0.0125553448599999,0.0170575693,1.5181,0.0135894804691922,-0.0230035055210799,0.0462326624907485,0.0065459790739565,false_alarm,False,False,False,,,,ma20_episode_operational_window_v1,5,duplicate_alarm,False,False,False,all_a_medium_top_20211213,-11
ma20_breadth_reversal_top::top::ma_period_breadth_decomposition_v1_20120104_20260814::000061,ma20_breadth_reversal_top,top,2021-12-01,2021-12-01,1,closed,2021,3,0.7611940299,-0.05628532,0.6390295921,0.1262364150999999,0.05358571048,-0.00131834069,0.02265458422,1.7194,0.0175935299136655,-0.0179269582843885,0.0516689660616602,0.0059748507301094,false_alarm,False,False,False,,,,ma20_episode_operational_window_v1,5,matched,True,False,False,all_a_medium_top_20211213,-8
ma20_breadth_reversal_bottom::bottom::ma_period_breadth_decomposition_v1_20120104_20260814::000061,ma20_breadth_reversal_bottom,bottom,2022-02-08,2022-02-09,2,closed,2022,78,0.2082620386,0.1015823224,0.3079931557,-0.3171902184,-0.05842092398,0.16643838602,0.01735516989,1.4304,-0.0592118856762217,-0.0960504780693902,0.0225227777149819,0.0113389499184048,false_alarm,False,False,False,,,,ma20_episode_operational_window_v1,5,false_alarm,False,False,False,,
ma20_breadth_reversal_bottom::bottom::ma_period_breadth_decomposition_v1_20120104_20260814::000062,ma20_breadth_reversal_bottom,bottom,2022-02-11,2022-02-15,3,closed,2022,3,0.2605083089,0.1896209952799999,0.2905669599,-0.1748280022,-0.0481427175,0.216095855,0.01221896383,1.4388,-0.0605158316077423,-0.0991639161776186,0.0190009423630805,0.0117806330409791,false_alarm,False,False,False,,,,ma20_episode_operational_window_v1,5,false_alarm,False,False,False,,
ma20_breadth_reversal_bottom::bottom::ma_period_breadth_decomposition_v1_20120104_20260814::000063,ma20_breadth_reversal_bottom,bottom,2022-03-24,2022-03-25,2,closed,2022,29,0.2925518926,0.1225054718999999,0.2476190476,0.024092513,0.009523809524,-0.007578560376,0.0188034188,1.3639,-0.0681764405816262,-0.136817271955535,0.0823512158526071,0.0188994209425503,false_alarm,False,False,False,,,,ma20_episode_operational_window_v1,5,false_alarm,False,False,False,,
ma20_breadth_reversal_bottom::bottom::ma_period_breadth_decomposition_v1_20120104_20260814::000064,ma20_breadth_reversal_bottom,bottom,2022-05-05,2022-05-09,3,closed,2022,25,0.1807825656,0.1313091392,0.1144130758,-0.0815262587999999,0.007429420505,0.6914852618049999,0.04210004953,1.6186,-0.0956768846738068,-0.1652785845039153,0.0871241119614407,0.0212915190980384,matched,True,True,False,all_a_medium_bottom_20220427,operational_window,3,ma20_episode_operational_window_v1,5,matched,True,False,False,all_a_medium_bottom_20220427,3
ma20_breadth_reversal_top::top::ma_period_breadth_decomposition_v1_20120104_20260814::000062,ma20_breadth_reversal_top,top,2022-05-27,2022-05-30,2,closed,2022,116,0.7890431334,-0.0723086863999999,0.2825979177,0.1056177196999999,0.01784828954,0.00126002512,0.02627664849,1.3646,-0.0340405046955502,-0.1422335821391548,0.1146566129837924,0.0144443731106956,false_alarm,False,False,False,,,,ma20_episode_operational_window_v1,5,false_alarm,False,False,False,,
ma20_breadth_reversal_top::top::ma_period_breadth_decomposition_v1_20120104_20260814::000063,ma20_breadth_reversal_top,top,2022-06-10,2022-06-15,4,closed,2022,9,0.7647932657,-0.0709351783,0.5295865313,0.25494562,0.04283238425,0.01260443579,0.03020549641,1.5392,0.0364544437479468,-0.033717664853032,0.180765283150271,0.0111267765498961,false_alarm,False,False,False,,,,ma20_episode_operational_window_v1,5,duplicate_alarm,False,False,False,all_a_medium_top_20220705,-17
ma20_breadth_reversal_top::top::ma_period_breadth_decomposition_v1_20120104_20260814::000064,ma20_breadth_reversal_top,top,2022-07-04,2022-07-04,1,closed,2022,16,0.704588015,-0.0637788543999999,0.8073501873,0.1422437046999999,0.07279962547,-0.0526098270299999,0.02106741573,1.8131,0.0924790815524998,-0.0018377551637732,0.2509339635158638,0.0101936083507886,matched,True,True,True,all_a_medium_top_20220705,core_lobe,-1,ma20_episode_operational_window_v1,5,matched,True,True,True,all_a_medium_top_20220705,-1
ma20_breadth_reversal_bottom::bottom::ma_period_breadth_decomposition_v1_20120104_20260814::000065,ma20_breadth_reversal_bottom,bottom,2022-10-12,2022-10-13,2,closed,2022,107,0.154494382,0.0536756685,0.127340824,-0.0805637597,-0.1940543071,0.0503901373,0.02036516854,1.2062,-0.0776261991390568,-0.119994750599971,0.0381901883574582,0.0119958465371783,matched,True,True,True,all_a_medium_bottom_20221031,core_lobe,-13,ma20_episode_operational_window_v1,5,matched,True,True,True,all_a_medium_bottom_20221031,-13
ma20_breadth_reversal_top::top::ma_period_breadth_decomposition_v1_20120104_20260814::000065,ma20_breadth_reversal_top,top,2022-11-14,2022-11-14,1,closed,2022,89,0.7325526932,-0.1108461831999999,0.4908665105,0.2599531616,0.03840749415,0.0039973817899999,0.01896955504,1.7206,-0.0116226375553337,-0.0907116259444398,0.0772964349206353,0.0137781544931088,false_alarm,False,False,False,,,,ma20_episode_operational_window_v1,5,false_alarm,False,False,False,,
ma20_breadth_reversal_bottom::bottom::ma_period_breadth_decomposition_v1_20120104_20260814::000066,ma20_breadth_reversal_bottom,bottom,2022-12-30,2022-12-30,1,closed,2022,57,0.2078326658,0.0981552464,0.295282599,-0.2712209597,-0.01802403204,0.13258775886,0.01068090788,0.92265,-0.0041492838499529,-0.0475381986795759,0.0651539900720417,0.0072825486164218,false_alarm,False,False,False,,,,ma20_episode_operational_window_v1,5,false_alarm,False,False,False,,
ma20_breadth_reversal_top::top::ma_period_breadth_decomposition_v1_20120104_20260814::000066,ma20_breadth_reversal_top,top,2023-02-08,2023-02-09,2,closed,2023,56,0.8098842386,-0.0936577529,0.803205699,0.2943049424,0.08993766696,-0.01387164474,0.0106856634,1.3623,0.0384954563562314,-0.0204101637391902,0.0909667436775327,0.006415850632327,matched,True,True,True,all_a_medium_top_20230216,core_lobe,-6,ma20_episode_operational_window_v1,5,matched,True,True,True,all_a_medium_top_20230216,-6
ma20_breadth_reversal_bottom::bottom::ma_period_breadth_decomposition_v1_20120104_20260814::000067,ma20_breadth_reversal_bottom,bottom,2023-10-25,2023-10-25,1,closed,2023,195,0.2682663208,0.0542122667,0.2375702551,-0.0892031013,-0.01275399914,0.27697573056,0.01707738867,1.33835,-0.0580456224906709,-0.1180367046037748,0.0242479563130295,0.0088505732960744,false_alarm,False,False,False,,,,ma20_episode_operational_window_v1,5,false_alarm,False,False,False,,
ma20_breadth_reversal_top::top::ma_period_breadth_decomposition_v1_20120104_20260814::000067,ma20_breadth_reversal_top,top,2023-11-23,2023-11-23,1,closed,2023,194,0.7664864865,-0.0703453681,0.7003243243,0.1458024722999999,0.03675675676,-0.0162620703299999,0.008432432432,1.2405,0.0025627991999757,-0.0408559081362539,0.0686085189955481,0.0073996149473718,false_alarm,False,False,False,,,,ma20_episode_operational_window_v1,5,false_alarm,False,False,False,,
ma20_breadth_reversal_bottom::bottom::ma_period_breadth_decomposition_v1_20120104_20260814::000068,ma20_breadth_reversal_bottom,bottom,2023-12-15,2023-12-15,1,closed,2023,37,0.2557995029,0.0592589623999999,0.4523612262,-0.1699090441,-0.01657000829,0.0139164781999999,0.01118475559,1.1631,-0.0326641114513669,-0.0578664332519923,0.019715982065368,0.0067570148078878,false_alarm,False,False,False,,,,ma20_episode_operational_window_v1,5,false_alarm,False,False,False,,
ma20_breadth_reversal_bottom::bottom::ma_period_breadth_decomposition_v1_20120104_20260814::000069,ma20_breadth_reversal_bottom,bottom,2024-01-25,2024-01-29,3,closed,2024,28,0.1922120961,0.0606604077,0.1358740679,-0.1691404368999999,0.00869925435,0.60969366085,0.0229908865,1.77805,-0.0540364225347145,-0.1066985558176302,0.0615244791519096,0.014463856730646,false_alarm,False,False,False,,,,ma20_episode_operational_window_v1,5,duplicate_alarm,False,False,False,all_a_medium_bottom_20240205,-7
ma20_breadth_reversal_bottom::bottom::ma_period_breadth_decomposition_v1_20120104_20260814::000070,ma20_breadth_reversal_bottom,bottom,2024-02-07,2024-02-20,4,closed,2024,9,0.1659415786,0.10129176509,0.09426144603,0.00414336026,-0.1794074995,0.4996227532999999,-0.05966438782,2.9683,-0.0937716894086306,-0.1639611020831881,0.0923016262239402,0.0198540356269729,matched,True,True,False,all_a_medium_bottom_20240205,operational_window,2,ma20_episode_operational_window_v1,5,matched,True,False,False,all_a_medium_bottom_20240205,2
ma20_breadth_reversal_top::top::ma_period_breadth_decomposition_v1_20120104_20260814::000068,ma20_breadth_reversal_top,top,2024-03-05,2024-03-05,1,closed,2024,66,0.8439054726,-0.1121567035999999,0.2518656716,0.132744064,0.03047263682,0.01907367309,0.01347429519,1.7651,0.01806959974023,-0.0561424324559978,0.2021401910296041,0.019601002220877,false_alarm,False,False,False,,,,ma20_episode_operational_window_v1,5,false_alarm,False,False,False,,
ma20_breadth_reversal_top::top::ma_period_breadth_decomposition_v1_20120104_20260814::000069,ma20_breadth_reversal_top,top,2024-03-19,2024-03-19,1,closed,2024,10,0.889119171,-0.0536787564999999,0.5372020725,0.2853364008999999,0.04808290155,0.01761658031,0.01823834197,1.9325,0.0494670285256995,-0.0091756541888365,0.234285231502912,0.0118399346066315,false_alarm,False,False,False,,,,ma20_episode_operational_window_v1,5,false_alarm,False,False,False,,
ma20_breadth_reversal_top::top::ma_period_breadth_decomposition_v1_20120104_20260814::000070,ma20_breadth_reversal_top,top,2024-03-22,2024-03-22,1,closed,2024,3,0.7265754561,-0.1718490878,0.5250829187,0.2454394693,0.03150912106,0.00538971807,0.01637645108,1.93445,0.041333275329576,-0.0162336106614993,0.2257453358080581,0.0119677111767387,false_alarm,False,False,False,,,,ma20_episode_operational_window_v1,5,false_alarm,False,False,False,,
ma20_breadth_reversal_bottom::bottom::ma_period_breadth_decomposition_v1_20120104_20260814::000071,ma20_breadth_reversal_bottom,bottom,2024-04-23,2024-04-24,2,closed,2024,46,0.2136184347,0.0804786587,0.3159642931,-0.2260220224999999,0.003321569442,-0.003729446734,0.009341914054,1.5176,-0.002556547438427,-0.0583567273107725,0.1732611136165847,0.0132427222193248,false_alarm,False,False,False,,,,ma20_episode_operational_window_v1,5,false_alarm,False,False,False,,
ma20_breadth_reversal_top::top::ma_period_breadth_decomposition_v1_20120104_20260814::000071,ma20_breadth_reversal_top,top,2024-05-14,2024-05-14,1,closed,2024,32,0.7290132548,-0.1144869554999999,0.5996212918,0.20626719,0.07237534189,-0.0210196938699999,0.01199242584,1.494,0.0307616578522849,-0.0105521334609933,0.2213651014080147,0.0126272408458572,duplicate_candidate,False,False,False,all_a_medium_top_20240520,core_lobe,-4,ma20_episode_operational_window_v1,5,duplicate_alarm,False,False,False,all_a_medium_top_20240520,-4
ma20_breadth_reversal_top::top::ma_period_breadth_decomposition_v1_20120104_20260814::000072,ma20_breadth_reversal_top,top,2024-05-17,2024-05-17,1,closed,2024,3,0.7485798443,-0.0530608793,0.6101409636,0.0117803079,0.03197980223,-0.04584939424,0.01830422891,1.4972,0.0293894559026668,-0.0062498019247486,0.108521914429168,0.0107410552211508,matched,True,True,True,all_a_medium_top_20240520,core_lobe,-1,ma20_episode_operational_window_v1,5,matched,True,True,True,all_a_medium_top_20240520,-1
ma20_breadth_reversal_bottom::bottom::ma_period_breadth_decomposition_v1_20120104_20260814::000072,ma20_breadth_reversal_bottom,bottom,2024-06-14,2024-06-19,4,closed,2024,34,0.1867761634,0.09008351541,0.2352074121,-0.1387660559999999,-0.06127605812,0.28483727658,0.006738260686,1.2508,-0.0289452856540717,-0.0592879489521662,0.0156277821766424,0.007244752309965,false_alarm,False,False,False,,,,ma20_episode_operational_window_v1,5,false_alarm,False,False,False,,
ma20_breadth_reversal_bottom::bottom::ma_period_breadth_decomposition_v1_20120104_20260814::000073,ma20_breadth_reversal_bottom,bottom,2024-07-01,2024-07-01,1,closed,2024,11,0.2642092257,0.1571472533,0.1851317957,-0.0458274468,-0.1048187809,0.282251427,0.01009060956,1.2178,-0.0462269388290894,-0.085865840432753,0.0178038195414198,0.0081589384861852,false_alarm,False,False,False,,,,ma20_episode_operational_window_v1,5,false_alarm,False,False,False,,
ma20_breadth_reversal_bottom::bottom::ma_period_breadth_decomposition_v1_20120104_20260814::000074,ma20_breadth_reversal_bottom,bottom,2024-07-03,2024-07-03,1,closed,2024,2,0.285214168,0.1032088149,0.15815486,-0.0973000597,-0.06692751236,0.11569550594,0.01173805601,1.0534,-0.0525207628166151,-0.094305697044397,0.0084068199808959,0.0079747916594671,false_alarm,False,False,False,,,,ma20_episode_operational_window_v1,5,false_alarm,False,False,False,,
ma20_breadth_reversal_bottom::bottom::ma_period_breadth_decomposition_v1_20120104_20260814::000075,ma20_breadth_reversal_bottom,bottom,2024-07-15,2024-07-17,3,closed,2024,8,0.2715845869,0.1675037955,0.1613434989,-0.0237882967999999,-0.02719967031,0.30359175589,0.006799917577,1.0774,-0.0484208514948232,-0.0980317546651109,0.0308687495989476,0.0102288315035572,false_alarm,False,False,False,,,,ma20_episode_operational_window_v1,5,false_alarm,False,False,False,,
ma20_breadth_reversal_bottom::bottom::ma_period_breadth_decomposition_v1_20120104_20260814::000076,ma20_breadth_reversal_bottom,bottom,2024-08-29,2024-08-29,1,closed,2024,33,0.2804374742,0.1372856589999999,0.2309120924,-0.0538888975,-0.09533635988,0.1561075345199999,0.01196863392,1.1826,-0.0482935860005877,-0.1093127575121247,0.0104188094894484,0.0069092412862877,false_alarm,False,False,False,,,,ma20_episode_operational_window_v1,5,matched,True,False,False,all_a_medium_bottom_20240918,-12
ma20_breadth_reversal_top::top::ma_period_breadth_decomposition_v1_20120104_20260814::000073,ma20_breadth_reversal_top,top,2024-10-29,2024-10-31,3,closed,2024,109,0.8578228477,-0.1235859521,0.983236755,0.0169214005999999,0.1216887417,0.05682611001,0.04159768212,3.53375,0.1659984586065424,-0.0930108266600228,0.3067737968647179,0.0359994897007335,false_alarm,False,False,False,,,,ma20_episode_operational_window_v1,5,matched,True,False,False,all_a_medium_top_20241008,15
ma20_breadth_reversal_top::top::ma_period_breadth_decomposition_v1_20120104_20260814::000074,ma20_breadth_reversal_top,top,2024-11-14,2024-11-14,1,closed,2024,12,0.7145518526,-0.2216932312,0.978058373,0.0062098943999999,0.05361208859,-0.07079279651,0.008693852205,2.7503,0.153899957946662,-0.05770435018658,0.3576427373893489,0.0150770747974318,matched,True,True,True,all_a_medium_top_20241112,core_lobe,2,ma20_episode_operational_window_v1,5,matched,True,True,True,all_a_medium_top_20241112,2
ma20_breadth_reversal_bottom::bottom::ma_period_breadth_decomposition_v1_20120104_20260814::000077,ma20_breadth_reversal_bottom,bottom,2024-12-30,2024-12-30,1,closed,2024,80,0.2384334416,0.0545696669999999,0.4086850649,-0.4646941896,-0.0211038961,-0.03732120808,0.008928571429,1.88835,0.0050152924039696,-0.0747368636339127,0.0891309288784629,0.0090396939085758,false_alarm,False,False,False,,,,ma20_episode_operational_window_v1,5,duplicate_alarm,False,False,False,all_a_medium_bottom_20250113,-9
ma20_breadth_reversal_bottom::bottom::ma_period_breadth_decomposition_v1_20120104_20260814::000078,ma20_breadth_reversal_bottom,bottom,2025-01-14,2025-01-16,3,closed,2025,10,0.2331101643,0.13795901802,0.2045039562,-0.2041811087,0.00182592818,0.0683708663,0.03327246906,2.1,-0.0397167423288016,-0.1021488203383587,0.0456128880513331,0.0141681579326921,matched,True,True,True,all_a_medium_bottom_20250113,core_lobe,1,ma20_episode_operational_window_v1,5,matched,True,True,True,all_a_medium_bottom_20250113,1
ma20_breadth_reversal_top::top::ma_period_breadth_decomposition_v1_20120104_20260814::000075,ma20_breadth_reversal_top,top,2025-02-14,2025-02-17,2,closed,2025,59,0.8108272506,-0.0510668884999999,0.4446472019,0.2250608272,0.02676399027,-0.0064949835699999,0.0198702352,2.11515,0.0201323135551481,-0.0438481175874466,0.1004275119856117,0.0115133962355106,false_alarm,False,False,False,,,,ma20_episode_operational_window_v1,5,false_alarm,False,False,False,,
ma20_breadth_reversal_top::top::ma_period_breadth_decomposition_v1_20120104_20260814::000076,ma20_breadth_reversal_top,top,2025-02-19,2025-02-21,3,closed,2025,3,0.7342926632,-0.1566238007,0.4809485205,0.2444853283999999,0.02776651804,-0.0028498647699999,0.02451874367,2.1746,0.0238430796173436,-0.0402499559710741,0.1045686072530669,0.009073526729121,false_alarm,False,False,False,,,,ma20_episode_operational_window_v1,5,matched,True,False,False,all_a_medium_top_20250318,-19
ma20_breadth_reversal_bottom::bottom::ma_period_breadth_decomposition_v1_20120104_20260814::000079,ma20_breadth_reversal_bottom,bottom,2025-04-14,2025-04-18,5,closed,2025,57,0.21017294,0.16214689197,0.2781847782,-0.2868467708,0.02787952788,0.46976839418,0.02665310275,2.1923,-0.0342154792526641,-0.0847361456442779,0.0917634602229633,0.0220343353633448,matched,True,True,False,all_a_medium_bottom_20250409,operational_window,3,ma20_episode_operational_window_v1,5,matched,True,False,False,all_a_medium_bottom_20250409,3
ma20_breadth_reversal_top::top::ma_period_breadth_decomposition_v1_20120104_20260814::000077,ma20_breadth_reversal_top,top,2025-05-15,2025-05-19,3,closed,2025,57,0.737016346,-0.1243247135999999,0.4701013863,0.2056182747,0.03827850197,-0.0010508294299999,0.01303538175,1.7394,-0.0016744529606717,-0.0523424523994144,0.1304039576687063,0.0070257802110015,false_alarm,False,False,False,,,,ma20_episode_operational_window_v1,5,false_alarm,False,False,False,,
ma20_breadth_reversal_top::top::ma_period_breadth_decomposition_v1_20120104_20260814::000078,ma20_breadth_reversal_top,top,2025-05-21,2025-05-21,1,closed,2025,4,0.7644380046,-0.0594808864,0.5640654109,0.0949142721999999,0.06437590561,0.03084941554,0.01241978886,1.8532,0.0072378170571212,-0.0445820188484997,0.1396609142786025,0.0068696146354453,false_alarm,False,False,False,,,,ma20_episode_operational_window_v1,5,false_alarm,False,False,False,,
ma20_breadth_reversal_top::top::ma_period_breadth_decomposition_v1_20120104_20260814::000079,ma20_breadth_reversal_top,top,2025-07-15,2025-07-16,2,closed,2025,38,0.7169230769,-0.1136062624999999,0.8067692308,-0.013202063,0.07466666667,-0.03181671453,0.008,2.5508,0.0443812185531975,-0.007857516018131,0.0994995621634713,0.0065077352635634,false_alarm,False,False,False,,,,ma20_episode_operational_window_v1,5,false_alarm,False,False,False,,
ma20_breadth_reversal_top::top::ma_period_breadth_decomposition_v1_20120104_20260814::000080,ma20_breadth_reversal_top,top,2025-08-05,2025-08-05,1,closed,2025,15,0.7083333333,-0.0705147912999999,0.8659688013,-0.0274822354,0.1211001642,0.0042729455,0.01375205255,2.37495,0.0587273625699622,-0.0075616219847473,0.1073887176633765,0.0056881277352487,false_alarm,False,False,False,,,,ma20_episode_operational_window_v1,5,false_alarm,False,False,False,,
ma20_breadth_reversal_bottom::bottom::ma_period_breadth_decomposition_v1_20120104_20260814::000080,ma20_breadth_reversal_bottom,bottom,2025-12-03,2025-12-03,1,closed,2025,157,0.2916838205,0.078045584,0.3869905311,-0.0655176926,-0.0401399753,-0.0403459909572,0.01193906958,1.7969,-0.0131498924821387,-0.0430419445151771,0.0502504246033495,0.0101484137725056,false_alarm,False,False,False,,,,ma20_episode_operational_window_v1,5,false_alarm,False,False,False,,
ma20_breadth_reversal_top::top::ma_period_breadth_decomposition_v1_20120104_20260814::000081,ma20_breadth_reversal_top,top,2026-01-16,2026-01-21,4,closed,2026,110,0.7595296026,-0.1128108229,0.6899837794,0.2770988523,0.06285482563,-0.0581178187699999,0.008313057583,3.0778,0.0622377336810795,-0.0195608225648979,0.1241125127173012,0.0077839608467539,false_alarm,False,False,False,,,,ma20_episode_operational_window_v1,5,false_alarm,False,False,False,,
ma20_breadth_reversal_top::top::ma_period_breadth_decomposition_v1_20120104_20260814::000082,ma20_breadth_reversal_top,top,2026-01-26,2026-01-26,1,closed,2026,6,0.7326712606,-0.0837049048,0.7908390758,0.0532504232999999,0.1130928253,0.03850830969,0.01297122011,3.56025,0.0663306186154257,-0.0119627125556148,0.1363312263111571,0.0079985370332401,matched,True,True,True,all_a_medium_top_20260227,core_lobe,-18,ma20_episode_operational_window_v1,5,matched,True,True,True,all_a_medium_top_20260227,-18
ma20_breadth_reversal_bottom::bottom::ma_period_breadth_decomposition_v1_20120104_20260814::000081,ma20_breadth_reversal_bottom,bottom,2026-03-27,2026-04-02,5,closed,2026,74,0.1941570298,0.0537599470999999,0.249543518,-0.2601770166,-0.04483668087,0.2126592672299999,0.01785351998,1.8301,-0.0409055000423139,-0.0747135915923292,0.0403578327772002,0.0156350457933929,matched,True,True,True,all_a_medium_bottom_20260323,core_lobe,4,ma20_episode_operational_window_v1,5,matched,True,True,True,all_a_medium_bottom_20260323,4
ma20_breadth_reversal_bottom::bottom::ma_period_breadth_decomposition_v1_20120104_20260814::000082,ma20_breadth_reversal_bottom,bottom,2026-06-15,2026-06-15,1,closed,2026,52,0.2733046507,0.1378901376,0.2778119238,-0.0529016232999999,0.0049170252,0.4155020986,0.0356484327,2.4316,0.0214439380279118,-0.0507044502623126,0.1208068186955033,0.0146798488218847,false_alarm,False,False,False,,,,ma20_episode_operational_window_v1,5,false_alarm,False,False,False,,
ma20_breadth_reversal_bottom::bottom::ma_period_breadth_decomposition_v1_20120104_20260814::000083,ma20_breadth_reversal_bottom,bottom,2026-07-20,2026-07-20,1,closed,2026,24,0.2698770492,0.0801229508,0.1110655738,-0.1408819457,-0.4084016393,-0.1989754098,-0.04979508197,2.87765,-0.113212292443476,-0.1610376176614436,0.0179777735307766,0.01861410404228,matched,True,True,True,all_a_medium_bottom_20260721,core_lobe,-1,ma20_episode_operational_window_v1,5,matched,True,True,True,all_a_medium_bottom_20260721,-1
ma20_breadth_reversal_top::top::ma_period_breadth_decomposition_v1_20120104_20260814::000083,ma20_breadth_reversal_top,top,2026-08-14,2026-08-14,1,active,2026,133,0.8115644864,-0.0563871231999999,0.4258765635,0.2202173468,0.01906909986,0.00553619028,0.01127742465,1.8744,-0.0275745921037121,-0.0958844180525611,0.0872202777063968,0.0156092804527474,false_alarm,False,False,False,,,,ma20_episode_operational_window_v1,5,false_alarm,False,False,False,,
