candidate_episode_id,source_signal_id,direction,onset_date,source_last_active_date,source_active_days,source_episode_status,candidate_year,candidate_gap_trade_days,breadth_ma20,breadth_ma20_change_5d,breadth_ma60,breadth_ma60_change_10d,new_high_low_net_ratio_60,new_high_low_net_ratio_60_change_5d,limit_hit_net_ratio,turnover_ratio_pct_p50,index_close_to_ma60,index_drawdown_60d,index_rebound_60d,index_volatility_20d,operational_match_status,operational_primary_match,target_operational_match,target_operational_strict_match,operational_region_id,operational_match_level,operational_lead_lag_days,operational_label_version,operational_window_trade_days,legacy_match_status,target_legacy_window_20d_match,target_legacy_loose_match,target_legacy_strict_match,legacy_region_id,legacy_lead_lag_days,prediction_year,raw_probability,fold_id,test_year,model_id,version,pred_probability_episode_match,pred_score,probability_status,calibration_method,filter_status,filter_threshold_probability,final_alert
ma20_breadth_reversal_top::top::ma_period_breadth_decomposition_v1_20120104_20260814::000050,ma20_breadth_reversal_top,top,2019-03-08,2019-03-08,1,closed,2019,71,0.9102863822,-0.0777253137,0.9789535224,0.0891552178,0.2163110202,0.1080922428,-0.04208065459,3.7251,0.1439223304931736,-0.0492029413220218,0.2678683337630725,0.0185756583206212,false_alarm,False,False,False,,,,ma20_episode_operational_window_v1,5,duplicate_alarm,False,False,False,all_a_medium_top_20190408,-20.0,2019,0.33972238548043154,episode_wf_2019,2019,l2_logistic,all_a_ma20_episode_match_walk_forward_v1,0.20328631507975922,20.32863150797592,calibrated,sigmoid,selected,0.2816037633142249,False
ma20_breadth_reversal_top::top::ma_period_breadth_decomposition_v1_20120104_20260814::000051,ma20_breadth_reversal_top,top,2019-03-13,2019-03-14,2,closed,2019,3,0.9455822118,-0.0500254017,0.9918056775,0.0243093377999999,0.2475856014,-0.2612017448,0.01023990638,3.3198,0.1643589390802142,-0.0251409441811821,0.3041048097275454,0.0198018112726784,false_alarm,False,False,False,,,,ma20_episode_operational_window_v1,5,duplicate_alarm,False,False,False,all_a_medium_top_20190408,-17.0,2019,0.24991392006894572,episode_wf_2019,2019,l2_logistic,all_a_ma20_episode_match_walk_forward_v1,0.2407313964171608,24.07313964171608,calibrated,sigmoid,selected,0.2816037633142249,False
ma20_breadth_reversal_top::top::ma_period_breadth_decomposition_v1_20120104_20260814::000052,ma20_breadth_reversal_top,top,2019-03-25,2019-03-25,1,closed,2019,8,0.7609397944,-0.1816831564,0.9891304348,-0.0021027622,0.169212691,0.0192858974,0.03230543319,2.57305,0.1433110571342559,-0.0219364521523732,0.3199467414849744,0.0164045208314433,false_alarm,False,False,False,,,,ma20_episode_operational_window_v1,5,matched,True,False,False,all_a_medium_top_20190408,-9.0,2019,0.24387140856531478,episode_wf_2019,2019,l2_logistic,all_a_ma20_episode_match_walk_forward_v1,0.24371309274146036,24.371309274146036,calibrated,sigmoid,selected,0.2816037633142249,False
ma20_breadth_reversal_top::top::ma_period_breadth_decomposition_v1_20120104_20260814::000053,ma20_breadth_reversal_top,top,2019-07-04,2019-07-04,1,closed,2019,68,0.7155503098,-0.0791399556999999,0.3481853054,0.1350802286999999,0.007081735025,-0.012387291525,0.01121274712,1.1501,0.0004898889565312,-0.1009699078307901,0.0833215931225219,0.0134796525920098,matched,True,True,True,all_a_medium_top_20190702,core_lobe,2.0,ma20_episode_operational_window_v1,5,matched,True,True,True,all_a_medium_top_20190702,2.0,2019,0.26250579606694174,episode_wf_2019,2019,l2_logistic,all_a_ma20_episode_match_walk_forward_v1,0.23474535515880735,23.474535515880735,calibrated,sigmoid,selected,0.2816037633142249,False
ma20_breadth_reversal_top::top::ma_period_breadth_decomposition_v1_20120104_20260814::000054,ma20_breadth_reversal_top,top,2019-09-19,2019-09-20,2,closed,2019,54,0.7397341211,-0.1870447391999999,0.7208271787,0.1882216904,0.04106351551,-0.03245287067,0.01713441654,1.1899,0.0406336095509798,-0.0131804647976391,0.1218243784048309,0.008841365945043,false_alarm,False,False,False,,,,ma20_episode_operational_window_v1,5,false_alarm,False,False,False,,,2019,0.19358501843880857,episode_wf_2019,2019,l2_logistic,all_a_ma20_episode_match_walk_forward_v1,0.27193706778267696,27.193706778267696,calibrated,sigmoid,selected,0.2816037633142249,False
ma20_breadth_reversal_top::top::ma_period_breadth_decomposition_v1_20120104_20260814::000055,ma20_breadth_reversal_top,top,2019-12-24,2019-12-27,4,closed,2019,63,0.7884559885,-0.1485746296,0.5812409812,0.2519546324,0.03116883117,-0.0632852416199999,0.01356421356,1.1022,0.0259549804793113,-0.016363180895442,0.0592237772056003,0.0074509284283126,false_alarm,False,False,False,,,,ma20_episode_operational_window_v1,5,duplicate_alarm,False,False,False,all_a_medium_top_20200114,-14.0,2019,0.19666871252370818,episode_wf_2019,2019,l2_logistic,all_a_ma20_episode_match_walk_forward_v1,0.269998238831969,26.9998238831969,calibrated,sigmoid,selected,0.2816037633142249,False
ma20_breadth_reversal_bottom::bottom::ma_period_breadth_decomposition_v1_20120104_20260814::000050,ma20_breadth_reversal_bottom,bottom,2019-01-04,2019-01-04,1,closed,2019,46,0.2897578057,0.0828511623999999,0.3495768894,0.0315412272999999,-0.08491391888,-0.091937623884,0.03034724249,1.07295,-0.0292794024740323,-0.0845810249717793,0.0463839588686221,0.0105024592589624,matched,True,True,True,all_a_medium_bottom_20190104,core_lobe,0.0,ma20_episode_operational_window_v1,5,matched,True,True,True,all_a_medium_bottom_20190104,0.0,2019,0.1786746351312019,episode_wf_2019,2019,l2_logistic,all_a_ma20_episode_match_walk_forward_v1,0.1498841097384159,14.98841097384159,calibrated,sigmoid,selected,0.18019503681957164,False
ma20_breadth_reversal_bottom::bottom::ma_period_breadth_decomposition_v1_20120104_20260814::000051,ma20_breadth_reversal_bottom,bottom,2019-05-13,2019-05-13,1,closed,2019,82,0.1041169451,0.0617415347699999,0.2079355609,-0.7005669398000001,0.007756563246,0.077288046386,0.01551312649,1.279,-0.044782730654826,-0.1275919528310514,0.1133934956447888,0.0207273459800449,false_alarm,False,False,False,,,,ma20_episode_operational_window_v1,5,duplicate_alarm,False,False,False,all_a_medium_bottom_20190606,-18.0,2019,0.30154483897675294,episode_wf_2019,2019,l2_logistic,all_a_ma20_episode_match_walk_forward_v1,0.17248409946233118,17.248409946233117,calibrated,sigmoid,selected,0.18019503681957164,False
ma20_breadth_reversal_bottom::bottom::ma_period_breadth_decomposition_v1_20120104_20260814::000052,ma20_breadth_reversal_bottom,bottom,2019-05-15,2019-05-16,2,closed,2019,2,0.160405486,0.09686133326,0.2358378056,-0.3811834709999999,0.01610017889,0.06621951063,0.03548002385,1.3505,-0.0330271363141985,-0.1140342891016931,0.1216002441574262,0.021351471220071,false_alarm,False,False,False,,,,ma20_episode_operational_window_v1,5,duplicate_alarm,False,False,False,all_a_medium_bottom_20190606,-16.0,2019,0.2889797113960741,episode_wf_2019,2019,l2_logistic,all_a_ma20_episode_match_walk_forward_v1,0.17038910398139312,17.03891039813931,calibrated,sigmoid,selected,0.18019503681957164,False
ma20_breadth_reversal_bottom::bottom::ma_period_breadth_decomposition_v1_20120104_20260814::000053,ma20_breadth_reversal_bottom,bottom,2019-05-21,2019-05-22,2,closed,2019,4,0.2,0.0971070683,0.1877794337,-0.0046430007,0.001788375559,0.0155074331189999,0.02384500745,1.247,-0.0520857703379652,-0.1277006525658445,0.0802356518914464,0.0216258153976865,false_alarm,False,False,False,,,,ma20_episode_operational_window_v1,5,matched,True,False,False,all_a_medium_bottom_20190606,-12.0,2019,0.27192884770296033,episode_wf_2019,2019,l2_logistic,all_a_ma20_episode_match_walk_forward_v1,0.16749134926346054,16.749134926346056,calibrated,sigmoid,selected,0.18019503681957164,False
ma20_breadth_reversal_bottom::bottom::ma_period_breadth_decomposition_v1_20120104_20260814::000054,ma20_breadth_reversal_bottom,bottom,2019-08-14,2019-08-16,3,closed,2019,60,0.2047801711,0.0813270184999999,0.2027146651,-0.1674592223,0.02921215698,0.06751504443,0.01711419298,0.8386,-0.0302267330234541,-0.0775971305355124,0.0310842203309424,0.0102333443643273,false_alarm,False,False,False,,,,ma20_episode_operational_window_v1,5,matched,True,True,False,all_a_medium_bottom_20190806,6.0,2019,0.18574369852383155,episode_wf_2019,2019,l2_logistic,all_a_ma20_episode_match_walk_forward_v1,0.15136651189636643,15.136651189636643,calibrated,sigmoid,selected,0.18019503681957164,False
ma20_breadth_reversal_bottom::bottom::ma_period_breadth_decomposition_v1_20120104_20260814::000055,ma20_breadth_reversal_bottom,bottom,2019-10-10,2019-10-10,1,closed,2019,35,0.2509606858,0.079861395,0.4830032516,-0.2378239271,0.04315696128,0.05911440809,0.01625775939,0.9879,0.0181865828378786,-0.0339111465359752,0.0982575727981214,0.0093059514816629,false_alarm,False,False,False,,,,ma20_episode_operational_window_v1,5,false_alarm,False,False,False,,,2019,0.1480792604172469,episode_wf_2019,2019,l2_logistic,all_a_ma20_episode_match_walk_forward_v1,0.14303459330169097,14.303459330169096,calibrated,sigmoid,selected,0.18019503681957164,False
ma20_breadth_reversal_bottom::bottom::ma_period_breadth_decomposition_v1_20120104_20260814::000056,ma20_breadth_reversal_bottom,bottom,2019-11-20,2019-11-21,2,closed,2019,29,0.2925531915,0.0851063829999999,0.2718676123,-0.0928173921,0.02245862884,0.14893617024,0.01211583924,0.8899,-0.0062507851972464,-0.0399999780424396,0.0356847087361391,0.0087356066183562,false_alarm,False,False,False,,,,ma20_episode_operational_window_v1,5,false_alarm,False,False,False,,,2019,0.147042264050919,episode_wf_2019,2019,l2_logistic,all_a_ma20_episode_match_walk_forward_v1,0.14278798144355345,14.278798144355346,calibrated,sigmoid,selected,0.18019503681957164,False
ma20_breadth_reversal_top::top::ma_period_breadth_decomposition_v1_20120104_20260814::000056,ma20_breadth_reversal_top,top,2020-01-15,2020-01-15,1,closed,2020,15,0.7604166667,-0.0573187464,0.8929398148,0.1664811203999999,0.08478009259,-0.06051164631,0.009548611111,1.4752,0.0674710519984886,-0.0101075548838091,0.1200669224429276,0.008515751904043,matched,True,True,True,all_a_medium_top_20200114,core_lobe,1.0,ma20_episode_operational_window_v1,5,matched,True,True,True,all_a_medium_top_20200114,1.0,2020,0.17133763275146724,episode_wf_2020,2020,l2_logistic,all_a_ma20_episode_match_walk_forward_v1,0.27655670098909607,27.655670098909606,calibrated,sigmoid,selected,0.2712452773875739,True
ma20_breadth_reversal_top::top::ma_period_breadth_decomposition_v1_20120104_20260814::000057,ma20_breadth_reversal_top,top,2020-03-03,2020-03-04,2,closed,2020,28,0.7268264511,-0.0599594692999999,0.5804215998,0.0555948099999999,0.09269419578,-0.03627291332,0.05515449033,2.6807,0.0451328117101372,-0.0207013675658654,0.1714770268654186,0.0170065828404755,matched,True,True,True,all_a_medium_top_20200305,core_lobe,-2.0,ma20_episode_operational_window_v1,5,matched,True,True,True,all_a_medium_top_20200305,-2.0,2020,0.33248846061343007,episode_wf_2020,2020,l2_logistic,all_a_ma20_episode_match_walk_forward_v1,0.19664366286155605,19.664366286155605,calibrated,sigmoid,selected,0.2712452773875739,False
ma20_breadth_reversal_top::top::ma_period_breadth_decomposition_v1_20120104_20260814::000058,ma20_breadth_reversal_top,top,2020-07-20,2020-07-22,3,closed,2020,93,0.8118374558,-0.1805087319999999,0.9467020024,0.0008196495,0.08510011779,-0.29670735941,0.05123674912,2.4431,0.1391144854590555,-0.0445455667704153,0.2646112971286061,0.0199299613155703,false_alarm,False,False,False,,,,ma20_episode_operational_window_v1,5,false_alarm,False,False,False,,,2020,0.2248470860233935,episode_wf_2020,2020,l2_logistic,all_a_ma20_episode_match_walk_forward_v1,0.24356058596495622,24.35605859649562,calibrated,sigmoid,selected,0.2712452773875739,False
ma20_breadth_reversal_bottom::bottom::ma_period_breadth_decomposition_v1_20120104_20260814::000057,ma20_breadth_reversal_bottom,bottom,2020-02-10,2020-02-13,4,closed,2020,51,0.2510822511,0.1688074243099999,0.3685425685,-0.4577580095,0.07128427128,0.60563761998,0.04386724387,2.0413,0.0098869536513759,-0.0569533543953254,0.1060416929006033,0.0224094454457972,matched,True,True,False,all_a_medium_bottom_20200204,operational_window,4.0,ma20_episode_operational_window_v1,5,matched,True,False,False,all_a_medium_bottom_20200204,4.0,2020,0.2347239537207019,episode_wf_2020,2020,l2_logistic,all_a_ma20_episode_match_walk_forward_v1,0.16324354800966503,16.324354800966503,calibrated,sigmoid,passthrough_no_feasible_threshold,0.0,True
ma20_breadth_reversal_bottom::bottom::ma_period_breadth_decomposition_v1_20120104_20260814::000058,ma20_breadth_reversal_bottom,bottom,2020-03-25,2020-03-26,2,closed,2020,32,0.2238935493,0.1080857901999999,0.2950535146,-0.2869540063999999,0.02256291582,0.03761792451,0.03731559155,1.8411,-0.0504368741343799,-0.1085017037684474,0.0718475373305369,0.0236656085497514,matched,True,True,False,all_a_medium_bottom_20200324,operational_window,1.0,ma20_episode_operational_window_v1,5,matched,True,True,False,all_a_medium_bottom_20200324,1.0,2020,0.22278575295421138,episode_wf_2020,2020,l2_logistic,all_a_ma20_episode_match_walk_forward_v1,0.16184573379479433,16.184573379479435,calibrated,sigmoid,passthrough_no_feasible_threshold,0.0,True
ma20_breadth_reversal_bottom::bottom::ma_period_breadth_decomposition_v1_20120104_20260814::000059,ma20_breadth_reversal_bottom,bottom,2020-09-17,2020-09-17,1,closed,2020,120,0.2397643594,0.1121486800999999,0.3776141384,-0.3347791498,-0.02827687776,0.06485604296,0.00706921944,1.2147,-0.0119042598278275,-0.0578707584293342,0.1243729781484819,0.0113586665215261,false_alarm,False,False,False,,,,ma20_episode_operational_window_v1,5,false_alarm,False,False,False,,,2020,0.1969730045673329,episode_wf_2020,2020,l2_logistic,all_a_ma20_episode_match_walk_forward_v1,0.15866430121760833,15.866430121760832,calibrated,sigmoid,passthrough_no_feasible_threshold,0.0,True
ma20_breadth_reversal_top::top::ma_period_breadth_decomposition_v1_20120104_20260814::000059,ma20_breadth_reversal_top,top,2021-03-08,2021-03-08,1,closed,2021,153,0.7393617021,-0.0574477018,0.4129339306,0.0806262382999999,0.008118701008,-0.0184696001419999,0.01287793953,1.42705,-0.0390017921282747,-0.0984730073368485,0.0221335824102073,0.0150832547561534,false_alarm,False,False,False,,,,ma20_episode_operational_window_v1,5,matched,True,False,False,all_a_medium_top_20210218,12.0,2021,0.4595662527278424,episode_wf_2021,2021,l2_logistic,all_a_ma20_episode_match_walk_forward_v1,0.25093969489110074,25.093969489110073,calibrated,sigmoid,selected,0.31005639733207724,False
ma20_breadth_reversal_top::top::ma_period_breadth_decomposition_v1_20120104_20260814::000060,ma20_breadth_reversal_top,top,2021-11-26,2021-11-26,1,closed,2021,177,0.7278784648,-0.0582733328,0.5603838976,0.1262505642999999,0.04425486537,0.0125553448599999,0.0170575693,1.5181,0.0135894804691922,-0.0230035055210799,0.0462326624907485,0.0065459790739565,false_alarm,False,False,False,,,,ma20_episode_operational_window_v1,5,duplicate_alarm,False,False,False,all_a_medium_top_20211213,-11.0,2021,0.3876760815123622,episode_wf_2021,2021,l2_logistic,all_a_ma20_episode_match_walk_forward_v1,0.2630929374931471,26.309293749314712,calibrated,sigmoid,selected,0.31005639733207724,False
ma20_breadth_reversal_top::top::ma_period_breadth_decomposition_v1_20120104_20260814::000061,ma20_breadth_reversal_top,top,2021-12-01,2021-12-01,1,closed,2021,3,0.7611940299,-0.05628532,0.6390295921,0.1262364150999999,0.05358571048,-0.00131834069,0.02265458422,1.7194,0.0175935299136655,-0.0179269582843885,0.0516689660616602,0.0059748507301094,false_alarm,False,False,False,,,,ma20_episode_operational_window_v1,5,matched,True,False,False,all_a_medium_top_20211213,-8.0,2021,0.27656779935345144,episode_wf_2021,2021,l2_logistic,all_a_ma20_episode_match_walk_forward_v1,0.2847322626214605,28.47322626214605,calibrated,sigmoid,selected,0.31005639733207724,False
ma20_breadth_reversal_bottom::bottom::ma_period_breadth_decomposition_v1_20120104_20260814::000060,ma20_breadth_reversal_bottom,bottom,2021-10-13,2021-10-14,2,closed,2021,252,0.2502665245,0.0915151904999999,0.3710021322,-0.1745978677999999,-0.01652452026,0.12568465794,-0.002930988542,1.0997,-0.0096615880578998,-0.048403859020232,0.0657044075398221,0.009593226434073,false_alarm,False,False,False,,,,ma20_episode_operational_window_v1,5,false_alarm,False,False,False,,,2021,0.23867236158088942,episode_wf_2021,2021,l2_logistic,all_a_ma20_episode_match_walk_forward_v1,0.21551130366874782,21.551130366874784,calibrated,sigmoid,selected,0.21281325557763062,True
ma20_breadth_reversal_top::top::ma_period_breadth_decomposition_v1_20120104_20260814::000062,ma20_breadth_reversal_top,top,2022-05-27,2022-05-30,2,closed,2022,116,0.7890431334,-0.0723086863999999,0.2825979177,0.1056177196999999,0.01784828954,0.00126002512,0.02627664849,1.3646,-0.0340405046955502,-0.1422335821391548,0.1146566129837924,0.0144443731106956,false_alarm,False,False,False,,,,ma20_episode_operational_window_v1,5,false_alarm,False,False,False,,,2022,0.3536162305860395,episode_wf_2022,2022,l2_logistic,all_a_ma20_episode_match_walk_forward_v1,0.19830960789667829,19.830960789667827,calibrated,sigmoid,selected,0.29220282123980273,False
ma20_breadth_reversal_top::top::ma_period_breadth_decomposition_v1_20120104_20260814::000063,ma20_breadth_reversal_top,top,2022-06-10,2022-06-15,4,closed,2022,9,0.7647932657,-0.0709351783,0.5295865313,0.25494562,0.04283238425,0.01260443579,0.03020549641,1.5392,0.0364544437479468,-0.033717664853032,0.180765283150271,0.0111267765498961,false_alarm,False,False,False,,,,ma20_episode_operational_window_v1,5,duplicate_alarm,False,False,False,all_a_medium_top_20220705,-17.0,2022,0.282666051137566,episode_wf_2022,2022,l2_logistic,all_a_ma20_episode_match_walk_forward_v1,0.2289411172505558,22.89411172505558,calibrated,sigmoid,selected,0.29220282123980273,False
ma20_breadth_reversal_top::top::ma_period_breadth_decomposition_v1_20120104_20260814::000064,ma20_breadth_reversal_top,top,2022-07-04,2022-07-04,1,closed,2022,16,0.704588015,-0.0637788543999999,0.8073501873,0.1422437046999999,0.07279962547,-0.0526098270299999,0.02106741573,1.8131,0.0924790815524998,-0.0018377551637732,0.2509339635158638,0.0101936083507886,matched,True,True,True,all_a_medium_top_20220705,core_lobe,-1.0,ma20_episode_operational_window_v1,5,matched,True,True,True,all_a_medium_top_20220705,-1.0,2022,0.23464085733467724,episode_wf_2022,2022,l2_logistic,all_a_ma20_episode_match_walk_forward_v1,0.25452850424036066,25.452850424036065,calibrated,sigmoid,selected,0.29220282123980273,False
ma20_breadth_reversal_top::top::ma_period_breadth_decomposition_v1_20120104_20260814::000065,ma20_breadth_reversal_top,top,2022-11-14,2022-11-14,1,closed,2022,89,0.7325526932,-0.1108461831999999,0.4908665105,0.2599531616,0.03840749415,0.0039973817899999,0.01896955504,1.7206,-0.0116226375553337,-0.0907116259444398,0.0772964349206353,0.0137781544931088,false_alarm,False,False,False,,,,ma20_episode_operational_window_v1,5,false_alarm,False,False,False,,,2022,0.3062853082263243,episode_wf_2022,2022,l2_logistic,all_a_ma20_episode_match_walk_forward_v1,0.21795996183170038,21.79599618317004,calibrated,sigmoid,selected,0.29220282123980273,False
ma20_breadth_reversal_bottom::bottom::ma_period_breadth_decomposition_v1_20120104_20260814::000061,ma20_breadth_reversal_bottom,bottom,2022-02-08,2022-02-09,2,closed,2022,78,0.2082620386,0.1015823224,0.3079931557,-0.3171902184,-0.05842092398,0.16643838602,0.01735516989,1.4304,-0.0592118856762217,-0.0960504780693902,0.0225227777149819,0.0113389499184048,false_alarm,False,False,False,,,,ma20_episode_operational_window_v1,5,false_alarm,False,False,False,,,2022,0.2574733406350458,episode_wf_2022,2022,l2_logistic,all_a_ma20_episode_match_walk_forward_v1,0.20739063456656293,20.739063456656293,calibrated,sigmoid,selected,0.2066445356855956,True
ma20_breadth_reversal_bottom::bottom::ma_period_breadth_decomposition_v1_20120104_20260814::000062,ma20_breadth_reversal_bottom,bottom,2022-02-11,2022-02-15,3,closed,2022,3,0.2605083089,0.1896209952799999,0.2905669599,-0.1748280022,-0.0481427175,0.216095855,0.01221896383,1.4388,-0.0605158316077423,-0.0991639161776186,0.0190009423630805,0.0117806330409791,false_alarm,False,False,False,,,,ma20_episode_operational_window_v1,5,false_alarm,False,False,False,,,2022,0.32775084177290553,episode_wf_2022,2022,l2_logistic,all_a_ma20_episode_match_walk_forward_v1,0.20363936433417476,20.363936433417475,calibrated,sigmoid,selected,0.2066445356855956,False
ma20_breadth_reversal_bottom::bottom::ma_period_breadth_decomposition_v1_20120104_20260814::000063,ma20_breadth_reversal_bottom,bottom,2022-03-24,2022-03-25,2,closed,2022,29,0.2925518926,0.1225054718999999,0.2476190476,0.024092513,0.009523809524,-0.007578560376,0.0188034188,1.3639,-0.0681764405816262,-0.136817271955535,0.0823512158526071,0.0188994209425503,false_alarm,False,False,False,,,,ma20_episode_operational_window_v1,5,false_alarm,False,False,False,,,2022,0.2683231703892456,episode_wf_2022,2022,l2_logistic,all_a_ma20_episode_match_walk_forward_v1,0.2067707302718654,20.67707302718654,calibrated,sigmoid,selected,0.2066445356855956,True
ma20_breadth_reversal_bottom::bottom::ma_period_breadth_decomposition_v1_20120104_20260814::000064,ma20_breadth_reversal_bottom,bottom,2022-05-05,2022-05-09,3,closed,2022,25,0.1807825656,0.1313091392,0.1144130758,-0.0815262587999999,0.007429420505,0.6914852618049999,0.04210004953,1.6186,-0.0956768846738068,-0.1652785845039153,0.0871241119614407,0.0212915190980384,matched,True,True,False,all_a_medium_bottom_20220427,operational_window,3.0,ma20_episode_operational_window_v1,5,matched,True,False,False,all_a_medium_bottom_20220427,3.0,2022,0.45128818646846963,episode_wf_2022,2022,l2_logistic,all_a_ma20_episode_match_walk_forward_v1,0.1979816723406778,19.79816723406778,calibrated,sigmoid,selected,0.2066445356855956,False
ma20_breadth_reversal_bottom::bottom::ma_period_breadth_decomposition_v1_20120104_20260814::000065,ma20_breadth_reversal_bottom,bottom,2022-10-12,2022-10-13,2,closed,2022,107,0.154494382,0.0536756685,0.127340824,-0.0805637597,-0.1940543071,0.0503901373,0.02036516854,1.2062,-0.0776261991390568,-0.119994750599971,0.0381901883574582,0.0119958465371783,matched,True,True,True,all_a_medium_bottom_20221031,core_lobe,-13.0,ma20_episode_operational_window_v1,5,matched,True,True,True,all_a_medium_bottom_20221031,-13.0,2022,0.2827605471549506,episode_wf_2022,2022,l2_logistic,all_a_ma20_episode_match_walk_forward_v1,0.20597194381624018,20.597194381624018,calibrated,sigmoid,selected,0.2066445356855956,False
ma20_breadth_reversal_bottom::bottom::ma_period_breadth_decomposition_v1_20120104_20260814::000066,ma20_breadth_reversal_bottom,bottom,2022-12-30,2022-12-30,1,closed,2022,57,0.2078326658,0.0981552464,0.295282599,-0.2712209597,-0.01802403204,0.13258775886,0.01068090788,0.92265,-0.0041492838499529,-0.0475381986795759,0.0651539900720417,0.0072825486164218,false_alarm,False,False,False,,,,ma20_episode_operational_window_v1,5,false_alarm,False,False,False,,,2022,0.18836310297525174,episode_wf_2022,2022,l2_logistic,all_a_ma20_episode_match_walk_forward_v1,0.21187606769237935,21.187606769237934,calibrated,sigmoid,selected,0.2066445356855956,True
ma20_breadth_reversal_top::top::ma_period_breadth_decomposition_v1_20120104_20260814::000066,ma20_breadth_reversal_top,top,2023-02-08,2023-02-09,2,closed,2023,56,0.8098842386,-0.0936577529,0.803205699,0.2943049424,0.08993766696,-0.01387164474,0.0106856634,1.3623,0.0384954563562314,-0.0204101637391902,0.0909667436775327,0.006415850632327,matched,True,True,True,all_a_medium_top_20230216,core_lobe,-6.0,ma20_episode_operational_window_v1,5,matched,True,True,True,all_a_medium_top_20230216,-6.0,2023,0.1948647368682103,episode_wf_2023,2023,l2_logistic,all_a_ma20_episode_match_walk_forward_v1,0.28708578962420317,28.70857896242032,calibrated,sigmoid,selected,0.30196594377561126,False
ma20_breadth_reversal_top::top::ma_period_breadth_decomposition_v1_20120104_20260814::000067,ma20_breadth_reversal_top,top,2023-11-23,2023-11-23,1,closed,2023,194,0.7664864865,-0.0703453681,0.7003243243,0.1458024722999999,0.03675675676,-0.0162620703299999,0.008432432432,1.2405,0.0025627991999757,-0.0408559081362539,0.0686085189955481,0.0073996149473718,false_alarm,False,False,False,,,,ma20_episode_operational_window_v1,5,false_alarm,False,False,False,,,2023,0.23487581780394093,episode_wf_2023,2023,l2_logistic,all_a_ma20_episode_match_walk_forward_v1,0.25501224285538765,25.501224285538765,calibrated,sigmoid,selected,0.30196594377561126,False
ma20_breadth_reversal_bottom::bottom::ma_period_breadth_decomposition_v1_20120104_20260814::000067,ma20_breadth_reversal_bottom,bottom,2023-10-25,2023-10-25,1,closed,2023,195,0.2682663208,0.0542122667,0.2375702551,-0.0892031013,-0.01275399914,0.27697573056,0.01707738867,1.33835,-0.0580456224906709,-0.1180367046037748,0.0242479563130295,0.0088505732960744,false_alarm,False,False,False,,,,ma20_episode_operational_window_v1,5,false_alarm,False,False,False,,,2023,0.22851947164382935,episode_wf_2023,2023,l2_logistic,all_a_ma20_episode_match_walk_forward_v1,0.2180290003193502,21.80290003193502,calibrated,sigmoid,selected,0.21069832140395717,True
ma20_breadth_reversal_bottom::bottom::ma_period_breadth_decomposition_v1_20120104_20260814::000068,ma20_breadth_reversal_bottom,bottom,2023-12-15,2023-12-15,1,closed,2023,37,0.2557995029,0.0592589623999999,0.4523612262,-0.1699090441,-0.01657000829,0.0139164781999999,0.01118475559,1.1631,-0.0326641114513669,-0.0578664332519923,0.019715982065368,0.0067570148078878,false_alarm,False,False,False,,,,ma20_episode_operational_window_v1,5,false_alarm,False,False,False,,,2023,0.14575318338006976,episode_wf_2023,2023,l2_logistic,all_a_ma20_episode_match_walk_forward_v1,0.2050564805433186,20.50564805433186,calibrated,sigmoid,selected,0.21069832140395717,False
ma20_breadth_reversal_top::top::ma_period_breadth_decomposition_v1_20120104_20260814::000068,ma20_breadth_reversal_top,top,2024-03-05,2024-03-05,1,closed,2024,66,0.8439054726,-0.1121567035999999,0.2518656716,0.132744064,0.03047263682,0.01907367309,0.01347429519,1.7651,0.01806959974023,-0.0561424324559978,0.2021401910296041,0.019601002220877,false_alarm,False,False,False,,,,ma20_episode_operational_window_v1,5,false_alarm,False,False,False,,,2024,0.303430867808835,episode_wf_2024,2024,l2_logistic,all_a_ma20_episode_match_walk_forward_v1,0.21983518752689138,21.98351875268914,calibrated,sigmoid,selected,0.30380721761176377,False
ma20_breadth_reversal_top::top::ma_period_breadth_decomposition_v1_20120104_20260814::000069,ma20_breadth_reversal_top,top,2024-03-19,2024-03-19,1,closed,2024,10,0.889119171,-0.0536787564999999,0.5372020725,0.2853364008999999,0.04808290155,0.01761658031,0.01823834197,1.9325,0.0494670285256995,-0.0091756541888365,0.234285231502912,0.0118399346066315,false_alarm,False,False,False,,,,ma20_episode_operational_window_v1,5,false_alarm,False,False,False,,,2024,0.29322963039856453,episode_wf_2024,2024,l2_logistic,all_a_ma20_episode_match_walk_forward_v1,0.22611938136161538,22.611938136161537,calibrated,sigmoid,selected,0.30380721761176377,False
ma20_breadth_reversal_top::top::ma_period_breadth_decomposition_v1_20120104_20260814::000070,ma20_breadth_reversal_top,top,2024-03-22,2024-03-22,1,closed,2024,3,0.7265754561,-0.1718490878,0.5250829187,0.2454394693,0.03150912106,0.00538971807,0.01637645108,1.93445,0.041333275329576,-0.0162336106614993,0.2257453358080581,0.0119677111767387,false_alarm,False,False,False,,,,ma20_episode_operational_window_v1,5,false_alarm,False,False,False,,,2024,0.2537329427767521,episode_wf_2024,2024,l2_logistic,all_a_ma20_episode_match_walk_forward_v1,0.2530882149475757,25.308821494757574,calibrated,sigmoid,selected,0.30380721761176377,False
ma20_breadth_reversal_top::top::ma_period_breadth_decomposition_v1_20120104_20260814::000071,ma20_breadth_reversal_top,top,2024-05-14,2024-05-14,1,closed,2024,32,0.7290132548,-0.1144869554999999,0.5996212918,0.20626719,0.07237534189,-0.0210196938699999,0.01199242584,1.494,0.0307616578522849,-0.0105521334609933,0.2213651014080147,0.0126272408458572,duplicate_candidate,False,False,False,all_a_medium_top_20240520,core_lobe,-4.0,ma20_episode_operational_window_v1,5,duplicate_alarm,False,False,False,all_a_medium_top_20240520,-4.0,2024,0.28528490991814537,episode_wf_2024,2024,l2_logistic,all_a_ma20_episode_match_walk_forward_v1,0.2311921168140338,23.119211681403378,calibrated,sigmoid,selected,0.30380721761176377,False
ma20_breadth_reversal_top::top::ma_period_breadth_decomposition_v1_20120104_20260814::000072,ma20_breadth_reversal_top,top,2024-05-17,2024-05-17,1,closed,2024,3,0.7485798443,-0.0530608793,0.6101409636,0.0117803079,0.03197980223,-0.04584939424,0.01830422891,1.4972,0.0293894559026668,-0.0062498019247486,0.108521914429168,0.0107410552211508,matched,True,True,True,all_a_medium_top_20240520,core_lobe,-1.0,ma20_episode_operational_window_v1,5,matched,True,True,True,all_a_medium_top_20240520,-1.0,2024,0.27438584379881026,episode_wf_2024,2024,l2_logistic,all_a_ma20_episode_match_walk_forward_v1,0.23842442100108185,23.842442100108187,calibrated,sigmoid,selected,0.30380721761176377,False
ma20_breadth_reversal_top::top::ma_period_breadth_decomposition_v1_20120104_20260814::000073,ma20_breadth_reversal_top,top,2024-10-29,2024-10-31,3,closed,2024,109,0.8578228477,-0.1235859521,0.983236755,0.0169214005999999,0.1216887417,0.05682611001,0.04159768212,3.53375,0.1659984586065424,-0.0930108266600228,0.3067737968647179,0.0359994897007335,false_alarm,False,False,False,,,,ma20_episode_operational_window_v1,5,matched,True,False,False,all_a_medium_top_20241008,15.0,2024,0.31112896746154656,episode_wf_2024,2024,l2_logistic,all_a_ma20_episode_match_walk_forward_v1,0.21525348715285175,21.525348715285176,calibrated,sigmoid,selected,0.30380721761176377,False
ma20_breadth_reversal_top::top::ma_period_breadth_decomposition_v1_20120104_20260814::000074,ma20_breadth_reversal_top,top,2024-11-14,2024-11-14,1,closed,2024,12,0.7145518526,-0.2216932312,0.978058373,0.0062098943999999,0.05361208859,-0.07079279651,0.008693852205,2.7503,0.153899957946662,-0.05770435018658,0.3576427373893489,0.0150770747974318,matched,True,True,True,all_a_medium_top_20241112,core_lobe,2.0,ma20_episode_operational_window_v1,5,matched,True,True,True,all_a_medium_top_20241112,2.0,2024,0.15199379701767407,episode_wf_2024,2024,l2_logistic,all_a_ma20_episode_match_walk_forward_v1,0.35304065652608163,35.304065652608166,calibrated,sigmoid,selected,0.30380721761176377,True
ma20_breadth_reversal_bottom::bottom::ma_period_breadth_decomposition_v1_20120104_20260814::000069,ma20_breadth_reversal_bottom,bottom,2024-01-25,2024-01-29,3,closed,2024,28,0.1922120961,0.0606604077,0.1358740679,-0.1691404368999999,0.00869925435,0.60969366085,0.0229908865,1.77805,-0.0540364225347145,-0.1066985558176302,0.0615244791519096,0.014463856730646,false_alarm,False,False,False,,,,ma20_episode_operational_window_v1,5,duplicate_alarm,False,False,False,all_a_medium_bottom_20240205,-7.0,2024,0.36060493041136193,episode_wf_2024,2024,l2_logistic,all_a_ma20_episode_match_walk_forward_v1,0.22833831731978627,22.833831731978627,calibrated,sigmoid,selected,0.19282796811696631,True
ma20_breadth_reversal_bottom::bottom::ma_period_breadth_decomposition_v1_20120104_20260814::000070,ma20_breadth_reversal_bottom,bottom,2024-02-07,2024-02-20,4,closed,2024,9,0.1659415786,0.10129176509,0.09426144603,0.00414336026,-0.1794074995,0.4996227532999999,-0.05966438782,2.9683,-0.0937716894086306,-0.1639611020831881,0.0923016262239402,0.0198540356269729,matched,True,True,False,all_a_medium_bottom_20240205,operational_window,2.0,ma20_episode_operational_window_v1,5,matched,True,False,False,all_a_medium_bottom_20240205,2.0,2024,0.6663358246103339,episode_wf_2024,2024,l2_logistic,all_a_ma20_episode_match_walk_forward_v1,0.2821848811013989,28.218488110139887,calibrated,sigmoid,selected,0.19282796811696631,True
ma20_breadth_reversal_bottom::bottom::ma_period_breadth_decomposition_v1_20120104_20260814::000071,ma20_breadth_reversal_bottom,bottom,2024-04-23,2024-04-24,2,closed,2024,46,0.2136184347,0.0804786587,0.3159642931,-0.2260220224999999,0.003321569442,-0.003729446734,0.009341914054,1.5176,-0.002556547438427,-0.0583567273107725,0.1732611136165847,0.0132427222193248,false_alarm,False,False,False,,,,ma20_episode_operational_window_v1,5,false_alarm,False,False,False,,,2024,0.23669518461073413,episode_wf_2024,2024,l2_logistic,all_a_ma20_episode_match_walk_forward_v1,0.20552708350345095,20.552708350345096,calibrated,sigmoid,selected,0.19282796811696631,True
ma20_breadth_reversal_bottom::bottom::ma_period_breadth_decomposition_v1_20120104_20260814::000072,ma20_breadth_reversal_bottom,bottom,2024-06-14,2024-06-19,4,closed,2024,34,0.1867761634,0.09008351541,0.2352074121,-0.1387660559999999,-0.06127605812,0.28483727658,0.006738260686,1.2508,-0.0289452856540717,-0.0592879489521662,0.0156277821766424,0.007244752309965,false_alarm,False,False,False,,,,ma20_episode_operational_window_v1,5,false_alarm,False,False,False,,,2024,0.2489238844037576,episode_wf_2024,2024,l2_logistic,all_a_ma20_episode_match_walk_forward_v1,0.20797826624722832,20.79782662472283,calibrated,sigmoid,selected,0.19282796811696631,True
ma20_breadth_reversal_bottom::bottom::ma_period_breadth_decomposition_v1_20120104_20260814::000073,ma20_breadth_reversal_bottom,bottom,2024-07-01,2024-07-01,1,closed,2024,11,0.2642092257,0.1571472533,0.1851317957,-0.0458274468,-0.1048187809,0.282251427,0.01009060956,1.2178,-0.0462269388290894,-0.085865840432753,0.0178038195414198,0.0081589384861852,false_alarm,False,False,False,,,,ma20_episode_operational_window_v1,5,false_alarm,False,False,False,,,2024,0.2901369773142306,episode_wf_2024,2024,l2_logistic,all_a_ma20_episode_match_walk_forward_v1,0.21584335020449744,21.584335020449743,calibrated,sigmoid,selected,0.19282796811696631,True
ma20_breadth_reversal_bottom::bottom::ma_period_breadth_decomposition_v1_20120104_20260814::000074,ma20_breadth_reversal_bottom,bottom,2024-07-03,2024-07-03,1,closed,2024,2,0.285214168,0.1032088149,0.15815486,-0.0973000597,-0.06692751236,0.11569550594,0.01173805601,1.0534,-0.0525207628166151,-0.094305697044397,0.0084068199808959,0.0079747916594671,false_alarm,False,False,False,,,,ma20_episode_operational_window_v1,5,false_alarm,False,False,False,,,2024,0.19175157701894413,episode_wf_2024,2024,l2_logistic,all_a_ma20_episode_match_walk_forward_v1,0.1958773107129749,19.58773107129749,calibrated,sigmoid,selected,0.19282796811696631,True
ma20_breadth_reversal_bottom::bottom::ma_period_breadth_decomposition_v1_20120104_20260814::000075,ma20_breadth_reversal_bottom,bottom,2024-07-15,2024-07-17,3,closed,2024,8,0.2715845869,0.1675037955,0.1613434989,-0.0237882967999999,-0.02719967031,0.30359175589,0.006799917577,1.0774,-0.0484208514948232,-0.0980317546651109,0.0308687495989476,0.0102288315035572,false_alarm,False,False,False,,,,ma20_episode_operational_window_v1,5,false_alarm,False,False,False,,,2024,0.2568780906292357,episode_wf_2024,2024,l2_logistic,all_a_ma20_episode_match_walk_forward_v1,0.20954065037582806,20.954065037582804,calibrated,sigmoid,selected,0.19282796811696631,True
ma20_breadth_reversal_bottom::bottom::ma_period_breadth_decomposition_v1_20120104_20260814::000076,ma20_breadth_reversal_bottom,bottom,2024-08-29,2024-08-29,1,closed,2024,33,0.2804374742,0.1372856589999999,0.2309120924,-0.0538888975,-0.09533635988,0.1561075345199999,0.01196863392,1.1826,-0.0482935860005877,-0.1093127575121247,0.0104188094894484,0.0069092412862877,false_alarm,False,False,False,,,,ma20_episode_operational_window_v1,5,matched,True,False,False,all_a_medium_bottom_20240918,-12.0,2024,0.22941179391532068,episode_wf_2024,2024,l2_logistic,all_a_ma20_episode_match_walk_forward_v1,0.20403615972205502,20.4036159722055,calibrated,sigmoid,selected,0.19282796811696631,True
ma20_breadth_reversal_bottom::bottom::ma_period_breadth_decomposition_v1_20120104_20260814::000077,ma20_breadth_reversal_bottom,bottom,2024-12-30,2024-12-30,1,closed,2024,80,0.2384334416,0.0545696669999999,0.4086850649,-0.4646941896,-0.0211038961,-0.03732120808,0.008928571429,1.88835,0.0050152924039696,-0.0747368636339127,0.0891309288784629,0.0090396939085758,false_alarm,False,False,False,,,,ma20_episode_operational_window_v1,5,duplicate_alarm,False,False,False,all_a_medium_bottom_20250113,-9.0,2024,0.1728359374049586,episode_wf_2024,2024,l2_logistic,all_a_ma20_episode_match_walk_forward_v1,0.19142240527520366,19.142240527520364,calibrated,sigmoid,selected,0.19282796811696631,False
ma20_breadth_reversal_top::top::ma_period_breadth_decomposition_v1_20120104_20260814::000075,ma20_breadth_reversal_top,top,2025-02-14,2025-02-17,2,closed,2025,59,0.8108272506,-0.0510668884999999,0.4446472019,0.2250608272,0.02676399027,-0.0064949835699999,0.0198702352,2.11515,0.0201323135551481,-0.0438481175874466,0.1004275119856117,0.0115133962355106,false_alarm,False,False,False,,,,ma20_episode_operational_window_v1,5,false_alarm,False,False,False,,,2025,0.27700791412553044,episode_wf_2025,2025,l2_logistic,all_a_ma20_episode_match_walk_forward_v1,0.23014961566778663,23.014961566778663,calibrated,sigmoid,selected,0.3186411675882713,False
ma20_breadth_reversal_top::top::ma_period_breadth_decomposition_v1_20120104_20260814::000076,ma20_breadth_reversal_top,top,2025-02-19,2025-02-21,3,closed,2025,3,0.7342926632,-0.1566238007,0.4809485205,0.2444853283999999,0.02776651804,-0.0028498647699999,0.02451874367,2.1746,0.0238430796173436,-0.0402499559710741,0.1045686072530669,0.009073526729121,false_alarm,False,False,False,,,,ma20_episode_operational_window_v1,5,matched,True,False,False,all_a_medium_top_20250318,-19.0,2025,0.256977125343942,episode_wf_2025,2025,l2_logistic,all_a_ma20_episode_match_walk_forward_v1,0.2482936632100724,24.82936632100724,calibrated,sigmoid,selected,0.3186411675882713,False
ma20_breadth_reversal_top::top::ma_period_breadth_decomposition_v1_20120104_20260814::000077,ma20_breadth_reversal_top,top,2025-05-15,2025-05-19,3,closed,2025,57,0.737016346,-0.1243247135999999,0.4701013863,0.2056182747,0.03827850197,-0.0010508294299999,0.01303538175,1.7394,-0.0016744529606717,-0.0523424523994144,0.1304039576687063,0.0070257802110015,false_alarm,False,False,False,,,,ma20_episode_operational_window_v1,5,false_alarm,False,False,False,,,2025,0.2546456024024589,episode_wf_2025,2025,l2_logistic,all_a_ma20_episode_match_walk_forward_v1,0.2505269561510183,25.05269561510183,calibrated,sigmoid,selected,0.3186411675882713,False
ma20_breadth_reversal_top::top::ma_period_breadth_decomposition_v1_20120104_20260814::000078,ma20_breadth_reversal_top,top,2025-05-21,2025-05-21,1,closed,2025,4,0.7644380046,-0.0594808864,0.5640654109,0.0949142721999999,0.06437590561,0.03084941554,0.01241978886,1.8532,0.0072378170571212,-0.0445820188484997,0.1396609142786025,0.0068696146354453,false_alarm,False,False,False,,,,ma20_episode_operational_window_v1,5,false_alarm,False,False,False,,,2025,0.2919123707823968,episode_wf_2025,2025,l2_logistic,all_a_ma20_episode_match_walk_forward_v1,0.21775357196648856,21.775357196648855,calibrated,sigmoid,selected,0.3186411675882713,False
ma20_breadth_reversal_top::top::ma_period_breadth_decomposition_v1_20120104_20260814::000079,ma20_breadth_reversal_top,top,2025-07-15,2025-07-16,2,closed,2025,38,0.7169230769,-0.1136062624999999,0.8067692308,-0.013202063,0.07466666667,-0.03181671453,0.008,2.5508,0.0443812185531975,-0.007857516018131,0.0994995621634713,0.0065077352635634,false_alarm,False,False,False,,,,ma20_episode_operational_window_v1,5,false_alarm,False,False,False,,,2025,0.2735672604459454,episode_wf_2025,2025,l2_logistic,all_a_ma20_episode_match_walk_forward_v1,0.23313956832396643,23.31395683239664,calibrated,sigmoid,selected,0.3186411675882713,False
ma20_breadth_reversal_top::top::ma_period_breadth_decomposition_v1_20120104_20260814::000080,ma20_breadth_reversal_top,top,2025-08-05,2025-08-05,1,closed,2025,15,0.7083333333,-0.0705147912999999,0.8659688013,-0.0274822354,0.1211001642,0.0042729455,0.01375205255,2.37495,0.0587273625699622,-0.0075616219847473,0.1073887176633765,0.0056881277352487,false_alarm,False,False,False,,,,ma20_episode_operational_window_v1,5,false_alarm,False,False,False,,,2025,0.30635361970281705,episode_wf_2025,2025,l2_logistic,all_a_ma20_episode_match_walk_forward_v1,0.20653957210999302,20.6539572109993,calibrated,sigmoid,selected,0.3186411675882713,False
ma20_breadth_reversal_bottom::bottom::ma_period_breadth_decomposition_v1_20120104_20260814::000078,ma20_breadth_reversal_bottom,bottom,2025-01-14,2025-01-16,3,closed,2025,10,0.2331101643,0.13795901802,0.2045039562,-0.2041811087,0.00182592818,0.0683708663,0.03327246906,2.1,-0.0397167423288016,-0.1021488203383587,0.0456128880513331,0.0141681579326921,matched,True,True,True,all_a_medium_bottom_20250113,core_lobe,1.0,ma20_episode_operational_window_v1,5,matched,True,True,True,all_a_medium_bottom_20250113,1.0,2025,0.24149249272854284,episode_wf_2025,2025,l2_logistic,all_a_ma20_episode_match_walk_forward_v1,0.1662071434328855,16.62071434328855,calibrated,sigmoid,selected,0.17633262337436179,False
ma20_breadth_reversal_bottom::bottom::ma_period_breadth_decomposition_v1_20120104_20260814::000079,ma20_breadth_reversal_bottom,bottom,2025-04-14,2025-04-18,5,closed,2025,57,0.21017294,0.16214689197,0.2781847782,-0.2868467708,0.02787952788,0.46976839418,0.02665310275,2.1923,-0.0342154792526641,-0.0847361456442779,0.0917634602229633,0.0220343353633448,matched,True,True,False,all_a_medium_bottom_20250409,operational_window,3.0,ma20_episode_operational_window_v1,5,matched,True,False,False,all_a_medium_bottom_20250409,3.0,2025,0.39706911048374405,episode_wf_2025,2025,l2_logistic,all_a_ma20_episode_match_walk_forward_v1,0.25198620667016125,25.198620667016126,calibrated,sigmoid,selected,0.17633262337436179,True
ma20_breadth_reversal_bottom::bottom::ma_period_breadth_decomposition_v1_20120104_20260814::000080,ma20_breadth_reversal_bottom,bottom,2025-12-03,2025-12-03,1,closed,2025,157,0.2916838205,0.078045584,0.3869905311,-0.0655176926,-0.0401399753,-0.0403459909572,0.01193906958,1.7969,-0.0131498924821387,-0.0430419445151771,0.0502504246033495,0.0101484137725056,false_alarm,False,False,False,,,,ma20_episode_operational_window_v1,5,false_alarm,False,False,False,,,2025,0.17720501859223078,episode_wf_2025,2025,l2_logistic,all_a_ma20_episode_match_walk_forward_v1,0.130682717508999,13.068271750899902,calibrated,sigmoid,selected,0.17633262337436179,False
ma20_breadth_reversal_top::top::ma_period_breadth_decomposition_v1_20120104_20260814::000081,ma20_breadth_reversal_top,top,2026-01-16,2026-01-21,4,closed,2026,110,0.7595296026,-0.1128108229,0.6899837794,0.2770988523,0.06285482563,-0.0581178187699999,0.008313057583,3.0778,0.0622377336810795,-0.0195608225648979,0.1241125127173012,0.0077839608467539,false_alarm,False,False,False,,,,ma20_episode_operational_window_v1,5,false_alarm,False,False,False,,,2026,0.21777663143201467,episode_wf_2026,2026,l2_logistic,all_a_ma20_episode_match_walk_forward_v1,0.25816118245042224,25.816118245042226,calibrated,sigmoid,selected,0.29035570763886154,False
ma20_breadth_reversal_top::top::ma_period_breadth_decomposition_v1_20120104_20260814::000082,ma20_breadth_reversal_top,top,2026-01-26,2026-01-26,1,closed,2026,6,0.7326712606,-0.0837049048,0.7908390758,0.0532504232999999,0.1130928253,0.03850830969,0.01297122011,3.56025,0.0663306186154257,-0.0119627125556148,0.1363312263111571,0.0079985370332401,matched,True,True,True,all_a_medium_top_20260227,core_lobe,-18.0,ma20_episode_operational_window_v1,5,matched,True,True,True,all_a_medium_top_20260227,-18.0,2026,0.26304399330839967,episode_wf_2026,2026,l2_logistic,all_a_ma20_episode_match_walk_forward_v1,0.20705135380891576,20.705135380891576,calibrated,sigmoid,selected,0.29035570763886154,False
ma20_breadth_reversal_top::top::ma_period_breadth_decomposition_v1_20120104_20260814::000083,ma20_breadth_reversal_top,top,2026-08-14,2026-08-14,1,active,2026,133,0.8115644864,-0.0563871231999999,0.4258765635,0.2202173468,0.01906909986,0.00553619028,0.01127742465,1.8744,-0.0275745921037121,-0.0958844180525611,0.0872202777063968,0.0156092804527474,false_alarm,False,False,False,,,,ma20_episode_operational_window_v1,5,false_alarm,False,False,False,,,2026,0.25416795840070894,episode_wf_2026,2026,l2_logistic,all_a_ma20_episode_match_walk_forward_v1,0.21597687819353703,21.597687819353702,calibrated,sigmoid,selected,0.29035570763886154,False
ma20_breadth_reversal_bottom::bottom::ma_period_breadth_decomposition_v1_20120104_20260814::000081,ma20_breadth_reversal_bottom,bottom,2026-03-27,2026-04-02,5,closed,2026,74,0.1941570298,0.0537599470999999,0.249543518,-0.2601770166,-0.04483668087,0.2126592672299999,0.01785351998,1.8301,-0.0409055000423139,-0.0747135915923292,0.0403578327772002,0.0156350457933929,matched,True,True,True,all_a_medium_bottom_20260323,core_lobe,4.0,ma20_episode_operational_window_v1,5,matched,True,True,True,all_a_medium_bottom_20260323,4.0,2026,0.283459077911846,episode_wf_2026,2026,l2_logistic,all_a_ma20_episode_match_walk_forward_v1,0.21027493515053453,21.027493515053454,calibrated,sigmoid,selected,0.171580573080006,True
ma20_breadth_reversal_bottom::bottom::ma_period_breadth_decomposition_v1_20120104_20260814::000082,ma20_breadth_reversal_bottom,bottom,2026-06-15,2026-06-15,1,closed,2026,52,0.2733046507,0.1378901376,0.2778119238,-0.0529016232999999,0.0049170252,0.4155020986,0.0356484327,2.4316,0.0214439380279118,-0.0507044502623126,0.1208068186955033,0.0146798488218847,false_alarm,False,False,False,,,,ma20_episode_operational_window_v1,5,false_alarm,False,False,False,,,2026,0.42223616312109313,episode_wf_2026,2026,l2_logistic,all_a_ma20_episode_match_walk_forward_v1,0.3005534434515721,30.05534434515721,calibrated,sigmoid,selected,0.171580573080006,True
ma20_breadth_reversal_bottom::bottom::ma_period_breadth_decomposition_v1_20120104_20260814::000083,ma20_breadth_reversal_bottom,bottom,2026-07-20,2026-07-20,1,closed,2026,24,0.2698770492,0.0801229508,0.1110655738,-0.1408819457,-0.4084016393,-0.1989754098,-0.04979508197,2.87765,-0.113212292443476,-0.1610376176614436,0.0179777735307766,0.01861410404228,matched,True,True,True,all_a_medium_bottom_20260721,core_lobe,-1.0,ma20_episode_operational_window_v1,5,matched,True,True,True,all_a_medium_bottom_20260721,-1.0,2026,0.5919076713306095,episode_wf_2026,2026,l2_logistic,all_a_ma20_episode_match_walk_forward_v1,0.42307674975544585,42.307674975544586,calibrated,sigmoid,selected,0.171580573080006,True
