fold_id,model_id,direction,horizon_trade_days,train_rows,train_positives,validation_rows,validation_positives,model_fit_status,calibration_status
wf_2019,simple_rule,top,5,1316,233,223,35,fixed_rule,sigmoid
wf_2019,simple_rule,top,10,1316,304,223,46,fixed_rule,sigmoid
wf_2019,simple_rule,top,20,1316,410,223,66,fixed_rule,sigmoid
wf_2019,simple_rule,bottom,5,1316,203,223,14,fixed_rule,sigmoid
wf_2019,simple_rule,bottom,10,1316,281,223,24,fixed_rule,sigmoid
wf_2019,simple_rule,bottom,20,1316,395,223,48,fixed_rule,sigmoid
wf_2019,elastic_net,top,5,1316,233,223,35,fitted,sigmoid
wf_2019,elastic_net,top,10,1316,304,223,46,fitted,sigmoid
wf_2019,elastic_net,top,20,1316,410,223,66,fitted,sigmoid
wf_2019,elastic_net,bottom,5,1316,203,223,14,fitted,sigmoid
wf_2019,elastic_net,bottom,10,1316,281,223,24,fitted,sigmoid
wf_2019,elastic_net,bottom,20,1316,395,223,48,fitted,sigmoid
wf_2019,shallow_xgboost,top,5,1316,233,223,35,fitted,sigmoid
wf_2019,shallow_xgboost,top,10,1316,304,223,46,fitted,sigmoid
wf_2019,shallow_xgboost,top,20,1316,410,223,66,fitted,sigmoid
wf_2019,shallow_xgboost,bottom,5,1316,203,223,14,fitted,sigmoid
wf_2019,shallow_xgboost,bottom,10,1316,281,223,24,fitted,sigmoid
wf_2019,shallow_xgboost,bottom,20,1316,395,223,48,fitted,sigmoid
wf_2020,simple_rule,top,5,1559,268,224,36,fixed_rule,sigmoid
wf_2020,simple_rule,top,10,1559,350,224,46,fixed_rule,sigmoid
wf_2020,simple_rule,top,20,1559,476,224,66,fixed_rule,sigmoid
wf_2020,simple_rule,bottom,5,1559,217,224,33,fixed_rule,sigmoid
wf_2020,simple_rule,bottom,10,1559,305,224,43,fixed_rule,sigmoid
wf_2020,simple_rule,bottom,20,1559,443,224,63,fixed_rule,sigmoid
wf_2020,elastic_net,top,5,1559,268,224,36,fitted,sigmoid
wf_2020,elastic_net,top,10,1559,350,224,46,fitted,sigmoid
wf_2020,elastic_net,top,20,1559,476,224,66,fitted,sigmoid
wf_2020,elastic_net,bottom,5,1559,217,224,33,fitted,sigmoid
wf_2020,elastic_net,bottom,10,1559,305,224,43,fitted,sigmoid
wf_2020,elastic_net,bottom,20,1559,443,224,63,fitted,sigmoid
wf_2020,shallow_xgboost,top,5,1559,268,224,36,fitted,sigmoid
wf_2020,shallow_xgboost,top,10,1559,350,224,46,fitted,sigmoid
wf_2020,shallow_xgboost,top,20,1559,476,224,66,fitted,sigmoid
wf_2020,shallow_xgboost,bottom,5,1559,217,224,33,fitted,sigmoid
wf_2020,shallow_xgboost,bottom,10,1559,305,224,43,fitted,sigmoid
wf_2020,shallow_xgboost,bottom,20,1559,443,224,63,fitted,sigmoid
wf_2021,simple_rule,top,5,1803,307,223,29,fixed_rule,sigmoid
wf_2021,simple_rule,top,10,1803,399,223,34,fixed_rule,sigmoid
wf_2021,simple_rule,top,20,1803,545,223,41,fixed_rule,sigmoid
wf_2021,simple_rule,bottom,5,1803,259,223,25,fixed_rule,sigmoid
wf_2021,simple_rule,bottom,10,1803,362,223,35,fixed_rule,sigmoid
wf_2021,simple_rule,bottom,20,1803,526,223,51,fixed_rule,sigmoid
wf_2021,elastic_net,top,5,1803,307,223,29,fitted,sigmoid
wf_2021,elastic_net,top,10,1803,399,223,34,fitted,sigmoid
wf_2021,elastic_net,top,20,1803,545,223,41,fitted,sigmoid
wf_2021,elastic_net,bottom,5,1803,259,223,25,fitted,sigmoid
wf_2021,elastic_net,bottom,10,1803,362,223,35,fitted,sigmoid
wf_2021,elastic_net,bottom,20,1803,526,223,51,fitted,sigmoid
wf_2021,shallow_xgboost,top,5,1803,307,223,29,fitted,sigmoid
wf_2021,shallow_xgboost,top,10,1803,399,223,34,fitted,sigmoid
wf_2021,shallow_xgboost,top,20,1803,545,223,41,fitted,sigmoid
wf_2021,shallow_xgboost,bottom,5,1803,259,223,25,fitted,sigmoid
wf_2021,shallow_xgboost,bottom,10,1803,362,223,35,fitted,sigmoid
wf_2021,shallow_xgboost,bottom,20,1803,526,223,51,fitted,sigmoid
wf_2022,simple_rule,top,5,2046,339,223,14,fixed_rule,sigmoid
wf_2022,simple_rule,top,10,2046,441,223,24,fixed_rule,sigmoid
wf_2022,simple_rule,top,20,2046,604,223,44,fixed_rule,sigmoid
wf_2022,simple_rule,bottom,5,2046,284,223,19,fixed_rule,sigmoid
wf_2022,simple_rule,bottom,10,2046,397,223,24,fixed_rule,sigmoid
wf_2022,simple_rule,bottom,20,2046,581,223,34,fixed_rule,sigmoid
wf_2022,elastic_net,top,5,2046,339,223,14,fitted,sigmoid
wf_2022,elastic_net,top,10,2046,441,223,24,fitted,sigmoid
wf_2022,elastic_net,top,20,2046,604,223,44,fitted,sigmoid
wf_2022,elastic_net,bottom,5,2046,284,223,19,fitted,sigmoid
wf_2022,elastic_net,bottom,10,2046,397,223,24,fitted,sigmoid
wf_2022,elastic_net,bottom,20,2046,581,223,34,fitted,sigmoid
wf_2022,shallow_xgboost,top,5,2046,339,223,14,fitted,sigmoid
wf_2022,shallow_xgboost,top,10,2046,441,223,24,fitted,sigmoid
wf_2022,shallow_xgboost,top,20,2046,604,223,44,fitted,sigmoid
wf_2022,shallow_xgboost,bottom,5,2046,284,223,19,fitted,sigmoid
wf_2022,shallow_xgboost,bottom,10,2046,397,223,24,fitted,sigmoid
wf_2022,shallow_xgboost,bottom,20,2046,581,223,34,fitted,sigmoid
wf_2023,simple_rule,top,5,2289,353,222,16,fixed_rule,sigmoid
wf_2023,simple_rule,top,10,2289,465,222,21,fixed_rule,sigmoid
wf_2023,simple_rule,top,20,2289,648,222,31,fixed_rule,sigmoid
wf_2023,simple_rule,bottom,5,2289,303,222,26,fixed_rule,sigmoid
wf_2023,simple_rule,bottom,10,2289,421,222,39,fixed_rule,sigmoid
wf_2023,simple_rule,bottom,20,2289,615,222,59,fixed_rule,sigmoid
wf_2023,elastic_net,top,5,2289,353,222,16,fitted,sigmoid
wf_2023,elastic_net,top,10,2289,465,222,21,fitted,sigmoid
wf_2023,elastic_net,top,20,2289,648,222,31,fitted,sigmoid
wf_2023,elastic_net,bottom,5,2289,303,222,26,fitted,sigmoid
wf_2023,elastic_net,bottom,10,2289,421,222,39,fitted,sigmoid
wf_2023,elastic_net,bottom,20,2289,615,222,59,fitted,sigmoid
wf_2023,shallow_xgboost,top,5,2289,353,222,16,fitted,sigmoid
wf_2023,shallow_xgboost,top,10,2289,465,222,21,fitted,sigmoid
wf_2023,shallow_xgboost,top,20,2289,648,222,31,fitted,sigmoid
wf_2023,shallow_xgboost,bottom,5,2289,303,222,26,fitted,sigmoid
wf_2023,shallow_xgboost,bottom,10,2289,421,222,39,fitted,sigmoid
wf_2023,shallow_xgboost,bottom,20,2289,615,222,59,fitted,sigmoid
wf_2024,simple_rule,top,5,2531,389,222,32,fixed_rule,sigmoid
wf_2024,simple_rule,top,10,2531,506,222,37,fixed_rule,sigmoid
wf_2024,simple_rule,top,20,2531,699,222,41,fixed_rule,sigmoid
wf_2024,simple_rule,bottom,5,2531,329,222,0,fixed_rule,constant_validation_class
wf_2024,simple_rule,bottom,10,2531,460,222,0,fixed_rule,constant_validation_class
wf_2024,simple_rule,bottom,20,2531,674,222,0,fixed_rule,constant_validation_class
wf_2024,elastic_net,top,5,2531,389,222,32,fitted,sigmoid
wf_2024,elastic_net,top,10,2531,506,222,37,fitted,sigmoid
wf_2024,elastic_net,top,20,2531,699,222,41,fitted,sigmoid
wf_2024,elastic_net,bottom,5,2531,329,222,0,fitted,constant_validation_class
wf_2024,elastic_net,bottom,10,2531,460,222,0,fitted,constant_validation_class
wf_2024,elastic_net,bottom,20,2531,674,222,0,fitted,constant_validation_class
wf_2024,shallow_xgboost,top,5,2531,389,222,32,fitted,sigmoid
wf_2024,shallow_xgboost,top,10,2531,506,222,37,fitted,sigmoid
wf_2024,shallow_xgboost,top,20,2531,699,222,41,fitted,sigmoid
wf_2024,shallow_xgboost,bottom,5,2531,329,222,0,fitted,constant_validation_class
wf_2024,shallow_xgboost,bottom,10,2531,460,222,0,fitted,constant_validation_class
wf_2024,shallow_xgboost,bottom,20,2531,674,222,0,fitted,constant_validation_class
wf_2025,simple_rule,top,5,2773,421,222,39,fixed_rule,sigmoid
wf_2025,simple_rule,top,10,2773,543,222,54,fixed_rule,sigmoid
wf_2025,simple_rule,top,20,2773,746,222,84,fixed_rule,sigmoid
wf_2025,simple_rule,bottom,5,2773,329,222,31,fixed_rule,sigmoid
wf_2025,simple_rule,bottom,10,2773,460,222,45,fixed_rule,sigmoid
wf_2025,simple_rule,bottom,20,2773,674,222,65,fixed_rule,sigmoid
wf_2025,elastic_net,top,5,2773,421,222,39,fitted,sigmoid
wf_2025,elastic_net,top,10,2773,543,222,54,fitted,sigmoid
wf_2025,elastic_net,top,20,2773,746,222,84,fitted,sigmoid
wf_2025,elastic_net,bottom,5,2773,329,222,31,fitted,sigmoid
wf_2025,elastic_net,bottom,10,2773,460,222,45,fitted,sigmoid
wf_2025,elastic_net,bottom,20,2773,674,222,65,fitted,sigmoid
wf_2025,shallow_xgboost,top,5,2773,421,222,39,fitted,sigmoid
wf_2025,shallow_xgboost,top,10,2773,543,222,54,fitted,sigmoid
wf_2025,shallow_xgboost,top,20,2773,746,222,84,fitted,sigmoid
wf_2025,shallow_xgboost,bottom,5,2773,329,222,31,fitted,sigmoid
wf_2025,shallow_xgboost,bottom,10,2773,460,222,45,fitted,sigmoid
wf_2025,shallow_xgboost,bottom,20,2773,674,222,65,fitted,sigmoid
wf_2026,simple_rule,top,5,3015,460,223,26,fixed_rule,sigmoid
wf_2026,simple_rule,top,10,3015,597,223,31,fixed_rule,sigmoid
wf_2026,simple_rule,top,20,3015,830,223,41,fixed_rule,sigmoid
wf_2026,simple_rule,bottom,5,3015,360,223,17,fixed_rule,sigmoid
wf_2026,simple_rule,bottom,10,3015,505,223,22,fixed_rule,sigmoid
wf_2026,simple_rule,bottom,20,3015,739,223,32,fixed_rule,sigmoid
wf_2026,elastic_net,top,5,3015,460,223,26,fitted,sigmoid
wf_2026,elastic_net,top,10,3015,597,223,31,fitted,sigmoid
wf_2026,elastic_net,top,20,3015,830,223,41,fitted,sigmoid
wf_2026,elastic_net,bottom,5,3015,360,223,17,fitted,sigmoid
wf_2026,elastic_net,bottom,10,3015,505,223,22,fitted,sigmoid
wf_2026,elastic_net,bottom,20,3015,739,223,32,fitted,sigmoid
wf_2026,shallow_xgboost,top,5,3015,460,223,26,fitted,sigmoid
wf_2026,shallow_xgboost,top,10,3015,597,223,31,fitted,sigmoid
wf_2026,shallow_xgboost,top,20,3015,830,223,41,fitted,sigmoid
wf_2026,shallow_xgboost,bottom,5,3015,360,223,17,fitted,sigmoid
wf_2026,shallow_xgboost,bottom,10,3015,505,223,22,fitted,sigmoid
wf_2026,shallow_xgboost,bottom,20,3015,739,223,32,fitted,sigmoid
